{
  "Introduction": {
    "Background": {
      "text": "Bermuda was first settled in 1609 by shipwrecked English colonists heading for Virginia. Self-governing since 1620, Bermuda is the oldest and most populous of the British overseas territories. Vacationing to the island to escape North American winters first developed in Victorian times. Tourism continues to be important to the island's economy, although international business has overtaken it in recent years. Bermuda has also developed into a highly successful offshore financial center. A referendum on independence from the UK was soundly defeated in 1995."
    }
  },
  "Geography": {
    "Location": {
      "text": "North America, group of islands in the North Atlantic Ocean, east of South Carolina (US)"
    },
    "Geographic coordinates": {
      "text": "32 20 N, 64 45 W"
    },
    "Map references": {
      "text": "North America"
    },
    "Area": {
      "total": {
        "text": "54 sq km"
      },
      "land": {
        "text": "54 sq km"
      },
      "water": {
        "text": "0 sq km"
      }
    },
    "Area - comparative": {
      "text": "about one-third the size of Washington, DC"
    },
    "Land boundaries": {
      "text": "0 km"
    },
    "Coastline": {
      "text": "103 km"
    },
    "Maritime claims": {
      "territorial sea": {
        "text": "12 nm"
      },
      "exclusive fishing zone": {
        "text": "200 nm"
      }
    },
    "Climate": {
      "text": "subtropical; mild, humid; gales, strong winds common in winter"
    },
    "Terrain": {
      "text": "low hills separated by fertile depressions"
    },
    "Elevation": {
      "mean elevation": {
        "text": "NA"
      },
      "elevation extremes": {
        "text": "lowest point: Atlantic Ocean 0 m ++ highest point: Town Hill 76 m"
      }
    },
    "Natural resources": {
      "text": "limestone, pleasant climate fostering tourism"
    },
    "Land use": {
      "agricultural land": {
        "text": "14.8% ++ arable land 14.8%; permanent crops 0%; permanent pasture 0%"
      },
      "forest": {
        "text": "20%"
      },
      "other": {
        "text": "65.2% (2011 est.)"
      }
    },
    "Irrigated land": {
      "text": "NA"
    },
    "Population - distribution": {
      "text": "relatively even population distribution throughout"
    },
    "Natural hazards": {
      "text": "hurricanes (June to November)"
    },
    "Environment - current issues": {
      "text": "sustainable development"
    },
    "Geography - note": {
      "text": "consists of about 138 coral islands and islets with ample rainfall, but no rivers or freshwater lakes; some land was leased by the US Government from 1941 to 1995"
    }
  },
  "People and Society": {
    "Population": {
      "text": "70,537 (July 2016 est.)"
    },
    "Nationality": {
      "noun": {
        "text": "Bermudian(s)"
      },
      "adjective": {
        "text": "Bermudian"
      }
    },
    "Ethnic groups": {
      "text": "black 53.8%, white 31%, mixed 7.5%, other 7.1%, unspecified 0.6% (2010 est.)"
    },
    "Languages": {
      "text": "English (official), Portuguese"
    },
    "Religions": {
      "text": "Protestant 46.2% (includes Anglican 15.8%, African Methodist Episcopal 8.6%, Seventh Day Adventist 6.7, Pentecostal 3.5%, Methodist 2.7%, Presbyterian 2.0 %, Church of God 1.6%, Baptist 1.2%, Salvation Army 1.1%, Brethren 1.0%, other Protestant 2.0%), Roman Catholic 14.5%, Jehovah's Witness 1.3%, other Christian 9.1%, Muslim 1%, other 3.9%, none 17.8%, unspecified 6.2% (2010 est.)"
    },
    "Age structure": {
      "0-14 years": {
        "text": "17.17% (male 6,122/female 5,989)"
      },
      "15-24 years": {
        "text": "12.15% (male 4,311/female 4,258)"
      },
      "25-54 years": {
        "text": "37.87% (male 13,380/female 13,331)"
      },
      "55-64 years": {
        "text": "15.38% (male 5,109/female 5,741)"
      },
      "65 years and over": {
        "text": "17.43% (male 5,194/female 7,102) (2016 est.)"
      }
    },
    "Median age": {
      "total": {
        "text": "43.2 years"
      },
      "male": {
        "text": "41.4 years"
      },
      "female": {
        "text": "45.1 years (2016 est.)"
      }
    },
    "Population growth rate": {
      "text": "0.47% (2016 est.)"
    },
    "Birth rate": {
      "text": "11.3 births/1,000 population (2016 est.)"
    },
    "Death rate": {
      "text": "8.4 deaths/1,000 population (2016 est.)"
    },
    "Net migration rate": {
      "text": "1.8 migrant(s)/1,000 population (2016 est.)"
    },
    "Population distribution": {
      "text": "relatively even population distribution throughout"
    },
    "Urbanization": {
      "urban population": {
        "text": "100% of total population (2015)"
      },
      "rate of urbanization": {
        "text": "0.19% annual rate of change (2010-15 est.)"
      }
    },
    "Major urban areas - population": {
      "text": "HAMILTON (capital) 10,000 (2014)"
    },
    "Sex ratio": {
      "at birth": {
        "text": "1.02 male(s)/female"
      },
      "0-14 years": {
        "text": "1.02 male(s)/female"
      },
      "15-24 years": {
        "text": "1.01 male(s)/female"
      },
      "25-54 years": {
        "text": "1 male(s)/female"
      },
      "55-64 years": {
        "text": "0.89 male(s)/female"
      },
      "65 years and over": {
        "text": "0.73 male(s)/female"
      },
      "total population": {
        "text": "0.94 male(s)/female (2016 est.)"
      }
    },
    "Infant mortality rate": {
      "total": {
        "text": "2.5 deaths/1,000 live births"
      },
      "male": {
        "text": "2.6 deaths/1,000 live births"
      },
      "female": {
        "text": "2.4 deaths/1,000 live births (2016 est.)"
      }
    },
    "Life expectancy at birth": {
      "total population": {
        "text": "81.3 years"
      },
      "male": {
        "text": "78.1 years"
      },
      "female": {
        "text": "84.5 years (2016 est.)"
      }
    },
    "Total fertility rate": {
      "text": "1.94 children born/woman (2016 est.)"
    },
    "HIV/AIDS - adult prevalence rate": {
      "text": "NA"
    },
    "HIV/AIDS - people living with HIV/AIDS": {
      "text": "NA"
    },
    "HIV/AIDS - deaths": {
      "text": "NA"
    },
    "Education expenditures": {
      "text": "1.8% of GDP (2014)"
    },
    "School life expectancy (primary to tertiary education)": {
      "total": {
        "text": "12 years"
      },
      "male": {
        "text": "11 years"
      },
      "female": {
        "text": "12 years (2014)"
      }
    },
    "Unemployment, youth ages 15-24": {
      "total": {
        "text": "35.7%"
      },
      "male": {
        "text": "34.8%"
      },
      "female": {
        "text": "36.5% (2012 est.)"
      }
    }
  },
  "Government": {
    "Country name": {
      "conventional long form": {
        "text": "none"
      },
      "conventional short form": {
        "text": "Bermuda"
      },
      "former": {
        "text": "Somers Islands"
      },
      "etymology": {
        "text": "the islands making up Bermuda are named after Juan de BERMUDEZ, an early 16th century Spanish sea captain and the first European explorer of the archipelago"
      }
    },
    "Dependency status": {
      "text": "overseas territory of the UK"
    },
    "Government type": {
      "text": "parliamentary democracy (Parliament); self-governing overseas territory of the UK"
    },
    "Capital": {
      "name": {
        "text": "Hamilton"
      },
      "geographic coordinates": {
        "text": "32 17 N, 64 47 W"
      },
      "time difference": {
        "text": "UTC-4 (1 hour ahead of Washington, DC, during Standard Time)"
      },
      "daylight saving time": {
        "text": "+1hr, begins second Sunday in March; ends first Sunday in November"
      }
    },
    "Administrative divisions": {
      "text": "9 parishes and 2 municipalities*; Devonshire, Hamilton, Hamilton*, Paget, Pembroke, Saint George*, Saint George's, Sandys, Smith's, Southampton, Warwick"
    },
    "Independence": {
      "text": "none (overseas territory of the UK)"
    },
    "National holiday": {
      "text": "Bermuda Day, 24 May"
    },
    "Constitution": {
      "text": "several previous (dating to 1684); latest entered into force 8 June 1968; amended several times, last in 2012 (2016)"
    },
    "Legal system": {
      "text": "English common law"
    },
    "International law organization participation": {
      "text": "has not submitted an ICJ jurisdiction declaration; non-party state to the ICCt"
    },
    "Citizenship": {
      "citizenship by birth": {
        "text": "no"
      },
      "citizenship by descent only": {
        "text": "at least one parent must be a citizen of the UK"
      },
      "dual citizenship recognized": {
        "text": "yes"
      },
      "residency requirement for naturalization": {
        "text": "10 years"
      }
    },
    "Suffrage": {
      "text": "18 years of age; universal"
    },
    "Executive branch": {
      "chief of state": {
        "text": "Queen ELIZABETH II (since 6 February 1952); represented by Governor George FERGUSSON (since 23 May 2012)"
      },
      "head of government": {
        "text": "Premier Michael DUNKLEY (since 20 May 2014)"
      },
      "cabinet": {
        "text": "Cabinet nominated by the premier, appointed by the governor"
      },
      "elections/appointments": {
        "text": "the monarchy is hereditary; governor appointed by the monarch; following legislative elections, the leader of the majority party or majority coalition usually appointed premier by the governor"
      }
    },
    "Legislative branch": {
      "description": {
        "text": "bicameral Parliament consists of the Senate (11 seats; members appointed - 3 by the governor, 5 by the premier, and 3 by the opposition party; members serve 5-year terms) and the House of Assembly (36 seats; members directly elected in single-seat constituencies by simple majority vote to serve up to 5-year terms)"
      },
      "elections": {
        "text": "last held on 17 December 2012 (next to be held not later than 2017)"
      },
      "election results": {
        "text": "percent of vote by party - OBA 51.7%, PLP 46.1%, other 2.2%; seats by party - OBA 19, PLP 17"
      }
    },
    "Judicial branch": {
      "highest resident court(s)": {
        "text": "Court of Appeal (consists of the court president and at least 2 justices); Supreme Court (consists of the chief justice, 4 puisne judges, and 1 associate justice); note - the Judicial Committee of the Privy Council, in London, is the court of final appeal"
      },
      "judge selection and term of office": {
        "text": "Court of Appeal justice appointed by the governor; justice tenure by individual appointment; Supreme Court judges nominated by the Judicial and Legal Services Commission and appointed by the governor; judge tenure based on terms of appointment"
      },
      "subordinate courts": {
        "text": "commercial court (began in 2006); magistrates' courts"
      }
    },
    "Political parties and leaders": {
      "text": "One Bermuda Alliance or OBA [Thad HOLLIS] ++ Progressive Labor Party or PLP [Marc BEAN]"
    },
    "Political pressure groups and leaders": {
      "text": "Association of Bermuda Insurers and Reinsurers or ABIR [Bradley KADING] ++ Association of Bermuda International Companies or ABIC [George HUTCHINGS] ++ Bermuda Employer's Council [Keith JENSEN] ++ Bermuda Industrial Union or BIU [Chris Furbert] ++ Bermuda Public Services Union or BPSU [Kevin GRANT and Ed BALL] ++ Bermuda Union of Teachers [Michael CHARLES]"
    },
    "International organization participation": {
      "text": "Caricom (associate), ICC (NGOs), Interpol (subbureau), IOC, ITUC (NGOs), UPU, WCO"
    },
    "Diplomatic representation in the US": {
      "text": "none (overseas territory of the UK)"
    },
    "Diplomatic representation from the US": {
      "chief of mission": {
        "text": "Consul General Robert SETTJE (since August 2012)"
      },
      "consulate(s) general": {
        "text": "Crown Hill, 16 Middle Road, Devonshire DVO3"
      },
      "mailing address": {
        "text": "P. O. Box HM325, Hamilton HMBX; American Consulate General Hamilton, US Department of State, 5300 Hamilton Place, Washington, DC 20520-5300"
      },
      "telephone": {
        "text": "[1] (441) 295-1342"
      },
      "FAX": {
        "text": "[1] (441) 295-1592, 296-9233"
      }
    },
    "Flag description": {
      "text": "red, with the flag of the UK in the upper hoist-side quadrant and the Bermudian coat of arms (a white shield with a red lion standing on a green grassy field holding a scrolled shield showing the sinking of the ship Sea Venture off Bermuda in 1609) centered on the outer half of the flag; it was the shipwreck of the vessel, filled with English colonists originally bound for Virginia, that led to the settling of Bermuda",
      "note": {
        "text": "the flag is unusual in that it is only British overseas territory that uses a red ensign, all others use blue"
      }
    },
    "National symbol(s)": {
      "text": "red lion"
    },
    "National anthem": {
      "name": {
        "text": "\"Hail to Bermuda\""
      },
      "lyrics/music": {
        "text": "Bette JOHNS"
      },
      "note": {
        "text": "serves as a local anthem; as a territory of the United Kingdom, \"God Save the Queen\" is official (see United Kingdom)"
      }
    }
  },
  "Economy": {
    "Economy - overview": {
      "text": "Tourism accounts for about 5% of Bermuda's GDP, but a much larger share of employment. Over 80% of its visitors come from the US. The sector struggled in the wake of the global recession of 2008-09. International business, which consists primarily of reinsurance and other financial services, is the real bedrock of Bermuda's economy, consistently accounting for about 85% of the island's GDP. Even this sector, however, has lost roughly 5,000 high-paying expatriate jobs since 2008, weighing heavily on household consumption and retail sales. Bermuda must import almost everything. Agriculture and industry are limited due to the small size of the island. ++  ++ Bermuda's economy entered its seventh straight year of recession in 2015. Unemployment is 9%, public debt is growing and exceeds $2.3 billion, the government pension fund faces a $2.4 billion shortfall, and the economy has not attracted significant amounts of new foreign investment. Bermuda's FY 2015-16 budget projects a 12% larger deficit than FY14/15. The government announced it would borrow $125 million in 2015 to meet current operating expenses. Still, Bermuda enjoys the fourth highest per capita income in the world, about 70% higher than that of the US."
    },
    "GDP (purchasing power parity)": {
      "text": "$5.198 billion (2013 est.) ++ $5.331 billion (2012 est.) ++ $5.6 billion (2011 est.)"
    },
    "GDP (official exchange rate)": {
      "text": "$5.198 billion (2013 est.)"
    },
    "GDP - real growth rate": {
      "text": "-2.5% (2013 est.) ++ -4.8% (2012) ++ -3.5% (2011 est.)"
    },
    "GDP - per capita (PPP)": {
      "text": "$85,700 (2013 est.) ++ $85,400 (2012 est.) ++ $86,000 (2011 est.)"
    },
    "GDP - composition, by end use": {
      "household consumption": {
        "text": "50.6%"
      },
      "government consumption": {
        "text": "15.3%"
      },
      "investment in fixed capital": {
        "text": "10.5%"
      },
      "investment in inventories": {
        "text": "0%"
      },
      "exports of goods and services": {
        "text": "46.1%"
      },
      "imports of goods and services": {
        "text": "-22.6% (2015 est.)"
      }
    },
    "GDP - composition, by sector of origin": {
      "agriculture": {
        "text": "0.7%"
      },
      "industry": {
        "text": "5.8%"
      },
      "services": {
        "text": "93.4% (2015 est.)"
      }
    },
    "Agriculture - products": {
      "text": "bananas, vegetables, citrus, flowers; dairy products, honey"
    },
    "Industries": {
      "text": "international business, tourism, light manufacturing"
    },
    "Industrial production growth rate": {
      "text": "2.2% (2015 est.)"
    },
    "Labor force": {
      "text": "33,490 (2014 est.)"
    },
    "Labor force - by occupation": {
      "agriculture": {
        "text": "2%"
      },
      "industry": {
        "text": "15%"
      },
      "services": {
        "text": "83% (2013 est.)"
      }
    },
    "Unemployment rate": {
      "text": "9% (2014 est.) ++ 7% (2013)"
    },
    "Population below poverty line": {
      "text": "11% (2008 est.)"
    },
    "Household income or consumption by percentage share": {
      "lowest 10%": {
        "text": "NA%"
      },
      "highest 10%": {
        "text": "NA%"
      }
    },
    "Budget": {
      "revenues": {
        "text": "$897.3 million"
      },
      "expenditures": {
        "text": "$1.143 billion (2015 est.)"
      }
    },
    "Taxes and other revenues": {
      "text": "17.3% of GDP (2015 est.)"
    },
    "Budget surplus (+) or deficit (-)": {
      "text": "-4.7% of GDP (2015 est.)"
    },
    "Public debt": {
      "text": "43% of GDP (FY14/15)"
    },
    "Fiscal year": {
      "text": "1 April - 31 March"
    },
    "Inflation rate (consumer prices)": {
      "text": "1.4% (2015 est.) ++ 2% (2014 est.)"
    },
    "Stock of narrow money": {
      "text": "$3.374 billion (30 September 2014 est.) ++ $3.422 billion (31 December 2013 est.)",
      "note": {
        "text": "figures do not include US dollars, which also circulate freely"
      }
    },
    "Stock of broad money": {
      "text": "$22.1 billion (30 September 2014 est.) ++ $25.1 billion (31 December 2013 est.)"
    },
    "Stock of domestic credit": {
      "text": "$NA ++ "
    },
    "Market value of publicly traded shares": {
      "text": "$1.487 billion (31 December 2015 est.) ++ $1.436 billion (31 December 2014 est.) ++ $1.535 billion (31 December 2013 est.)"
    },
    "Exports": {
      "text": "$19 million (2015 est.) ++ $22 million (2014 est.)"
    },
    "Exports - commodities": {
      "text": "reexports of pharmaceuticals"
    },
    "Exports - partners": {
      "text": "US 14.4%, Iceland 13.7%, Spain 6.8%, UK 5.8%, Mauritius 5.6% (2015)"
    },
    "Imports": {
      "text": "$934 million (2015 est.) ++ $969 million (2014 est.)"
    },
    "Imports - commodities": {
      "text": "clothing, fuels, machinery and transport equipment, construction materials, chemicals, food and live animals"
    },
    "Imports - partners": {
      "text": "South Korea 49.5%, US 14.6%, Germany 11.4%, China 9%, Turkmenistan 5.2% (2015)"
    },
    "Debt - external": {
      "text": "$2.435 billion (2015 est.) ++ $1.4 billion (2012 est.)"
    },
    "Stock of direct foreign investment - at home": {
      "text": "$2.641 billion (2014 est.) ++ $2.664 billion (2013 est.)"
    },
    "Stock of direct foreign investment - abroad": {
      "text": "$889 million (2014 est.) ++ $NA (2013 est.)"
    },
    "Exchange rates": {
      "text": "Bermudian dollars (BMD) per US dollar - ++ 1 (2015 est.) ++ 1 (2014 est.) ++ 1 (2013 est.) ++ 1 (2012 est.)"
    }
  },
  "Energy": {
    "Electricity access": {
      "electrification - total population": {
        "text": "100% (2016)"
      }
    },
    "Electricity - production": {
      "text": "600 million kWh (2014 est.)"
    },
    "Electricity - consumption": {
      "text": "600 million kWh (2014 est.)"
    },
    "Electricity - exports": {
      "text": "0 kWh (2013 est.)"
    },
    "Electricity - imports": {
      "text": "0 kWh (2013 est.)"
    },
    "Electricity - installed generating capacity": {
      "text": "167,400 kW (2014 est.)"
    },
    "Electricity - from fossil fuels": {
      "text": "98.2% of total installed capacity (2014 est.)"
    },
    "Electricity - from nuclear fuels": {
      "text": "0% of total installed capacity (2014 est.)"
    },
    "Electricity - from hydroelectric plants": {
      "text": "0% of total installed capacity (2014 est.)"
    },
    "Electricity - from other renewable sources": {
      "text": "1.8% of total installed capacity",
      "note": {
        "text": "the Tynes Bay Waste Treatment Facility turns waste to electric energy (2014 est.)"
      }
    },
    "Crude oil - production": {
      "text": "0 bbl/day (2015 est.)"
    },
    "Crude oil - exports": {
      "text": "0 bbl/day (2013 est.)"
    },
    "Crude oil - imports": {
      "text": "0 bbl/day (2014 est.)"
    },
    "Crude oil - proved reserves": {
      "text": "0 bbl (1 January 2016 es)"
    },
    "Refined petroleum products - production": {
      "text": "0 bbl/day (2013 est.)"
    },
    "Refined petroleum products - consumption": {
      "text": "3,300 bbl/day (2014 est.)"
    },
    "Refined petroleum products - exports": {
      "text": "0 bbl/day (2014 est.)"
    },
    "Refined petroleum products - imports": {
      "text": "889.3 bbl/day (2015 est.)"
    },
    "Natural gas - production": {
      "text": "0 cu m (2014 est.)"
    },
    "Natural gas - consumption": {
      "text": "0 cu m (2013 est.)"
    },
    "Natural gas - exports": {
      "text": "0 cu m (2013 est.)"
    },
    "Natural gas - imports": {
      "text": "0 cu m (2014 est.)"
    },
    "Natural gas - proved reserves": {
      "text": "0 cu m (1 January 2014 es)"
    },
    "Carbon dioxide emissions from consumption of energy": {
      "text": "600,000 Mt (2013 est.)"
    }
  },
  "Communications": {
    "Telephones - fixed lines": {
      "total subscriptions": {
        "text": "29,200"
      },
      "subscriptions per 100 inhabitants": {
        "text": "42 (July 2014 est.)"
      }
    },
    "Telephones - mobile cellular": {
      "total": {
        "text": "59,500"
      },
      "subscriptions per 100 inhabitants": {
        "text": "85 (July 2014 est.)"
      }
    },
    "Telephone system": {
      "general assessment": {
        "text": "a good, fully automatic digital telephone system with fiber-optic trunk lines"
      },
      "domestic": {
        "text": "the system has a high fixed-line teledensity coupled with a mobile-cellular teledensity of roughly 125 per 100 persons"
      },
      "international": {
        "text": "country code - 1-441; landing points for the GlobeNet, Gemini Bermuda, CBUS, and the Challenger Bermuda-1 (CB-1) submarine cables; satellite earth stations - 3 (2015)"
      }
    },
    "Broadcast media": {
      "text": "3 TV stations; cable and satellite TV subscription services are available; roughly 13 radio stations operating (2012)"
    },
    "Internet country code": {
      "text": ".bm"
    },
    "Internet users": {
      "total": {
        "text": "69,000"
      },
      "percent of population": {
        "text": "98.3% (July 2015 est.)"
      }
    }
  },
  "Transportation": {
    "Civil aircraft registration country code prefix": {
      "text": "VP-B (2016)"
    },
    "Airports": {
      "text": "1 (2013)"
    },
    "Airports - with paved runways": {
      "total": {
        "text": "1"
      },
      "2,438 to 3,047 m": {
        "text": "1 (2013)"
      }
    },
    "Roadways": {
      "total": {
        "text": "447 km"
      },
      "paved": {
        "text": "447 km"
      },
      "note": {
        "text": "225 km public roads; 222 km private roads (2010)"
      }
    },
    "Merchant marine": {
      "total": {
        "text": "139"
      },
      "by type": {
        "text": "bulk carrier 22, chemical tanker 3, container 14, liquefied gas 43, passenger 27, passenger/cargo 2, petroleum tanker 19, refrigerated cargo 9"
      },
      "foreign-owned": {
        "text": "105 (France 1, Germany 14, Greece 8, Hong Kong 4, Ireland 1, Israel 3, Japan 2, Monaco 2, Nigeria 11, Norway 5, Sweden 14, UK 14, US 26)"
      },
      "registered in other countries": {
        "text": "241 (Bahamas 15, Cyprus 1, France 5, Greece 3, Hong Kong 20, Isle of Man 7, Liberia 4, Malta 15, Marshall Islands 35, Netherlands 1, Norway 24, Panama 27, Philippines 47, Saint Vincent and the Grenadines 1, Singapore 25, UK 6, US 5) (2010)"
      }
    },
    "Ports and terminals": {
      "major seaport(s)": {
        "text": "Hamilton, Ireland Island, Saint George"
      }
    }
  },
  "Military and Security": {
    "Military branches": {
      "text": "Bermuda Regiment (2012)"
    },
    "Military service age and obligation": {
      "text": "18-45 years of age for voluntary male or female enlistment in the Bermuda Regiment; males must register at age 18 and may be subject to conscription; term of service is 38 months for volunteers or conscripts (2012)"
    },
    "Military - note": {
      "text": "defense is the responsibility of the UK"
    }
  },
  "Transnational Issues": {
    "Disputes - international": {
      "text": "none"
    }
  }
}