{
  "Introduction": {
    "Background": {
      "text": "First settled by the French in the early 17th century, the islands represent the sole remaining vestige of France's once vast North American possessions."
    }
  },
  "Geography": {
    "Location": {
      "text": "Northern North America, islands in the North Atlantic Ocean, south of Newfoundland (Canada)"
    },
    "Geographic coordinates": {
      "text": "46 50 N, 56 20 W"
    },
    "Map references": {
      "text": "North America"
    },
    "Area": {
      "total": {
        "text": "242 sq km"
      },
      "land": {
        "text": "242 sq km"
      },
      "water": {
        "text": "0 sq km"
      },
      "note": {
        "text": "includes eight small islands in the Saint Pierre and the Miquelon groups"
      }
    },
    "Area - comparative": {
      "text": "one and half times the size of Washington, DC"
    },
    "Land boundaries": {
      "text": "0 km"
    },
    "Coastline": {
      "text": "120 km"
    },
    "Maritime claims": {
      "territorial sea": {
        "text": "12 nm"
      },
      "exclusive economic zone": {
        "text": "200 nm"
      }
    },
    "Climate": {
      "text": "cold and wet, with considerable mist and fog; spring and autumn are often windy"
    },
    "Terrain": {
      "text": "mostly barren rock"
    },
    "Elevation": {
      "mean elevation": {
        "text": "NA"
      },
      "elevation extremes": {
        "text": "lowest point: Atlantic Ocean 0 m ++ highest point: Morne de la Grande Montagne 240 m"
      }
    },
    "Natural resources": {
      "text": "fish, deepwater ports"
    },
    "Land use": {
      "agricultural land": {
        "text": "8.7% ++ arable land 8.7%; permanent crops 0%; permanent pasture 0%"
      },
      "forest": {
        "text": "12.5%"
      },
      "other": {
        "text": "78.8% (2011 est.)"
      }
    },
    "Irrigated land": {
      "text": "0 sq km (2012)"
    },
    "Population - distribution": {
      "text": "most of the population is found on Saint Pierre Island; a small settlement is located on the north end of Miquelon Island"
    },
    "Natural hazards": {
      "text": "persistent fog throughout the year can be a maritime hazard"
    },
    "Environment - current issues": {
      "text": "recent test drilling for oil in waters around Saint Pierre and Miquelon may bring future development that would impact the environment"
    },
    "Geography - note": {
      "text": "vegetation scanty; the islands are actually part of the northern Appalachians along with Newfoundland"
    }
  },
  "People and Society": {
    "Population": {
      "text": "5,595 (July 2016 est.)"
    },
    "Nationality": {
      "noun": {
        "text": "Frenchman(men), Frenchwoman(women)"
      },
      "adjective": {
        "text": "French"
      }
    },
    "Ethnic groups": {
      "text": "Basques and Bretons (French fishermen)"
    },
    "Languages": {
      "text": "French (official)"
    },
    "Religions": {
      "text": "Roman Catholic 99%, other 1%"
    },
    "Age structure": {
      "0-14 years": {
        "text": "15.57% (male 449/female 422)"
      },
      "15-24 years": {
        "text": "9.06% (male 263/female 244)"
      },
      "25-54 years": {
        "text": "42.29% (male 1,165/female 1,201)"
      },
      "55-64 years": {
        "text": "13.6% (male 399/female 362)"
      },
      "65 years and over": {
        "text": "19.48% (male 456/female 634) (2016 est.)"
      }
    },
    "Median age": {
      "total": {
        "text": "45.9 years"
      },
      "male": {
        "text": "45.4 years"
      },
      "female": {
        "text": "46.3 years (2016 est.)"
      }
    },
    "Population growth rate": {
      "text": "-1.09% (2016 est.)"
    },
    "Birth rate": {
      "text": "7.2 births/1,000 population (2016 est.)"
    },
    "Death rate": {
      "text": "9.8 deaths/1,000 population (2016 est.)"
    },
    "Net migration rate": {
      "text": "-8.2 migrant(s)/1,000 population (2016 est.)"
    },
    "Population distribution": {
      "text": "most of the population is found on Saint Pierre Island; a small settlement is located on the north end of Miquelon Island"
    },
    "Urbanization": {
      "urban population": {
        "text": "90.4% of total population (2015)"
      },
      "rate of urbanization": {
        "text": "0.1% annual rate of change (2010-15 est.)"
      }
    },
    "Major urban areas - population": {
      "text": "SAINT-PIERRE (capital) 5,000 (2014)"
    },
    "Sex ratio": {
      "at birth": {
        "text": "1.05 male(s)/female"
      },
      "0-14 years": {
        "text": "1.06 male(s)/female"
      },
      "15-24 years": {
        "text": "1.08 male(s)/female"
      },
      "25-54 years": {
        "text": "0.97 male(s)/female"
      },
      "55-64 years": {
        "text": "1.1 male(s)/female"
      },
      "65 years and over": {
        "text": "0.72 male(s)/female"
      },
      "total population": {
        "text": "0.95 male(s)/female (2016 est.)"
      }
    },
    "Infant mortality rate": {
      "total": {
        "text": "6.6 deaths/1,000 live births"
      },
      "male": {
        "text": "7.7 deaths/1,000 live births"
      },
      "female": {
        "text": "5.5 deaths/1,000 live births (2016 est.)"
      }
    },
    "Life expectancy at birth": {
      "total population": {
        "text": "80.5 years"
      },
      "male": {
        "text": "78.2 years"
      },
      "female": {
        "text": "83 years (2016 est.)"
      }
    },
    "Total fertility rate": {
      "text": "1.57 children born/woman (2016 est.)"
    },
    "HIV/AIDS - adult prevalence rate": {
      "text": "NA"
    },
    "HIV/AIDS - people living with HIV/AIDS": {
      "text": "NA"
    },
    "HIV/AIDS - deaths": {
      "text": "NA"
    }
  },
  "Government": {
    "Country name": {
      "conventional long form": {
        "text": "Territorial Collectivity of Saint Pierre and Miquelon"
      },
      "conventional short form": {
        "text": "Saint Pierre and Miquelon"
      },
      "local long form": {
        "text": "Departement de Saint-Pierre et Miquelon"
      },
      "local short form": {
        "text": "Saint-Pierre et Miquelon"
      },
      "etymology": {
        "text": "Saint-Pierre is named after Saint PETER, the patron saint of fishermen; Miquelon may be a corruption of the Basque name Mikelon"
      }
    },
    "Dependency status": {
      "text": "self-governing territorial overseas collectivity of France"
    },
    "Government type": {
      "text": "parliamentary democracy (Territorial Council); overseas collectivity of France"
    },
    "Capital": {
      "name": {
        "text": "Saint-Pierre"
      },
      "geographic coordinates": {
        "text": "46 46 N, 56 11 W"
      },
      "time difference": {
        "text": "UTC-3 (2 hours ahead of Washington, DC, during Standard Time)"
      },
      "daylight saving time": {
        "text": "+1hr, begins second Sunday in March; ends first Sunday in November"
      }
    },
    "Administrative divisions": {
      "text": "none (territorial overseas collectivity of France); note - there are no first-order administrative divisions as defined by the US Government, but there are 2 communes at the second order - Saint Pierre, Miquelon"
    },
    "Independence": {
      "text": "none (territorial collectivity of France; has been under French control since 1763)"
    },
    "National holiday": {
      "text": "Fete de la Federation, 14 July (1789)"
    },
    "Constitution": {
      "text": "4 October 1958 (French Constitution)"
    },
    "Legal system": {
      "text": "French civil law"
    },
    "Citizenship": {
      "text": "see France"
    },
    "Suffrage": {
      "text": "18 years of age; universal"
    },
    "Executive branch": {
      "chief of state": {
        "text": "President Francois HOLLANDE (since 15 May 2012); represented by Prefect Jean-Christophe BOUVIER (since September 2014)"
      },
      "head of government": {
        "text": "President of Territorial Council Stephane ARTANO (since 21 February 2007)"
      },
      "cabinet": {
        "text": "Le Cabinet du Prefet"
      },
      "elections/appointments": {
        "text": "French president directly elected by absolute majority popular vote in 2 rounds if needed for a 5-year term (eligible for a second term); election last held on 6 May 2012 (next to be held in 2017); prefect appointed by French president on the advice of French Ministry of Interior"
      }
    },
    "Legislative branch": {
      "description": {
        "text": "unicameral Territorial Council or Conseil Territorial (19 seats - 15 from Saint Pierre and 4 from Miquelon; members directly elected in single-seat constituencies by absolute majority vote to serve 6-year terms)"
      },
      "note": {
        "text": "Saint Pierre and Miquelon elect 1 member to the French Senate; elections last held on 28 September 2014 (next to be held not later than September 2017); results - percent of vote by party - NA; seats by party - AD 1 (affiliated with UMP); Saint Pierre and Miquelon also elects 1 member to the French National Assembly; elections last held on 17 June 2012 (next to be held by June 2017); results - percent of vote by party - NA; seats by party - Ensemble pour l'Avenir 1 (affiliated with PRG)"
      },
      "elections": {
        "text": "elections last held on 18 March 2012 (next to be held in March 2018)"
      },
      "election results": {
        "text": "percent of vote by party - AD 52.5%, Ensemble pour l'Avenir 47.5%; seats by party - AD 14, Ensemble pour l'Avenir 5"
      }
    },
    "Judicial branch": {
      "highest court(s)": {
        "text": "Superior Tribunal of Appeals or Tribunal Superieur d'Appel (composition NA)"
      },
      "judge selection and term of office": {
        "text": "judge selection and tenure NA"
      },
      "subordinate courts": {
        "text": "NA"
      }
    },
    "Political parties and leaders": {
      "text": "Archipelago Tomorrow or AD [Stephane ARTANO] (affiliated with UMP) ++ Togerther for the Future (Ensemble pour l'Avenir) [Annick GIRARDIN] (affiliated with PRG)"
    },
    "Political pressure groups and leaders": {
      "text": "NA"
    },
    "International organization participation": {
      "text": "UPU, WFTU (NGOs)"
    },
    "Diplomatic representation in the US": {
      "text": "none (territorial overseas collectivity of France)"
    },
    "Diplomatic representation from the US": {
      "text": "none (territorial overseas collectivity of France)"
    },
    "Flag description": {
      "text": "a yellow three-masted sailing ship facing the hoist side rides on a blue background with scattered, white, wavy lines under the ship; a continuous black-over-white wavy line divides the ship from the white wavy lines; on the hoist side, a vertical band is divided into three parts: the top part (called ikkurina) is red with a green diagonal cross extending to the corners overlaid by a white cross dividing the rectangle into four sections; the middle part has a white background with an ermine pattern; the third part has a red background with two stylized yellow lions outlined in black, one above the other; these three heraldic arms represent settlement by colonists from the Basque Country (top), Brittany, and Normandy; the blue on the main portion of the flag symbolizes the Atlantic Ocean and the stylized ship represents the Grande Hermine in which Jacques Cartier \"discovered\" the islands in 1536",
      "note": {
        "text": "the flag of France used for official occasions"
      }
    },
    "National symbol(s)": {
      "text": "16th-century sailing ship"
    },
    "National anthem": {
      "note": {
        "text": "as a collectivity of France, \"La Marseillaise\" is official (see France)"
      }
    }
  },
  "Economy": {
    "Economy - overview": {
      "text": "The inhabitants have traditionally earned their livelihood by fishing and by servicing fishing fleets operating off the coast of Newfoundland. The economy has been declining, however, because of disputes with Canada over fishing quotas and a steady decline in the number of ships stopping at Saint Pierre. ++  ++ In 1992, an arbitration panel awarded the islands an exclusive economic zone of 12,348 sq km to settle a longstanding territorial dispute with Canada, although it represents only 25% of what France had sought. France heavily subsidizes the islands to the great betterment of living standards. ++  ++ The government hopes an expansion of tourism will boost economic prospects. Fish farming, crab fishing, and agriculture are being developed to diversify the local economy. Recent test drilling for oil may pave the way for development of the energy sector."
    },
    "GDP (purchasing power parity)": {
      "text": "$215.3 million (2006 est.)",
      "note": {
        "text": "supplemented by annual payments from France of about $60 million"
      }
    },
    "GDP (official exchange rate)": {
      "text": "$215.3 million (2006 est.)"
    },
    "GDP - real growth rate": {
      "text": "NA%"
    },
    "GDP - per capita (PPP)": {
      "text": "$34,900 (2006 est.)"
    },
    "GDP - composition, by sector of origin": {
      "agriculture": {
        "text": "2%"
      },
      "industry": {
        "text": "15%"
      },
      "services": {
        "text": "83% (2006 est.)"
      }
    },
    "Agriculture - products": {
      "text": "vegetables; poultry, cattle, sheep, pigs; fish"
    },
    "Industries": {
      "text": "fish processing and supply base for fishing fleets; tourism"
    },
    "Industrial production growth rate": {
      "text": "NA%"
    },
    "Labor force": {
      "text": "3,194 (2006)"
    },
    "Labor force - by occupation": {
      "agriculture": {
        "text": "18%"
      },
      "industry": {
        "text": "41%"
      },
      "services": {
        "text": "41% (1996)"
      }
    },
    "Unemployment rate": {
      "text": "9.9% (2008 est.)"
    },
    "Population below poverty line": {
      "text": "NA%"
    },
    "Household income or consumption by percentage share": {
      "lowest 10%": {
        "text": "NA%"
      },
      "highest 10%": {
        "text": "NA%"
      }
    },
    "Budget": {
      "revenues": {
        "text": "$70 million"
      },
      "expenditures": {
        "text": "$60 million (1996 est.)"
      }
    },
    "Taxes and other revenues": {
      "text": "32.5% of GDP (1996 est.)"
    },
    "Budget surplus (+) or deficit (-)": {
      "text": "4.6% of GDP (1996 est.)"
    },
    "Fiscal year": {
      "text": "calendar year"
    },
    "Inflation rate (consumer prices)": {
      "text": "4.5% (2010) ++ 8.1% (2005)"
    },
    "Exports": {
      "text": "$6.641 million (2010 est.) ++ $5.5 million (2005 est.)"
    },
    "Exports - commodities": {
      "text": "fish and fish products, soybeans, animal feed, mollusks and crustaceans, fox and mink pelts"
    },
    "Imports": {
      "text": "$95.35 million (2010 est.) ++ $68.2 million (2005 est.)"
    },
    "Imports - commodities": {
      "text": "meat, clothing, fuel, electrical equipment, machinery, building materials"
    },
    "Debt - external": {
      "text": "$NA"
    },
    "Exchange rates": {
      "text": "euros (EUR) per US dollar - ++ 0.885 (2015 est.) ++ 0.7525 (2014 est.) ++ 0.7634 (2013 est.) ++ 0.7752 (2012 est.) ++ 0.7185 (2011 est.)"
    }
  },
  "Energy": {
    "Electricity - production": {
      "text": "45 million kWh (2014 est.)"
    },
    "Electricity - consumption": {
      "text": "41.85 million kWh (2014 est.)"
    },
    "Electricity - exports": {
      "text": "0 kWh (2013 est.)"
    },
    "Electricity - imports": {
      "text": "0 kWh (2013 est.)"
    },
    "Electricity - installed generating capacity": {
      "text": "27,600 kW (2014 est.)"
    },
    "Electricity - from fossil fuels": {
      "text": "97.7% of total installed capacity (2012 est.)"
    },
    "Electricity - from nuclear fuels": {
      "text": "0% of total installed capacity (2012 est.)"
    },
    "Electricity - from hydroelectric plants": {
      "text": "0% of total installed capacity (2012 est.)"
    },
    "Electricity - from other renewable sources": {
      "text": "2.3% of total installed capacity (2012 est.)"
    },
    "Crude oil - production": {
      "text": "0 bbl/day (2015 est.)"
    },
    "Crude oil - exports": {
      "text": "0 bbl/day (2013 est.)"
    },
    "Crude oil - imports": {
      "text": "0 bbl/day (2013 est.)"
    },
    "Crude oil - proved reserves": {
      "text": "0 bbl (1 January 2016 es)"
    },
    "Refined petroleum products - production": {
      "text": "0 bbl/day (2013 est.)"
    },
    "Refined petroleum products - consumption": {
      "text": "630 bbl/day (2014 est.)"
    },
    "Refined petroleum products - exports": {
      "text": "0 bbl/day (2013 est.)"
    },
    "Refined petroleum products - imports": {
      "text": "624.9 bbl/day (2013 est.)"
    },
    "Natural gas - production": {
      "text": "0 cu m (2013 est.)"
    },
    "Natural gas - consumption": {
      "text": "0 cu m (2013 est.)"
    },
    "Natural gas - exports": {
      "text": "0 cu m (2013 est.)"
    },
    "Natural gas - imports": {
      "text": "0 cu m (2013 est.)"
    },
    "Natural gas - proved reserves": {
      "text": "0 cu m (1 January 2014 es)"
    },
    "Carbon dioxide emissions from consumption of energy": {
      "text": "200,000 Mt (2013 est.)"
    }
  },
  "Communications": {
    "Telephones - fixed lines": {
      "total subscriptions": {
        "text": "4,800"
      },
      "subscriptions per 100 inhabitants": {
        "text": "80 (July 2010 est.)"
      }
    },
    "Telephone system": {
      "general assessment": {
        "text": "adequate"
      },
      "international": {
        "text": "country code - 508; radiotelephone communication with most countries in the world; satellite earth station - 1 in French domestic satellite system"
      }
    },
    "Broadcast media": {
      "text": "2 TV stations with a third repeater station, all part of the French Overseas Network; radio stations on St. Pierre and on Miquelon are part of the French Overseas Network (2007)"
    },
    "Internet country code": {
      "text": ".pm"
    },
    "Internet users": {
      "total": {
        "text": "4,500"
      },
      "percent of population": {
        "text": "79.5% (July 2015 est.)"
      }
    }
  },
  "Transportation": {
    "Airports": {
      "text": "2 (2013)"
    },
    "Airports - with paved runways": {
      "total": {
        "text": "2"
      },
      "1,524 to 2,437 m": {
        "text": "1"
      },
      "914 to 1,523 m": {
        "text": "1 (2013)"
      }
    },
    "Roadways": {
      "total": {
        "text": "117 km"
      },
      "paved": {
        "text": "80 km"
      },
      "unpaved": {
        "text": "37 km (2009)"
      }
    },
    "Ports and terminals": {
      "major seaport(s)": {
        "text": "Saint-Pierre"
      }
    }
  },
  "Military and Security": {
    "Military - note": {
      "text": "defense is the responsibility of France"
    }
  },
  "Transnational Issues": {
    "Disputes - international": {
      "text": "none"
    }
  }
}