{
  "Introduction": {
    "Background": {
      "text": "Once part of Spain's vast empire in the New World, Honduras became an independent nation in 1821. After two and a half decades of mostly military rule, a freely elected civilian government came to power in 1982. During the 1980s, Honduras proved a haven for anti-Sandinista contras fighting the Marxist Nicaraguan Government and an ally to Salvadoran Government forces fighting leftist guerrillas. The country was devastated by Hurricane Mitch in 1998, which killed about 5,600 people and caused approximately $2 billion in damage. Since then, the economy has slowly rebounded."
    }
  },
  "Geography": {
    "Location": {
      "text": "Central America, bordering the Caribbean Sea, between Guatemala and Nicaragua and bordering the Gulf of Fonseca (North Pacific Ocean), between El Salvador and Nicaragua"
    },
    "Geographic coordinates": {
      "text": "15 00 N, 86 30 W"
    },
    "Map references": {
      "text": "Central America and the Caribbean"
    },
    "Area": {
      "total": {
        "text": "112,090 sq km"
      },
      "land": {
        "text": "111,890 sq km"
      },
      "water": {
        "text": "200 sq km"
      }
    },
    "Area - comparative": {
      "text": "slightly larger than Tennessee"
    },
    "Land boundaries": {
      "total": {
        "text": "1,575 km"
      },
      "border countries": {
        "text": "Guatemala 244 km, El Salvador 391 km, Nicaragua 940 km"
      }
    },
    "Coastline": {
      "text": "823 km (Caribbean Sea 669 km, Gulf of Fonseca 163 km)"
    },
    "Maritime claims": {
      "territorial sea": {
        "text": "12 nm"
      },
      "contiguous zone": {
        "text": "24 nm"
      },
      "exclusive economic zone": {
        "text": "200 nm"
      },
      "continental shelf": {
        "text": "natural extension of territory or to 200 nm"
      }
    },
    "Climate": {
      "text": "subtropical in lowlands, temperate in mountains"
    },
    "Terrain": {
      "text": "mostly mountains in interior, narrow coastal plains"
    },
    "Elevation": {
      "mean elevation": {
        "text": "684 m"
      },
      "elevation extremes": {
        "text": "lowest point: Caribbean Sea 0 m ++ highest point: Cerro Las Minas 2,870 m"
      }
    },
    "Natural resources": {
      "text": "timber, gold, silver, copper, lead, zinc, iron ore, antimony, coal, fish, hydropower"
    },
    "Land use": {
      "agricultural land": {
        "text": "28.8% ++ arable land 9.1%; permanent crops 4%; permanent pasture 15.7%"
      },
      "forest": {
        "text": "45.3%"
      },
      "other": {
        "text": "25.9% (2011 est.)"
      }
    },
    "Irrigated land": {
      "text": "900 sq km (2012)"
    },
    "Population - distribution": {
      "text": "most residents live in the mountainous western half of the country; unlike other Central American nations, Honduras is the only one with an urban population that is distributed between two large centers - the capital of Tegucigalpa and the city of San Pedro Sula; the Rio Ulua valley in the north is the only densely populated lowland area"
    },
    "Natural hazards": {
      "text": "frequent, but generally mild, earthquakes; extremely susceptible to damaging hurricanes and floods along the Caribbean coast"
    },
    "Environment - current issues": {
      "text": "urban population expanding; deforestation results from logging and the clearing of land for agricultural purposes; further land degradation and soil erosion hastened by uncontrolled development and improper land use practices such as farming of marginal lands; mining activities polluting Lago de Yojoa (the country's largest source of fresh water), as well as several rivers and streams, with heavy metals"
    },
    "Environment - international agreements": {
      "party to": {
        "text": "Biodiversity, Climate Change, Climate Change-Kyoto Protocol, Desertification, Endangered Species, Hazardous Wastes, Law of the Sea, Marine Dumping, Ozone Layer Protection, Ship Pollution, Tropical Timber 83, Tropical Timber 94, Wetlands"
      },
      "signed, but not ratified": {
        "text": "none of the selected agreements"
      }
    },
    "Geography - note": {
      "text": "has only a short Pacific coast but a long Caribbean shoreline, including the virtually uninhabited eastern Mosquito Coast"
    }
  },
  "People and Society": {
    "Population": {
      "text": "8,893,259",
      "note": {
        "text": "estimates for this country explicitly take into account the effects of excess mortality due to AIDS; this can result in lower life expectancy, higher infant mortality, higher death rates, lower population growth rates, and changes in the distribution of population by age and sex than would otherwise be expected (July 2016 est.)"
      }
    },
    "Nationality": {
      "noun": {
        "text": "Honduran(s)"
      },
      "adjective": {
        "text": "Honduran"
      }
    },
    "Ethnic groups": {
      "text": "mestizo (mixed Amerindian and European) 90%, Amerindian 7%, black 2%, white 1%"
    },
    "Languages": {
      "text": "Spanish (official), Amerindian dialects"
    },
    "Religions": {
      "text": "Roman Catholic 97%, Protestant 3%"
    },
    "Demographic profile": {
      "text": "Honduras is one of the poorest countries in Latin America and has the world's highest murder rate. More than half of the population lives in poverty and per capita income is one of the lowest in the region. Poverty rates are higher among rural and indigenous people and in the south, west, and along the eastern border than in the north and central areas where most of Honduras' industries and infrastructure are concentrated. The increased productivity needed to break Honduras' persistent high poverty rate depends, in part, on further improvements in educational attainment. Although primary-school enrollment is near 100%, educational quality is poor, the drop-out rate and grade repetition remain high, and teacher and school accountability is low. Honduras' population growth rate has slowed since the 1990s, but it remains high at nearly 2% annually because the birth rate averages approximately three children per woman and more among rural, indigenous, and poor women. Consequently, Honduras' young adult population - ages 15 to 29 - is projected to continue growing rapidly for the next three decades and then stabilize or slowly shrink. Population growth and limited job prospects outside of agriculture will continue to drive emigration. Remittances represent about a fifth of GDP."
    },
    "Age structure": {
      "0-14 years": {
        "text": "33.55% (male 1,524,195/female 1,459,679)"
      },
      "15-24 years": {
        "text": "21.09% (male 956,315/female 918,925)"
      },
      "25-54 years": {
        "text": "36.19% (male 1,627,072/female 1,591,025)"
      },
      "55-64 years": {
        "text": "4.99% (male 207,821/female 235,776)"
      },
      "65 years and over": {
        "text": "4.19% (male 161,734/female 210,717) (2016 est.)"
      }
    },
    "Dependency ratios": {
      "total dependency ratio": {
        "text": "57.8%"
      },
      "youth dependency ratio": {
        "text": "50.1%"
      },
      "elderly dependency ratio": {
        "text": "7.7%"
      },
      "potential support ratio": {
        "text": "13.1% (2015 est.)"
      }
    },
    "Median age": {
      "total": {
        "text": "22.6 years"
      },
      "male": {
        "text": "22.3 years"
      },
      "female": {
        "text": "23 years (2016 est.)"
      }
    },
    "Population growth rate": {
      "text": "1.64% (2016 est.)"
    },
    "Birth rate": {
      "text": "22.8 births/1,000 population (2016 est.)"
    },
    "Death rate": {
      "text": "5.2 deaths/1,000 population (2016 est.)"
    },
    "Net migration rate": {
      "text": "-1.1 migrant(s)/1,000 population (2016 est.)"
    },
    "Population distribution": {
      "text": "most residents live in the mountainous western half of the country; unlike other Central American nations, Honduras is the only one with an urban population that is distributed between two large centers - the capital of Tegucigalpa and the city of San Pedro Sula; the Rio Ulua valley in the north is the only densely populated lowland area"
    },
    "Urbanization": {
      "urban population": {
        "text": "54.7% of total population (2015)"
      },
      "rate of urbanization": {
        "text": "3.14% annual rate of change (2010-15 est.)"
      }
    },
    "Major urban areas - population": {
      "text": "TEGUCIGALPA (capital) 1.123 million; San Pedro Sula 852,000 (2015)"
    },
    "Sex ratio": {
      "at birth": {
        "text": "1.05 male(s)/female"
      },
      "0-14 years": {
        "text": "1.04 male(s)/female"
      },
      "15-24 years": {
        "text": "1.04 male(s)/female"
      },
      "25-54 years": {
        "text": "1.02 male(s)/female"
      },
      "55-64 years": {
        "text": "0.88 male(s)/female"
      },
      "65 years and over": {
        "text": "0.77 male(s)/female"
      },
      "total population": {
        "text": "1.01 male(s)/female (2016 est.)"
      }
    },
    "Mother's mean age at first birth": {
      "text": "20.4",
      "note": {
        "text": "median age a first birth among women 25-29 (2011-12 est.)"
      }
    },
    "Maternal mortality rate": {
      "text": "129 deaths/100,000 live births (2015 est.)"
    },
    "Infant mortality rate": {
      "total": {
        "text": "17.7 deaths/1,000 live births"
      },
      "male": {
        "text": "20 deaths/1,000 live births"
      },
      "female": {
        "text": "15.2 deaths/1,000 live births (2016 est.)"
      }
    },
    "Life expectancy at birth": {
      "total population": {
        "text": "71.1 years"
      },
      "male": {
        "text": "69.5 years"
      },
      "female": {
        "text": "72.8 years (2016 est.)"
      }
    },
    "Total fertility rate": {
      "text": "2.72 children born/woman (2016 est.)"
    },
    "Contraceptive prevalence rate": {
      "text": "73.2% (2011/12)"
    },
    "Health expenditures": {
      "text": "8.7% of GDP (2014)"
    },
    "Physicians density": {
      "text": "0.37 physicians/1,000 population (2005)"
    },
    "Hospital bed density": {
      "text": "0.7 beds/1,000 population (2012)"
    },
    "Drinking water source": {
      "improved": {
        "text": " ++ urban: 97.4% of population ++ rural: 83.8% of population ++ total: 91.2% of population"
      },
      "unimproved": {
        "text": " ++ urban: 2.6% of population ++ rural: 16.2% of population ++ total: 8.8% of population (2015 est.)"
      }
    },
    "Sanitation facility access": {
      "improved": {
        "text": " ++ urban: 86.7% of population ++ rural: 77.7% of population ++ total: 82.6% of population"
      },
      "unimproved": {
        "text": " ++ urban: 13.3% of population ++ rural: 22.3% of population ++ total: 17.4% of population (2015 est.)"
      }
    },
    "HIV/AIDS - adult prevalence rate": {
      "text": "0.37% (2015 est.)"
    },
    "HIV/AIDS - people living with HIV/AIDS": {
      "text": "20,000 (2015 est.)"
    },
    "HIV/AIDS - deaths": {
      "text": "1,000 (2015 est.)"
    },
    "Major infectious diseases": {
      "degree of risk": {
        "text": "high"
      },
      "food or waterborne diseases": {
        "text": "bacterial diarrhea, hepatitis A, and typhoid fever"
      },
      "vectorborne diseases": {
        "text": "dengue fever and malaria"
      },
      "note": {
        "text": "active local transmission of Zika virus by Aedes species mosquitoes has been identified in this country (as of August 2016); it poses an important risk (a large number of cases possible) among US citizens if bitten by an infective mosquito; other less common ways to get Zika are through sex, via blood transfusion, or during pregnancy, in which the pregnant woman passes Zika virus to her fetus (2016)"
      }
    },
    "Obesity - adult prevalence rate": {
      "text": "16.3% (2014)"
    },
    "Children under the age of 5 years underweight": {
      "text": "7.1% (2012)"
    },
    "Education expenditures": {
      "text": "5.9% of GDP (2013)"
    },
    "Literacy": {
      "definition": {
        "text": "age 15 and over can read and write"
      },
      "total population": {
        "text": "88.5%"
      },
      "male": {
        "text": "88.4%"
      },
      "female": {
        "text": "88.6% (2015 est.)"
      }
    },
    "School life expectancy (primary to tertiary education)": {
      "total": {
        "text": "11 years"
      },
      "male": {
        "text": "11 years"
      },
      "female": {
        "text": "12 years (2014)"
      }
    },
    "Child labor - children ages 5-14": {
      "total number": {
        "text": "280,809"
      },
      "percentage": {
        "text": "16% (2002 est.)"
      }
    },
    "Unemployment, youth ages 15-24": {
      "total": {
        "text": "8%"
      },
      "male": {
        "text": "5.5%"
      },
      "female": {
        "text": "13.8% (2011 est.)"
      }
    }
  },
  "Government": {
    "Country name": {
      "conventional long form": {
        "text": "Republic of Honduras"
      },
      "conventional short form": {
        "text": "Honduras"
      },
      "local long form": {
        "text": "Republica de Honduras"
      },
      "local short form": {
        "text": "Honduras"
      },
      "etymology": {
        "text": "the name means \"depths\" in Spanish and refers to the deep anchorage in the northern Bay of Trujillo"
      }
    },
    "Government type": {
      "text": "presidential republic"
    },
    "Capital": {
      "name": {
        "text": "Tegucigalpa"
      },
      "geographic coordinates": {
        "text": "14 06 N, 87 13 W"
      },
      "time difference": {
        "text": "UTC-6 (1 hour behind Washington, DC during Standard Time)"
      },
      "daylight saving time": {
        "text": "none scheduled for 2013"
      }
    },
    "Administrative divisions": {
      "text": "18 departments (departamentos, singular - departamento); Atlantida, Choluteca, Colon, Comayagua, Copan, Cortes, El Paraiso, Francisco Morazan, Gracias a Dios, Intibuca, Islas de la Bahia, La Paz, Lempira, Ocotepeque, Olancho, Santa Barbara, Valle, Yoro"
    },
    "Independence": {
      "text": "15 September 1821 (from Spain)"
    },
    "National holiday": {
      "text": "Independence Day, 15 September (1821)"
    },
    "Constitution": {
      "text": "several previous; latest approved 11 January 1982, effective 20 January 1982; amended many times, last in 2012; note - in 2015, the Honduran Supreme Court struck down several constitutional articles on presidential term limits (2016)"
    },
    "Legal system": {
      "text": "civil law system"
    },
    "International law organization participation": {
      "text": "accepts compulsory ICJ jurisdiction with reservations; accepts ICCt jurisdiction"
    },
    "Citizenship": {
      "citizenship by birth": {
        "text": "yes"
      },
      "citizenship by descent": {
        "text": "yes"
      },
      "dual citizenship recognized": {
        "text": "yes"
      },
      "residency requirement for naturalization": {
        "text": "1 to 3 years"
      }
    },
    "Suffrage": {
      "text": "18 years of age; universal and compulsory"
    },
    "Executive branch": {
      "chief of state": {
        "text": "President Juan Orlando HERNANDEZ Alvarado (since 27 January 2014); Vice Presidents Ricardo ALVAREZ, Rossana GUEVARA, and Lorena HERRERA (since 27 January 2014); note - the president is both chief of state and head of government"
      },
      "head of government": {
        "text": "President Juan Orlando HERNANDEZ Alvarado (since 27 January 2014); Vice Presidents Ricardo ALVAREZ, Rossana GUEVARA, and Lorena HERRERA (since 27 January 2014)"
      },
      "cabinet": {
        "text": "Cabinet appointed by president"
      },
      "elections/appointments": {
        "text": "president directly elected by simple majority popular vote for a single 4-year term; election last held on 24 November 2013 (next to be held in November 2017)"
      },
      "election results": {
        "text": "Juan Orlando HERNANDEZ Alvarado elected president; percent of vote - Juan Orlando HERNANDEZ Alvarado (PNH) 36.9%, Xiomara CASTRO (LIBRE) 28.8%, Mauricio VILLEDA (PL) 20.3%, Salvador NASRALLA (PAC) 13.4%, other 0.6%"
      }
    },
    "Legislative branch": {
      "description": {
        "text": "unicameral National Congress or Congreso Nacional (128 seats; members directly elected in multi-seat constituencies by proportional representation vote; members serve 4-year terms)"
      },
      "elections": {
        "text": "last held on 24 November 2013 (next to be held in November 2017)"
      },
      "election results": {
        "text": "percent of vote by party - PNH 33.6%, LIBRE 27.5%, PL 17.0%, PAC 15.2%, PINU 1.9%, UD 1.7%, DC 1.6%, other 1.5%; seats by party - PNH 48, LIBRE 37, PL 27, PAC 13, PINU 1, UD 1, DC 1"
      }
    },
    "Judicial branch": {
      "highest court(s)": {
        "text": "Supreme Court of Justice or Corte Suprema de Justicia (15 principal judges - including the court president - and 7 alternates; court organized into civil, criminal, and labor chambers); note - the court has both judicial and constitutional jurisdiction"
      },
      "judge selection and term of office": {
        "text": "court president elected by his peers; judges elected by the National Congress from candidates proposed by the Nominating Board, a diverse 7-member group of judicial officials, other government and non-government officials selected by each of their organizations; judges elected by Congress for renewable, 7-year terms"
      },
      "subordinate courts": {
        "text": "courts of appeal; courts of first instance; peace courts"
      }
    },
    "Political parties and leaders": {
      "text": "Anti-Corruption Party or PAC [Salvador NASRALLA] ++ Christian Democratic Party or DC [Felicito AVILA Ordonez] ++ Democratic Unification Party or UD [Cesar HAM] ++ Freedom and Refounding Party or LIBRE [Jose Manuel ZELAYA Rosales] ++ Liberal Party or PL [Mauricio VILLEDA Bermudez] ++ National Party of Honduras or PNH [Gladys Aurora LOPEZ] ++ Social Democratic Innovation and Unity Party or PINU [Jorge Rafael AGUILAR Paredes]"
    },
    "Political pressure groups and leaders": {
      "text": "Beverage and Related Industries Syndicate or STIBYS ++ Committee for the Defense of Human Rights in Honduras or CODEH ++ Commiittee of the Relatives of the Disappeared in Honduras or COFADEH ++ Confederation of Honduran Workers or CTH ++ Coordinating Committee of Popular Organizations or CCOP ++ General Workers Confederation or CGT ++ Honduran Council of Private Enterprise or COHEP ++ National Association of Honduran Campesinos or ANACH ++ National Union of Campesinos or UNC ++ Popular Bloc or BP ++ United Confederation of Honduran Workers or CUTH ++ United Farm Workers' Movement of the Aguan OR MUCA"
    },
    "International organization participation": {
      "text": "BCIE, CACM, CD, CELAC, EITI (candidate country), FAO, G-11, G-77, IADB, IAEA, IBRD, ICAO, ICCt, ICRM, IDA, IFAD, IFC, IFRCS, ILO, IMF, IMO, Interpol, IOC (suspended), IOM, IPU, ISO (subscriber), ITSO, ITU, ITUC (NGOs), LAES, LAIA (observer), MIGA, MINURSO, MINUSTAH, NAM, OAS, OPANAL, OPCW, Pacific Alliance (observer), PCA, Petrocaribe, SICA, UN, UNCTAD, UNESCO, UNIDO, Union Latina, UNWTO, UPU, WCO (suspended), WFTU (NGOs), WHO, WIPO, WMO, WTO"
    },
    "Diplomatic representation in the US": {
      "chief of mission": {
        "text": "Ambassador Jorge Alberto MILLA Reyes (since 21 May 2014)"
      },
      "chancery": {
        "text": "Suite 4-M, 3007 Tilden Street NW, Washington, DC 20008"
      },
      "telephone": {
        "text": "[1] (202) 966-2604"
      },
      "FAX": {
        "text": "[1] (202) 966-9751"
      },
      "consulate(s)": {
        "text": "Dallas, McAllen (TX0"
      },
      "consulate(s) general": {
        "text": "Atlanta, Chicago, Houston, Los Angeles, Miami, New Orleans, New York, San Francisco"
      }
    },
    "Diplomatic representation from the US": {
      "chief of mission": {
        "text": "Ambassador James D. NEALON (since 21 August 2014)"
      },
      "embassy": {
        "text": "Avenida La Paz, Apartado Postal No. 3453, Tegucigalpa"
      },
      "mailing address": {
        "text": "American Embassy, APO AA 34022, Tegucigalpa"
      },
      "telephone": {
        "text": "[504] 2236-9320, 2238-5114"
      },
      "FAX": {
        "text": "[504] 2236-9037"
      }
    },
    "Flag description": {
      "text": "three equal horizontal bands of blue (top), white, and blue, with five blue, five-pointed stars arranged in an X pattern centered in the white band; the stars represent the members of the former Federal Republic of Central America: Costa Rica, El Salvador, Guatemala, Honduras, and Nicaragua; the blue bands symbolize the Pacific Ocean and the Caribbean Sea; the white band represents the land between the two bodies of water and the peace and prosperity of its people",
      "note": {
        "text": "similar to the flag of El Salvador, which features a round emblem encircled by the words REPUBLICA DE EL SALVADOR EN LA AMERICA CENTRAL centered in the white band; also similar to the flag of Nicaragua, which features a triangle encircled by the words REPUBLICA DE NICARAGUA on top and AMERICA CENTRAL on the bottom, centered in the white band"
      }
    },
    "National symbol(s)": {
      "text": "scarlet macaw, white-tailed deer; national colors: blue, white"
    },
    "National anthem": {
      "name": {
        "text": "\"Himno Nacional de Honduras\" (National Anthem of Honduras)"
      },
      "lyrics/music": {
        "text": "Augusto Constancio COELLO/Carlos HARTLING"
      },
      "note": {
        "text": "adopted 1915; the anthem's seven verses chronicle Honduran history; on official occasions, only the chorus and last verse are sung"
      }
    }
  },
  "Economy": {
    "Economy - overview": {
      "text": "Honduras, the second poorest country in Central America, suffers from extraordinarily unequal distribution of income, as well as high underemployment. While historically dependent on the export of bananas and coffee, Honduras has diversified its export base to include apparel and automobile wire harnessing. ++  ++ Honduras’s economy depends heavily on US trade and remittances. The US-Central America-Dominican Republic Free Trade Agreement came into force in 2006 and has helped foster foreign direct investment, but physical and political insecurity, as well as crime and perceptions of corruption, may deter potential investors; about 15% of foreign direct investment is from US firms. ++  ++ The economy registered modest economic growth of 2.6%-4.0% from 2010 to 2015, insufficient to improve living standards for the nearly 65% of the population in poverty. In 2015, Honduras faced rising public debt but its economy has performed better than expected due to low oil prices and improved investor confidence. The IMF continues to monitor the three-year standby arrangement signed in December 2014, aimed at easing Honduras’s poor fiscal position."
    },
    "GDP (purchasing power parity)": {
      "text": "$41.06 billion (2015 est.) ++ $39.62 billion (2014 est.) ++ $38.43 billion (2013 est.)",
      "note": {
        "text": "data are in 2015 US dollars"
      }
    },
    "GDP (official exchange rate)": {
      "text": "$20.3 billion (2015 est.)"
    },
    "GDP - real growth rate": {
      "text": "3.6% (2015 est.) ++ 3.1% (2014 est.) ++ 2.8% (2013 est.)"
    },
    "GDP - per capita (PPP)": {
      "text": "$4,900 (2015 est.) ++ $4,800 (2014 est.) ++ $4,700 (2013 est.)",
      "note": {
        "text": "data are in 2015 US dollars"
      }
    },
    "Gross national saving": {
      "text": "17.7% of GDP (2015 est.) ++ 14.6% of GDP (2014 est.) ++ 12.2% of GDP (2013 est.)"
    },
    "GDP - composition, by end use": {
      "household consumption": {
        "text": "79.7%"
      },
      "government consumption": {
        "text": "15.2%"
      },
      "investment in fixed capital": {
        "text": "23.1%"
      },
      "investment in inventories": {
        "text": "1%"
      },
      "exports of goods and services": {
        "text": "45.1%"
      },
      "imports of goods and services": {
        "text": "-64% (2015 est.)"
      }
    },
    "GDP - composition, by sector of origin": {
      "agriculture": {
        "text": "13.9%"
      },
      "industry": {
        "text": "26.6%"
      },
      "services": {
        "text": "59.5% (2015 est.)"
      }
    },
    "Agriculture - products": {
      "text": "bananas, coffee, citrus, corn, African palm; beef; timber; shrimp, tilapia, lobster, sugar, oriental vegetables"
    },
    "Industries": {
      "text": "sugar, coffee, woven and knit apparel, wood products, cigars"
    },
    "Industrial production growth rate": {
      "text": "3.2% (2015 est.)"
    },
    "Labor force": {
      "text": "3.573 million (2015 est.)"
    },
    "Labor force - by occupation": {
      "agriculture": {
        "text": "39.2%"
      },
      "industry": {
        "text": "20.9%"
      },
      "services": {
        "text": "39.8% (2005 est.)"
      }
    },
    "Unemployment rate": {
      "text": "4.1% (2015 est.) ++ 4.3% (2014 est.)",
      "note": {
        "text": "about one-third of the people are underemployed"
      }
    },
    "Population below poverty line": {
      "text": "60% (2010 est.)"
    },
    "Household income or consumption by percentage share": {
      "lowest 10%": {
        "text": "0.4%"
      },
      "highest 10%": {
        "text": "42.4% (2009 est.)"
      }
    },
    "Distribution of family income - Gini index": {
      "text": "57.7 (2007) ++ 53.8 (2003)"
    },
    "Budget": {
      "revenues": {
        "text": "$3.992 billion"
      },
      "expenditures": {
        "text": "$4.614 billion (2015 est.)"
      }
    },
    "Taxes and other revenues": {
      "text": "19.7% of GDP (2015 est.)"
    },
    "Budget surplus (+) or deficit (-)": {
      "text": "-3.1% of GDP (2015 est.)"
    },
    "Public debt": {
      "text": "45.3% of GDP (2015 est.) ++ 45% of GDP (2014 est.)"
    },
    "Fiscal year": {
      "text": "calendar year"
    },
    "Inflation rate (consumer prices)": {
      "text": "3.2% (2015 est.) ++ 6.1% (2014 est.)"
    },
    "Central bank discount rate": {
      "text": "6.25% (31 December 2010)"
    },
    "Commercial bank prime lending rate": {
      "text": "20.66% (31 December 2015 est.) ++ 20.61% (31 December 2014 est.)"
    },
    "Stock of narrow money": {
      "text": "$2.326 billion (31 December 2015 est.) ++ $2.105 billion (31 December 2014 est.)"
    },
    "Stock of broad money": {
      "text": "$8.087 billion (31 December 2015 est.) ++ $7.538 billion (31 December 2014 est.)"
    },
    "Stock of domestic credit": {
      "text": "$11.84 billion (31 December 2015 est.) ++ $11.41 billion (31 December 2014 est.)"
    },
    "Market value of publicly traded shares": {
      "text": "$NA"
    },
    "Current account balance": {
      "text": "-$1.291 billion (2015 est.) ++ -$1.444 billion (2014 est.)"
    },
    "Exports": {
      "text": "$8.041 billion (2015 est.) ++ $8.072 billion (2014 est.)"
    },
    "Exports - commodities": {
      "text": "coffee, apparel, coffee, shrimp, automobile wire harnesses, cigars, bananas, gold, palm oil, fruit, lobster, lumber"
    },
    "Exports - partners": {
      "text": "US 36%, Germany 8.7%, El Salvador 8.5%, Guatemala 6%, Nicaragua 5.6%, Netherlands 4.1% (2015)"
    },
    "Imports": {
      "text": "$11.1 billion (2015 est.) ++ $11.07 billion (2014 est.)"
    },
    "Imports - commodities": {
      "text": "communications equipment, machinery and transport, industrial raw materials, chemical products, fuels, foodstuffs"
    },
    "Imports - partners": {
      "text": "US 35.2%, China 13.6%, Guatemala 9.2%, Mexico 6.6%, El Salvador 5.1% (2015)"
    },
    "Reserves of foreign exchange and gold": {
      "text": "$3.755 billion (31 December 2015 est.) ++ $3.458 billion (31 December 2014 est.)"
    },
    "Debt - external": {
      "text": "$7.649 billion (31 December 2015 est.) ++ $7.331 billion (31 December 2014 est.)"
    },
    "Exchange rates": {
      "text": "lempiras (HNL) per US dollar - ++ 22.098 (2015 est.) ++ 21.137 (2014 est.) ++ 21.137 (2013 est.) ++ 19.64 (2012 est.) ++ 18.895 (2011 est.)"
    }
  },
  "Energy": {
    "Electricity access": {
      "population without electricity": {
        "text": "900,000"
      },
      "electrification - total population": {
        "text": "82%"
      },
      "electrification - urban areas": {
        "text": "97%"
      },
      "electrification - rural areas": {
        "text": "66% (2013)"
      }
    },
    "Electricity - production": {
      "text": "7.7 billion kWh (2014 est.)"
    },
    "Electricity - consumption": {
      "text": "5.3 billion kWh (2014 est.)"
    },
    "Electricity - exports": {
      "text": "500 million kWh (2014 est.)"
    },
    "Electricity - imports": {
      "text": "800 million kWh (2014 est.)"
    },
    "Electricity - installed generating capacity": {
      "text": "2.1 million kW (2014 est.)"
    },
    "Electricity - from fossil fuels": {
      "text": "60.9% of total installed capacity (2012 est.)"
    },
    "Electricity - from nuclear fuels": {
      "text": "0% of total installed capacity (2012 est.)"
    },
    "Electricity - from hydroelectric plants": {
      "text": "28.7% of total installed capacity (2012 est.)"
    },
    "Electricity - from other renewable sources": {
      "text": "10.4% of total installed capacity (2012 est.)"
    },
    "Crude oil - production": {
      "text": "0 bbl/day (2015 est.)"
    },
    "Crude oil - exports": {
      "text": "0 bbl/day (2013 est.)"
    },
    "Crude oil - imports": {
      "text": "0 bbl/day (2013 est.)"
    },
    "Crude oil - proved reserves": {
      "text": "0 bbl (1 January 2016 es)"
    },
    "Refined petroleum products - production": {
      "text": "0 bbl/day (2013 est.)"
    },
    "Refined petroleum products - consumption": {
      "text": "53,000 bbl/day (2014 est.)"
    },
    "Refined petroleum products - exports": {
      "text": "13,160 bbl/day (2013 est.)"
    },
    "Refined petroleum products - imports": {
      "text": "64,820 bbl/day (2013 est.)"
    },
    "Natural gas - production": {
      "text": "0 cu m (2013 est.)"
    },
    "Natural gas - consumption": {
      "text": "0 cu m (2013 est.)"
    },
    "Natural gas - exports": {
      "text": "0 cu m (2013 est.)"
    },
    "Natural gas - imports": {
      "text": "0 cu m (2013 est.)"
    },
    "Natural gas - proved reserves": {
      "text": "0 cu m (1 January 2014 es)"
    },
    "Carbon dioxide emissions from consumption of energy": {
      "text": "10 million Mt (2013 est.)"
    }
  },
  "Communications": {
    "Telephones - fixed lines": {
      "total subscriptions": {
        "text": "497,072"
      },
      "subscriptions per 100 inhabitants": {
        "text": "6 (July 2015 est.)"
      }
    },
    "Telephones - mobile cellular": {
      "total": {
        "text": "8.048 million"
      },
      "subscriptions per 100 inhabitants": {
        "text": "92 (July 2015 est.)"
      }
    },
    "Telephone system": {
      "general assessment": {
        "text": "fixed-line connections are increasing but still limited; competition among multiple providers of mobile-cellular services is contributing to a sharp increase in subscribership"
      },
      "domestic": {
        "text": "beginning in 2003, private sub-operators allowed to provide fixed lines in order to expand telephone coverage contributing to a small increase in fixed-line teledensity; mobile-cellular subscribership is roughly 90 per 100 persons"
      },
      "international": {
        "text": "country code - 504; landing point for both the Americas Region Caribbean Ring System (ARCOS-1) and the MAYA-1 fiber-optic submarine cable system that together provide connectivity to South and Central America, parts of the Caribbean, and the US; satellite earth stations - 2 Intelsat (Atlantic Ocean); connected to Central American Microwave System (2015)"
      }
    },
    "Broadcast media": {
      "text": "multiple privately owned terrestrial TV networks, supplemented by multiple cable TV networks; Radio Honduras is the lone government-owned radio network; roughly 300 privately owned radio stations (2007)"
    },
    "Internet country code": {
      "text": ".hn"
    },
    "Internet users": {
      "total": {
        "text": "1.781 million"
      },
      "percent of population": {
        "text": "20.4% (July 2015 est.)"
      }
    }
  },
  "Transportation": {
    "National air transport system": {
      "number of registered air carriers": {
        "text": "5"
      },
      "inventory of registered aircraft operated by air carriers": {
        "text": "10"
      },
      "annual passenger traffic on registered air carriers": {
        "text": "251,149"
      },
      "annual freight traffic on registered air carriers": {
        "text": "502,372 mt-km (2015)"
      }
    },
    "Civil aircraft registration country code prefix": {
      "text": "HR (2016)"
    },
    "Airports": {
      "text": "103 (2013)"
    },
    "Airports - with paved runways": {
      "total": {
        "text": "13"
      },
      "2,438 to 3,047 m": {
        "text": "3"
      },
      "1,524 to 2,437 m": {
        "text": "3"
      },
      "914 to 1,523 m": {
        "text": "4"
      },
      "under 914 m": {
        "text": "3 (2013)"
      }
    },
    "Airports - with unpaved runways": {
      "total": {
        "text": "90"
      },
      "1,524 to 2,437 m": {
        "text": "1"
      },
      "914 to 1,523 m": {
        "text": "16"
      },
      "under 914 m": {
        "text": "73 (2013)"
      }
    },
    "Railways": {
      "total": {
        "text": "699 km"
      },
      "narrow gauge": {
        "text": "164 km 1.067-m gauge; 115 km 1.057-m gauge; 420 km 0.914-m gauge (2014)"
      }
    },
    "Roadways": {
      "total": {
        "text": "14,742 km"
      },
      "paved": {
        "text": "3,367 km"
      },
      "unpaved": {
        "text": "11,375 km (1,543 km summer only)"
      },
      "note": {
        "text": "an additional 8,951 km of non-official roads used by the coffee industry (2012)"
      }
    },
    "Waterways": {
      "text": "465 km (most navigable only by small craft) (2012)"
    },
    "Merchant marine": {
      "total": {
        "text": "88"
      },
      "by type": {
        "text": "bulk carrier 5, cargo 39, carrier 2, chemical tanker 5, container 1, passenger 4, passenger/cargo 1, petroleum tanker 21, refrigerated cargo 7, roll on/roll off 3"
      },
      "foreign-owned": {
        "text": "47 (Bahrain 5, Canada 1, Chile 1, China 2, Egypt 2, Greece 4, Israel 1, Japan 4, Lebanon 2, Montenegro 1, Panama 1, Singapore 11, South Korea 6, Taiwan 1, Thailand 2, UAE 1, UK 1, US 1) (2010)"
      }
    },
    "Ports and terminals": {
      "major seaport(s)": {
        "text": "La Ceiba, Puerto Cortes, San Lorenzo, Tela"
      }
    }
  },
  "Military and Security": {
    "Military branches": {
      "text": "Honduran Armed Forces (Fuerzas Armadas de Honduras, FFAA): Army, Navy (includes Naval Infantry), Honduran Air Force (Fuerza Aerea Hondurena, FAH) (2012)"
    },
    "Military service age and obligation": {
      "text": "18 years of age for voluntary 2- to 3-year military service; no conscription (2012)"
    },
    "Military expenditures": {
      "text": "1.05% of GDP (2012) ++ 1.13% of GDP (2011) ++ 1.05% of GDP (2010)"
    }
  },
  "Transnational Issues": {
    "Disputes - international": {
      "text": "International Court of Justice (ICJ) ruled on the delimitation of \"bolsones\" (disputed areas) along the El Salvador-Honduras border in 1992 with final settlement by the parties in 2006 after an Organization of American States survey and a further ICJ ruling in 2003; the 1992 ICJ ruling advised a tripartite resolution to a maritime boundary in the Gulf of Fonseca with consideration of Honduran access to the Pacific; El Salvador continues to claim tiny Conejo Island, not mentioned in the ICJ ruling, off Honduras in the Gulf of Fonseca; Honduras claims the Belizean-administered Sapodilla Cays off the coast of Belize in its constitution, but agreed to a joint ecological park around the cays should Guatemala consent to a maritime corridor in the Caribbean under the OAS-sponsored 2002 Belize-Guatemala Differendum"
    },
    "Refugees and internally displaced persons": {
      "IDPs": {
        "text": "174,000 (violence, extortion, threats, forced recruitment by urban gangs) (2015)"
      }
    },
    "Illicit drugs": {
      "text": "transshipment point for drugs and narcotics; illicit producer of cannabis, cultivated on small plots and used principally for local consumption; corruption is a major problem; some money-laundering activity"
    }
  }
}