{
  "Introduction": {
    "Background": {
      "text": "The island - discovered by Christopher COLUMBUS in 1494 - was settled by the Spanish early in the 16th century. The native Taino, who had inhabited Jamaica for centuries, were gradually exterminated and replaced by African slaves. England seized the island in 1655 and established a plantation economy based on sugar, cocoa, and coffee. The abolition of slavery in 1834 freed a quarter million slaves, many of whom became small farmers. Jamaica gradually increased its independence from Britain. In 1958 it joined other British Caribbean colonies in forming the Federation of the West Indies. Jamaica gained full independence when it withdrew from the Federation in 1962. Deteriorating economic conditions during the 1970s led to recurrent violence as rival gangs affiliated with the major political parties evolved into powerful organized crime networks involved in international drug smuggling and money laundering. Violent crime, drug trafficking, and poverty pose significant challenges to the government today. Nonetheless, many rural and resort areas remain relatively safe and contribute substantially to the economy."
    }
  },
  "Geography": {
    "Location": {
      "text": "Caribbean, island in the Caribbean Sea, south of Cuba"
    },
    "Geographic coordinates": {
      "text": "18 15 N, 77 30 W"
    },
    "Map references": {
      "text": "Central America and the Caribbean"
    },
    "Area": {
      "total": {
        "text": "10,991 sq km"
      },
      "land": {
        "text": "10,831 sq km"
      },
      "water": {
        "text": "160 sq km"
      }
    },
    "Area - comparative": {
      "text": "slightly smaller than Connecticut"
    },
    "Land boundaries": {
      "text": "0 km"
    },
    "Coastline": {
      "text": "1,022 km"
    },
    "Maritime claims": {
      "text": "measured from claimed archipelagic straight baselines",
      "territorial sea": {
        "text": "12 nm"
      },
      "contiguous zone": {
        "text": "24 nm"
      },
      "exclusive economic zone": {
        "text": "200 nm"
      },
      "continental shelf": {
        "text": "200 nm or to edge of the continental margin"
      }
    },
    "Climate": {
      "text": "tropical; hot, humid; temperate interior"
    },
    "Terrain": {
      "text": "mostly mountains, with narrow, discontinuous coastal plain"
    },
    "Elevation": {
      "mean elevation": {
        "text": "18 m"
      },
      "elevation extremes": {
        "text": "lowest point: Caribbean Sea 0 m ++ highest point: Blue Mountain Peak 2,256 m"
      }
    },
    "Natural resources": {
      "text": "bauxite, gypsum, limestone"
    },
    "Land use": {
      "agricultural land": {
        "text": "41.4% ++ arable land 11.1%; permanent crops 9.2%; permanent pasture 21.1%"
      },
      "forest": {
        "text": "31.1%"
      },
      "other": {
        "text": "27.5% (2011 est.)"
      }
    },
    "Irrigated land": {
      "text": "250 sq km (2012)"
    },
    "Population - distribution": {
      "text": "population density is high throughout, but increases in and around Kingston, Montego Bay, and Port Esquivel"
    },
    "Natural hazards": {
      "text": "hurricanes (especially July to November)"
    },
    "Environment - current issues": {
      "text": "heavy rates of deforestation; coastal waters polluted by industrial waste, sewage, and oil spills; damage to coral reefs; air pollution in Kingston from vehicle emissions"
    },
    "Environment - international agreements": {
      "party to": {
        "text": "Biodiversity, Climate Change, Climate Change-Kyoto Protocol, Desertification, Endangered Species, Hazardous Wastes, Law of the Sea, Marine Dumping, Marine Life Conservation, Ozone Layer Protection, Ship Pollution, Wetlands"
      },
      "signed, but not ratified": {
        "text": "none of the selected agreements"
      }
    },
    "Geography - note": {
      "text": "strategic location between Cayman Trench and Jamaica Channel, the main sea lanes for the Panama Canal"
    }
  },
  "People and Society": {
    "Population": {
      "text": "2,970,340 (July 2016 est.)"
    },
    "Nationality": {
      "noun": {
        "text": "Jamaican(s)"
      },
      "adjective": {
        "text": "Jamaican"
      }
    },
    "Ethnic groups": {
      "text": "black 92.1%, mixed 6.1%, East Indian 0.8%, other 0.4%, unspecified 0.7% (2011 est.)"
    },
    "Languages": {
      "text": "English, English patois"
    },
    "Religions": {
      "text": "Protestant 64.8% (includes Seventh Day Adventist 12.0%, Pentecostal 11.0%, Other Church of God 9.2%, New Testament Church of God 7.2%, Baptist 6.7%, Church of God in Jamaica 4.8%, Church of God of Prophecy 4.5%, Anglican 2.8%, United Church 2.1%, Methodist 1.6%, Revived 1.4%, Brethren 0.9%, and Moravian 0.7%), Roman Catholic 2.2%, Jehovah's Witness 1.9%, Rastafarian 1.1%, other 6.5%, none 21.3%, unspecified 2.3% (2011 est.)"
    },
    "Age structure": {
      "0-14 years": {
        "text": "27.56% (male 416,421/female 402,283)"
      },
      "15-24 years": {
        "text": "21.13% (male 315,190/female 312,362)"
      },
      "25-54 years": {
        "text": "37.59% (male 551,384/female 565,279)"
      },
      "55-64 years": {
        "text": "5.78% (male 82,754/female 88,786)"
      },
      "65 years and over": {
        "text": "7.94% (male 105,593/female 130,288) (2016 est.)"
      }
    },
    "Dependency ratios": {
      "total dependency ratio": {
        "text": "48.6%"
      },
      "youth dependency ratio": {
        "text": "35%"
      },
      "elderly dependency ratio": {
        "text": "13.6%"
      },
      "potential support ratio": {
        "text": "7.4% (2015 est.)"
      }
    },
    "Median age": {
      "total": {
        "text": "25.6 years"
      },
      "male": {
        "text": "25.1 years"
      },
      "female": {
        "text": "26.1 years (2016 est.)"
      }
    },
    "Population growth rate": {
      "text": "0.68% (2016 est.)"
    },
    "Birth rate": {
      "text": "18 births/1,000 population (2016 est.)"
    },
    "Death rate": {
      "text": "6.7 deaths/1,000 population (2016 est.)"
    },
    "Net migration rate": {
      "text": "-4.5 migrant(s)/1,000 population (2016 est.)"
    },
    "Population distribution": {
      "text": "population density is high throughout, but increases in and around Kingston, Montego Bay, and Port Esquivel"
    },
    "Urbanization": {
      "urban population": {
        "text": "54.8% of total population (2015)"
      },
      "rate of urbanization": {
        "text": "0.9% annual rate of change (2010-15 est.)"
      }
    },
    "Major urban areas - population": {
      "text": "KINGSTON (capital) 588,000 (2015)"
    },
    "Sex ratio": {
      "at birth": {
        "text": "1.05 male(s)/female"
      },
      "0-14 years": {
        "text": "1.04 male(s)/female"
      },
      "15-24 years": {
        "text": "1.01 male(s)/female"
      },
      "25-54 years": {
        "text": "0.98 male(s)/female"
      },
      "55-64 years": {
        "text": "0.93 male(s)/female"
      },
      "65 years and over": {
        "text": "0.81 male(s)/female"
      },
      "total population": {
        "text": "0.98 male(s)/female (2016 est.)"
      }
    },
    "Mother's mean age at first birth": {
      "text": "21.2",
      "note": {
        "text": "median age at first birth among women 25-29 (2008 est.)"
      }
    },
    "Maternal mortality rate": {
      "text": "89 deaths/100,000 live births (2015 est.)"
    },
    "Infant mortality rate": {
      "total": {
        "text": "13.1 deaths/1,000 live births"
      },
      "male": {
        "text": "13.7 deaths/1,000 live births"
      },
      "female": {
        "text": "12.5 deaths/1,000 live births (2016 est.)"
      }
    },
    "Life expectancy at birth": {
      "total population": {
        "text": "73.6 years"
      },
      "male": {
        "text": "72 years"
      },
      "female": {
        "text": "75.3 years (2016 est.)"
      }
    },
    "Total fertility rate": {
      "text": "1.99 children born/woman (2016 est.)"
    },
    "Contraceptive prevalence rate": {
      "text": "72.5% (2008/09)"
    },
    "Health expenditures": {
      "text": "5.4% of GDP (2014)"
    },
    "Physicians density": {
      "text": "0.41 physicians/1,000 population (2008)"
    },
    "Hospital bed density": {
      "text": "1.7 beds/1,000 population (2012)"
    },
    "Drinking water source": {
      "improved": {
        "text": " ++ urban: 97.5% of population ++ rural: 89.4% of population ++ total: 93.8% of population"
      },
      "unimproved": {
        "text": " ++ urban: 2.5% of population ++ rural: 10.6% of population ++ total: 6.2% of population (2015 est.)"
      }
    },
    "Sanitation facility access": {
      "improved": {
        "text": " ++ urban: 79.9% of population ++ rural: 84.1% of population ++ total: 81.8% of population"
      },
      "unimproved": {
        "text": " ++ urban: 20.1% of population ++ rural: 15.9% of population ++ total: 18.2% of population (2015 est.)"
      }
    },
    "HIV/AIDS - adult prevalence rate": {
      "text": "1.63% (2015 est.)"
    },
    "HIV/AIDS - people living with HIV/AIDS": {
      "text": "29,000 (2015 est.)"
    },
    "HIV/AIDS - deaths": {
      "text": "1,200 (2015 est.)"
    },
    "Major infectious diseases": {
      "note": {
        "text": "active local transmission of Zika virus by Aedes species mosquitoes has been identified in this country (as of August 2016); it poses an important risk (a large number of cases possible) among US citizens if bitten by an infective mosquito; other less common ways to get Zika are through sex, via blood transfusion, or during pregnancy, in which the pregnant woman passes Zika virus to her fetus (2016)"
      }
    },
    "Obesity - adult prevalence rate": {
      "text": "26.8% (2014)"
    },
    "Children under the age of 5 years underweight": {
      "text": "2.5% (2012)"
    },
    "Education expenditures": {
      "text": "6% of GDP (2014)"
    },
    "Literacy": {
      "definition": {
        "text": "age 15 and over has ever attended school"
      },
      "total population": {
        "text": "88.7%"
      },
      "male": {
        "text": "84%"
      },
      "female": {
        "text": "93.1% (2015 est.)"
      }
    },
    "Child labor - children ages 5-14": {
      "total number": {
        "text": "38,516"
      },
      "percentage": {
        "text": "6% (2005 est.)"
      }
    },
    "Unemployment, youth ages 15-24": {
      "total": {
        "text": "37.8%"
      },
      "male": {
        "text": "30%"
      },
      "female": {
        "text": "48.1% (2013 est.)"
      }
    }
  },
  "Government": {
    "Country name": {
      "conventional long form": {
        "text": "none"
      },
      "conventional short form": {
        "text": "Jamaica"
      },
      "etymology": {
        "text": "from the native Taino word \"haymaca\" meaning \"land of wood and water\" or possibly \"land of springs\""
      }
    },
    "Government type": {
      "text": "parliamentary democracy (Parliament) under a constitutional monarchy; a Commonwealth realm"
    },
    "Capital": {
      "name": {
        "text": "Kingston"
      },
      "geographic coordinates": {
        "text": "18 00 N, 76 48 W"
      },
      "time difference": {
        "text": "UTC-5 (same time as Washington, DC, during Standard Time)"
      }
    },
    "Administrative divisions": {
      "text": "14 parishes; Clarendon, Hanover, Kingston, Manchester, Portland, Saint Andrew, Saint Ann, Saint Catherine, Saint Elizabeth, Saint James, Saint Mary, Saint Thomas, Trelawny, Westmoreland",
      "note": {
        "text": "for local government purposes, Kingston and Saint Andrew were amalgamated in 1923 into the present single corporate body known as the Kingston and Saint Andrew Corporation"
      }
    },
    "Independence": {
      "text": "6 August 1962 (from the UK)"
    },
    "National holiday": {
      "text": "Emancipation Day, 1 August (1834); Independence Day, 6 August (1962)"
    },
    "Constitution": {
      "text": "several previous (preindependence); latest drafted 1961-62, submitted to British Parliament 24 July 1962, entered into force 6 August 1962 (at independence); amended many times, last in 2015 (2016)"
    },
    "Legal system": {
      "text": "common law system based on the English model"
    },
    "International law organization participation": {
      "text": "has not submitted an ICJ jurisdiction declaration; non-party state to the ICCt"
    },
    "Citizenship": {
      "citizenship by birth": {
        "text": "yes"
      },
      "citizenship by descent": {
        "text": "yes"
      },
      "dual citizenship recognized": {
        "text": "yes"
      },
      "residency requirement for naturalization": {
        "text": "4 out of the previous 5 years"
      }
    },
    "Suffrage": {
      "text": "18 years of age; universal"
    },
    "Executive branch": {
      "chief of state": {
        "text": "Queen ELIZABETH II (since 6 February 1952); represented by Governor General Dr. Patrick L. ALLEN (since 26 February 2009)"
      },
      "head of government": {
        "text": "Prime Minister Andrew HOLNESS (since 3 March 2016)"
      },
      "cabinet": {
        "text": "Cabinet appointed by the governor general on the advice of the prime minister"
      },
      "elections/appointments": {
        "text": "the monarchy is hereditary; governor general appointed by the monarch on the recommendation of the prime minister; following legislative elections, the leader of the majority party or majority coalition in the House of Representatives is appointed prime minister by the governor general"
      }
    },
    "Legislative branch": {
      "description": {
        "text": "bicameral Parliament consists of the Senate (21 seats; members appointed by the governor general on the recommendation of the prime minister and the minority party leader, 13 seats allocated to the ruling party, and 8 seats allocated to the minority party; members serve 5-year terms) and the House of Representatives (63 seats; members directly elected in single-seat constituencies by simple majority vote to serve 5-year terms)"
      },
      "elections": {
        "text": "last held on 29 December 2011 (next to be held no later than December 2016)"
      },
      "election results": {
        "text": "percent of vote by party - PNP 53.3%, JLP 46.6%; seats by party - PNP 41, JLP 22"
      }
    },
    "Judicial branch": {
      "highest resident court(s)": {
        "text": "Court of Appeal (consists of president of the court and a minimum of 4 judges; Supreme Court (40 judges organized in specialized divisions); note - appeals beyond Jamaica's highest courts are referred to the Judicial Committee of the Privy Council (in London) rather than to the Caribbean Court of Justice (the appellate court implemented for member states of the Caribbean Community)"
      },
      "judge selection and term of office": {
        "text": "chief justice of the Supreme Court and president of the Court of Appeal appointed by the governor-general on the advice of the prime minister; other judges of both courts appointed by the governor-general on the advice of the Judicial Service Commission; judges of both courts serve till age 70"
      },
      "subordinate courts": {
        "text": "resident magistrate courts, district courts, and petty sessions courts"
      }
    },
    "Political parties and leaders": {
      "text": "Jamaica Labor Party or JLP [Andrew HOLNESS] ++ People's National Party or PNP [Portia SIMPSON-MILLER] ++ National Democratic Movement or NDM [Michael WILLIAMS]"
    },
    "Political pressure groups and leaders": {
      "text": "New Beginnings Movement or NBM ++ Rastafarians"
    },
    "International organization participation": {
      "text": "ACP, AOSIS, C, Caricom, CDB, CELAC, FAO, G-15, G-77, IADB, IAEA, IBRD, ICAO, ICC (NGOs), ICRM, IDA, IFAD, IFC, IFRCS, IHO, ILO, IMF, IMO, Interpol, IOC, IOM, ISO, ITSO, ITU, LAES, MIGA, NAM, OAS, OPANAL, OPCW, Petrocaribe, UN, UNCTAD, UNESCO, UNIDO, UNITAR, UNWTO, UPU, WCO, WFTU (NGOs), WHO, WIPO, WMO, WTO"
    },
    "Diplomatic representation in the US": {
      "chief of mission": {
        "text": "Ambassador Ralph Samuel THOMAS (since 9 September 2015)"
      },
      "chancery": {
        "text": "1520 New Hampshire Avenue NW, Washington, DC 20036"
      },
      "telephone": {
        "text": "[1] (202) 452-0660"
      },
      "FAX": {
        "text": "[1] (202) 452-0036"
      },
      "consulate(s) general": {
        "text": "Miami, New York"
      },
      "consulate(s)": {
        "text": "Atlanta, Boston, Chicago, Concord (MA), Houston, Los Angeles, Philadelphia (PA), Richmond (VA), San Francisco, Seattle"
      }
    },
    "Diplomatic representation from the US": {
      "chief of mission": {
        "text": "Ambassador Luis G. MORENO (since 13 January 2015)"
      },
      "embassy": {
        "text": "142 Old Hope Road, Kingston 6"
      },
      "mailing address": {
        "text": "P.O. Box 541, Kingston 5"
      },
      "telephone": {
        "text": "[1] (876) 702-6000"
      },
      "FAX": {
        "text": "[1] (876) 702-6348"
      }
    },
    "Flag description": {
      "text": "diagonal yellow cross divides the flag into four triangles - green (top and bottom) and black (hoist side and fly side); green represents hope, vegetation, and agriculture, black reflects hardships overcome and to be faced, and yellow recalls golden sunshine and the island's natural resources"
    },
    "National symbol(s)": {
      "text": "green-and-black streamertail (bird), Guaiacum officinale (Guaiacwood); national colors: green, yellow, black"
    },
    "National anthem": {
      "name": {
        "text": "\"Jamaica, Land We Love\""
      },
      "lyrics/music": {
        "text": "Hugh Braham SHERLOCK/Robert Charles LIGHTBOURNE"
      },
      "note": {
        "text": "adopted 1962"
      }
    }
  },
  "Economy": {
    "Economy - overview": {
      "text": "The Jamaican economy is heavily dependent on services, which accounts for more than 70% of GDP. The country continues to derive most of its foreign exchange from tourism, remittances, and bauxite/alumina. Remittances and tourism each account for 30% of GDP, while bauxite/alumina exports make up roughly 5% of GDP. The bauxite/alumina sector was most affected by the global downturn while the tourism industry and remittance flow remained resilient. ++  ++ Jamaica's economy faces many challenges to growth: high crime and corruption, large-scale unemployment and underemployment, and a debt-to-GDP ratio of about 130%. The attendant debt servicing cost consumes a large portion of the government's budget, limiting its ability to fund the critical infrastructure and social programs required to drive growth. Jamaica's economic growth rate in the recent past has been stagnant, averaging less than 1% per year for over 20 years. ++  ++ Jamaica's onerous public debt burden is largely the result of government bailouts to ailing sectors of the economy, most notably the financial sector. In early 2010, the Jamaican Government initiated the Jamaica Debt Exchange to retire high-priced domestic bonds and reduce annual debt servicing. Despite these efforts, debt continued to be a serious concern, forcing the government to negotiate and sign a new IMF agreement in May 2013 to gain access to approximately $1 billion in additional funds. As a precursor, the government instigated a second National Debt Exchange in 2012. The IMF deal requires the government to reform its tax system, eliminate discretionary tax exemptions and waivers, and achieve an annual surplus of 7.5%, excluding debt payments, to reduce its debt below 100% of GDP by 2020. The SIMPSON-MILLER administration now faces the difficult prospect of having to achieve fiscal discipline to maintain debt payments while simultaneously attacking a serious crime problem that is hampering economic growth. High unemployment exacerbates the crime problem, including gang violence, which is fueled by the drug trade."
    },
    "GDP (purchasing power parity)": {
      "text": "$24.65 billion (2015 est.) ++ $24.38 billion (2014 est.) ++ $24.25 billion (2013 est.)",
      "note": {
        "text": "data are in 2015 US dollars"
      }
    },
    "GDP (official exchange rate)": {
      "text": "$13.92 billion (2015 est.)"
    },
    "GDP - real growth rate": {
      "text": "1.1% (2015 est.) ++ 0.5% (2014 est.) ++ 0.2% (2013 est.)"
    },
    "GDP - per capita (PPP)": {
      "text": "$8,800 (2015 est.) ++ $8,700 (2014 est.) ++ $8,700 (2013 est.)",
      "note": {
        "text": "data are in 2015 US dollars"
      }
    },
    "Gross national saving": {
      "text": "20.2% of GDP (2015 est.) ++ 14.4% of GDP (2014 est.) ++ 12.3% of GDP (2013 est.)"
    },
    "GDP - composition, by end use": {
      "household consumption": {
        "text": "84.8%"
      },
      "government consumption": {
        "text": "14.8%"
      },
      "investment in fixed capital": {
        "text": "22.1%"
      },
      "investment in inventories": {
        "text": "0.4%"
      },
      "exports of goods and services": {
        "text": "32.9%"
      },
      "imports of goods and services": {
        "text": "-55% (2015 est.)"
      }
    },
    "GDP - composition, by sector of origin": {
      "agriculture": {
        "text": "6.6%"
      },
      "industry": {
        "text": "21.2%"
      },
      "services": {
        "text": "72.2% (2015 est.)"
      }
    },
    "Agriculture - products": {
      "text": "sugarcane, bananas, coffee, citrus, yams, ackees, vegetables; poultry, goats, milk; shellfish"
    },
    "Industries": {
      "text": "tourism, bauxite/alumina, agricultural-processing, light manufactures, rum, cement, metal, paper, chemical products, telecommunications"
    },
    "Industrial production growth rate": {
      "text": "2.1% (2015 est.)"
    },
    "Labor force": {
      "text": "1.309 million (2015 est.)"
    },
    "Labor force - by occupation": {
      "agriculture": {
        "text": "17%"
      },
      "industry": {
        "text": "19%"
      },
      "services": {
        "text": "64% (2006)"
      }
    },
    "Unemployment rate": {
      "text": "14% (2015 est.) ++ 14.2% (2014 est.)"
    },
    "Population below poverty line": {
      "text": "16.5% (2009 est.)"
    },
    "Household income or consumption by percentage share": {
      "lowest 10%": {
        "text": "2.1%"
      },
      "highest 10%": {
        "text": "35.8% (2004)"
      }
    },
    "Distribution of family income - Gini index": {
      "text": "45.5 (2004) ++ 37.9 (2000)"
    },
    "Budget": {
      "revenues": {
        "text": "$3.899 billion"
      },
      "expenditures": {
        "text": "$3.941 billion (2015 est.)"
      }
    },
    "Taxes and other revenues": {
      "text": "28% of GDP (2015 est.)"
    },
    "Budget surplus (+) or deficit (-)": {
      "text": "-0.3% of GDP (2015 est.)"
    },
    "Public debt": {
      "text": "126.8% of GDP (2015 est.) ++ 129.9% of GDP (2014 est.)"
    },
    "Fiscal year": {
      "text": "1 April - 31 March"
    },
    "Inflation rate (consumer prices)": {
      "text": "3.7% (2015 est.) ++ 8.3% (2014 est.)"
    },
    "Central bank discount rate": {
      "text": "2% (31 December 2010)"
    },
    "Commercial bank prime lending rate": {
      "text": "16.98% (31 December 2015 est.) ++ 17.22% (31 December 2014 est.)"
    },
    "Stock of narrow money": {
      "text": "$3.542 billion (31 December 2015 est.) ++ $3.156 billion (31 December 2014 est.)"
    },
    "Stock of broad money": {
      "text": "$7.847 billion (31 December 2015 est.) ++ $7.519 billion (31 December 2014 est.)"
    },
    "Stock of domestic credit": {
      "text": "$6.881 billion (31 December 2015 est.) ++ $7.078 billion (31 December 2014 est.)"
    },
    "Market value of publicly traded shares": {
      "text": "$6.39 billion (31 December 2012 est.) ++ $7.223 billion (31 December 2011 est.) ++ $6.626 billion (31 December 2010 est.)"
    },
    "Current account balance": {
      "text": "-$598 million (2015 est.) ++ -$980 million (2014 est.)"
    },
    "Exports": {
      "text": "$1.261 billion (2015 est.) ++ $1.449 billion (2014 est.)"
    },
    "Exports - commodities": {
      "text": "alumina, bauxite, sugar, rum, coffee, yams, beverages, chemicals, apparel, mineral fuels"
    },
    "Exports - partners": {
      "text": "US 24.4%, Canada 16.5%, Russia 9.3%, Netherlands 8.9%, Iceland 7.2%, UK 6.5% (2015)"
    },
    "Imports": {
      "text": "$4.414 billion (2015 est.) ++ $5.208 billion (2014 est.)"
    },
    "Imports - commodities": {
      "text": "food and other consumer goods, industrial supplies, fuel, parts and accessories of capital goods, machinery and transport equipment, construction materials"
    },
    "Imports - partners": {
      "text": "US 32.6%, Venezuela 12.4%, China 12%, Trinidad and Tobago 11.1% (2015)"
    },
    "Reserves of foreign exchange and gold": {
      "text": "$2.914 billion (31 December 2015 est.) ++ $2.473 billion (31 December 2014 est.)"
    },
    "Debt - external": {
      "text": "$16.49 billion (31 December 2015 est.) ++ $17.25 billion (31 December 2014 est.)"
    },
    "Exchange rates": {
      "text": "Jamaican dollars (JMD) per US dollar - ++ 116.898 (2015 est.) ++ 110.935 (2014 est.) ++ 110.935 (2013 est.) ++ 88.75 (2012 est.) ++ 85.893 (2011 est.)"
    }
  },
  "Energy": {
    "Electricity access": {
      "population without electricity": {
        "text": "200,000"
      },
      "electrification - total population": {
        "text": "93%"
      },
      "electrification - urban areas": {
        "text": "98%"
      },
      "electrification - rural areas": {
        "text": "87% (2013)"
      }
    },
    "Electricity - production": {
      "text": "3.9 billion kWh (2014 est.)"
    },
    "Electricity - consumption": {
      "text": "2.8 billion kWh (2014 est.)"
    },
    "Electricity - exports": {
      "text": "0 kWh (2013 est.)"
    },
    "Electricity - imports": {
      "text": "0 kWh (2013 est.)"
    },
    "Electricity - installed generating capacity": {
      "text": "1 million kW (2014 est.)"
    },
    "Electricity - from fossil fuels": {
      "text": "91.7% of total installed capacity (2012 est.)"
    },
    "Electricity - from nuclear fuels": {
      "text": "0% of total installed capacity (2012 est.)"
    },
    "Electricity - from hydroelectric plants": {
      "text": "2.5% of total installed capacity (2012 est.)"
    },
    "Electricity - from other renewable sources": {
      "text": "5.9% of total installed capacity (2012 est.)"
    },
    "Crude oil - production": {
      "text": "0 bbl/day (2015 est.)"
    },
    "Crude oil - exports": {
      "text": "0 bbl/day (2013 est.)"
    },
    "Crude oil - imports": {
      "text": "23,360 bbl/day (2013 est.)"
    },
    "Crude oil - proved reserves": {
      "text": "0 bbl (1 January 2016 es)"
    },
    "Refined petroleum products - production": {
      "text": "23,630 bbl/day (2013 est.)"
    },
    "Refined petroleum products - consumption": {
      "text": "53,000 bbl/day (2014 est.)"
    },
    "Refined petroleum products - exports": {
      "text": "4,526 bbl/day (2013 est.)"
    },
    "Refined petroleum products - imports": {
      "text": "33,970 bbl/day (2013 est.)"
    },
    "Natural gas - production": {
      "text": "0 cu m (2013 est.)"
    },
    "Natural gas - consumption": {
      "text": "0 cu m (2013 est.)"
    },
    "Natural gas - exports": {
      "text": "0 cu m (2013 est.)"
    },
    "Natural gas - imports": {
      "text": "0 cu m (2013 est.)"
    },
    "Natural gas - proved reserves": {
      "text": "0 cu m (1 January 2014 es)"
    },
    "Carbon dioxide emissions from consumption of energy": {
      "text": "13 million Mt (2013 est.)"
    }
  },
  "Communications": {
    "Telephones - fixed lines": {
      "total subscriptions": {
        "text": "252,630"
      },
      "subscriptions per 100 inhabitants": {
        "text": "9 (July 2015 est.)"
      }
    },
    "Telephones - mobile cellular": {
      "total": {
        "text": "3.137 million"
      },
      "subscriptions per 100 inhabitants": {
        "text": "106 (July 2015 est.)"
      }
    },
    "Telephone system": {
      "general assessment": {
        "text": "fully automatic domestic telephone network"
      },
      "domestic": {
        "text": "the 1999 agreement to open the market for telecommunications services resulted in rapid growth in mobile-cellular telephone usage while the number of fixed lines in use has declined; combined fixed-line and mobile cellular teledensity exceeds 110 per 100 persons"
      },
      "international": {
        "text": "country code - 1-876; the Fibralink submarine cable network provides enhanced delivery of business and broadband traffic and is linked to the Americas Region Caribbean Ring System (ARCOS-1) submarine cable in the Dominican Republic; the link to ARCOS-1 provides seamless connectivity to US, parts of the Caribbean, Central America, and South America; the ALBA-1 fiber-optic submarine cable links Jamaica, Cuba, and Venezuela; satellite earth stations - 2 Intelsat (Atlantic Ocean) (2015)"
      }
    },
    "Broadcast media": {
      "text": "3 free-to-air TV stations, subscription cable services, and roughly 30 radio stations (2013)"
    },
    "Internet country code": {
      "text": ".jm"
    },
    "Internet users": {
      "total": {
        "text": "1.274 million"
      },
      "percent of population": {
        "text": "43.2% (July 2015 est.)"
      }
    }
  },
  "Transportation": {
    "National air transport system": {
      "number of registered air carriers": {
        "text": "2"
      },
      "inventory of registered aircraft operated by air carriers": {
        "text": "5"
      },
      "annual passenger traffic on registered air carriers": {
        "text": "92,836"
      },
      "annual freight traffic on registered air carriers": {
        "text": "0 mt-km (2015)"
      }
    },
    "Civil aircraft registration country code prefix": {
      "text": "6Y (2016)"
    },
    "Airports": {
      "text": "28 (2013)"
    },
    "Airports - with paved runways": {
      "total": {
        "text": "11"
      },
      "2,438 to 3,047 m": {
        "text": "2"
      },
      "914 to 1,523 m": {
        "text": "4"
      },
      "under 914 m": {
        "text": "5 (2013)"
      }
    },
    "Airports - with unpaved runways": {
      "total": {
        "text": "17"
      },
      "914 to 1,523 m": {
        "text": "1"
      },
      "under 914 m": {
        "text": "16 (2013)"
      }
    },
    "Roadways": {
      "total": {
        "text": "22,121 km (includes 44 km of expressways)"
      },
      "paved": {
        "text": "16,148 km"
      },
      "unpaved": {
        "text": "5,973 km (2011)"
      }
    },
    "Merchant marine": {
      "total": {
        "text": "14"
      },
      "by type": {
        "text": "bulk carrier 4, cargo 5, container 4, roll on/roll off 1"
      },
      "foreign-owned": {
        "text": "14 (Denmark 1, Germany 10, Greece 3) (2010)"
      }
    },
    "Ports and terminals": {
      "major seaport(s)": {
        "text": "Discovery Bay (Port Rhoades), Kingston, Montego Bay, Port Antonio, Port Esquivel, Port Kaiser, Rocky Point"
      },
      "container port(s) (TEUs)": {
        "text": "Kingston (1,724,928)"
      }
    }
  },
  "Military and Security": {
    "Military branches": {
      "text": "Jamaica Defense Force: Ground Forces, Coast Guard, Air Wing (2010)"
    },
    "Military service age and obligation": {
      "text": "17 1/2 is the legal minimum age for voluntary military service; no conscription (2012)"
    },
    "Military expenditures": {
      "text": "0.86% of GDP (2012) ++ 0.92% of GDP (2011) ++ 0.86% of GDP (2010)"
    }
  },
  "Transnational Issues": {
    "Disputes - international": {
      "text": "none"
    },
    "Trafficking in persons": {
      "current situation": {
        "text": "Jamaica is a source and destination country for children and adults subjected to sex trafficking and forced labor; sex trafficking of children and adults occurs on the street, in night clubs, bars, massage parlors, and private homes; child sex tourism is a problem in resort areas; Jamaicans have been subjected to sexual exploitation or forced labor in the Caribbean, Canada, the US, and the UK, while foreigners have endured conditions of forced labor in Jamaica or aboard foreign-flagged fishing vessels operating in Jamaican waters; a high number of Jamaican children are reported missing"
      },
      "tier rating": {
        "text": "Tier 2 Watch List – Jamaica does not fully comply with the minimum standards for the elimination of trafficking; however, it is making significant efforts to do so; in 2014, the government made significant efforts to raise public awareness of human trafficking, and named a national trafficking-in-persons rapporteur – the first in the region; authorities initiated more new trafficking investigations than in 2013 and concluded a trafficking case in the Supreme Court, but chronic delays impeded prosecutions and no offenders were convicted for the sixth consecutive year; more adult trafficking victims were identified than in previous years, but only one child victim was identified, which was exceptionally low relative to the number of vulnerable children (2015)"
      }
    },
    "Illicit drugs": {
      "text": "transshipment point for cocaine from South America to North America and Europe; illicit cultivation and consumption of cannabis; government has an active manual cannabis eradication program; corruption is a major concern; substantial money-laundering activity; Colombian narcotics traffickers favor Jamaica for illicit financial transactions"
    }
  }
}