{
  "Introduction": {
    "Background": {
      "text": "English and Irish colonists from St. Kitts first settled on Montserrat in 1632; the first African slaves arrived three decades later. The British and French fought for possession of the island for most of the 18th century, but it finally was confirmed as a British possession in 1783. The island's sugar plantation economy was converted to small farm landholdings in the mid-19th century. Much of this island was devastated and two-thirds of the population fled abroad because of the eruption of the Soufriere Hills Volcano that began on 18 July 1995. Montserrat has endured volcanic activity since, with the last eruption occurring in July 2003."
    }
  },
  "Geography": {
    "Location": {
      "text": "Caribbean, island in the Caribbean Sea, southeast of Puerto Rico"
    },
    "Geographic coordinates": {
      "text": "16 45 N, 62 12 W"
    },
    "Map references": {
      "text": "Central America and the Caribbean"
    },
    "Area": {
      "total": {
        "text": "102 sq km"
      },
      "land": {
        "text": "102 sq km"
      },
      "water": {
        "text": "0 sq km"
      }
    },
    "Area - comparative": {
      "text": "about 0.6 times the size of Washington, DC"
    },
    "Land boundaries": {
      "text": "0 km"
    },
    "Coastline": {
      "text": "40 km"
    },
    "Maritime claims": {
      "territorial sea": {
        "text": "3 nm"
      },
      "exclusive fishing zone": {
        "text": "200 nm"
      }
    },
    "Climate": {
      "text": "tropical; little daily or seasonal temperature variation"
    },
    "Terrain": {
      "text": "volcanic island, mostly mountainous, with small coastal lowland"
    },
    "Elevation": {
      "mean elevation": {
        "text": "NA"
      },
      "elevation extremes": {
        "text": "lowest point: Caribbean Sea 0 m ++ highest point: Soufriere Hills volcano pre-eruption height was 915 m; current lava dome is subject to periodic build up and collapse; estimated dome height was 1050 m in 2015"
      }
    },
    "Natural resources": {
      "text": "NEGL"
    },
    "Land use": {
      "agricultural land": {
        "text": "30% ++ arable land 20%; permanent crops 0%; permanent pasture 10%"
      },
      "forest": {
        "text": "25%"
      },
      "other": {
        "text": "45% (2011 est.)"
      }
    },
    "Irrigated land": {
      "text": "0 sq km (2012)"
    },
    "Population - distribution": {
      "text": "only the northern half of the island is populated, the southern portion is uninhabitable due to volcanic activity"
    },
    "Natural hazards": {
      "text": "volcanic eruptions; severe hurricanes (June to November)",
      "volcanism": {
        "text": "Soufriere Hills volcano (elev. 915 m), has erupted continuously since 1995; a massive eruption in 1997 destroyed most of the capital, Plymouth, and resulted in approximately half of the island becoming uninhabitable"
      }
    },
    "Environment - current issues": {
      "text": "land erosion occurs on slopes that have been cleared for cultivation"
    },
    "Geography - note": {
      "text": "the island is entirely volcanic in origin and comprised of three major volcanic centers of differing ages"
    }
  },
  "People and Society": {
    "Population": {
      "text": "5,267",
      "note": {
        "text": "an estimated 8,000 refugees left the island following the resumption of volcanic activity in July 1995; some have returned (July 2016 est.)"
      }
    },
    "Nationality": {
      "noun": {
        "text": "Montserratian(s)"
      },
      "adjective": {
        "text": "Montserratian"
      }
    },
    "Ethnic groups": {
      "text": "African/black 88.4%, mixed 3.7%, hispanic/Spanish 3%, caucasian/white 2.7%, East Indian/Indian 1.5%, other 0.7% (2011 est.)"
    },
    "Languages": {
      "text": "English"
    },
    "Religions": {
      "text": "Protestant 67.1% (includes Anglican 21.8%, Methodist 17%, Pentecostal 14.1%, Seventh Day Adventist 10.5%, and Church of God 3.7%), Roman Catholic 11.6%, Rastafarian 1.4%, other 6.5%, none 2.6%, unspecified 10.8% (2001 est.)"
    },
    "Age structure": {
      "0-14 years": {
        "text": "16.27% (male 442/female 415)"
      },
      "15-24 years": {
        "text": "22.08% (male 605/female 558)"
      },
      "25-54 years": {
        "text": "47.66% (male 1,202/female 1,308)"
      },
      "55-64 years": {
        "text": "7.88% (male 188/female 227)"
      },
      "65 years and over": {
        "text": "6.11% (male 193/female 129) (2016 est.)"
      }
    },
    "Median age": {
      "total": {
        "text": "32.6 years"
      },
      "male": {
        "text": "32.1 years"
      },
      "female": {
        "text": "33.1 years (2016 est.)"
      }
    },
    "Population growth rate": {
      "text": "0.48% (2016 est.)"
    },
    "Birth rate": {
      "text": "11 births/1,000 population (2016 est.)"
    },
    "Death rate": {
      "text": "6.3 deaths/1,000 population (2016 est.)"
    },
    "Net migration rate": {
      "text": "0 migrant(s)/1,000 population (2016 est.)"
    },
    "Population distribution": {
      "text": "only the northern half of the island is populated, the southern portion is uninhabitable due to volcanic activity"
    },
    "Urbanization": {
      "urban population": {
        "text": "9% of total population (2015)"
      },
      "rate of urbanization": {
        "text": "0.65% annual rate of change (2010-15 est.)"
      }
    },
    "Sex ratio": {
      "at birth": {
        "text": "1.03 male(s)/female"
      },
      "0-14 years": {
        "text": "1.07 male(s)/female"
      },
      "15-24 years": {
        "text": "1.08 male(s)/female"
      },
      "25-54 years": {
        "text": "0.92 male(s)/female"
      },
      "55-64 years": {
        "text": "0.83 male(s)/female"
      },
      "65 years and over": {
        "text": "1.6 male(s)/female"
      },
      "total population": {
        "text": "1 male(s)/female (2016 est.)"
      }
    },
    "Infant mortality rate": {
      "total": {
        "text": "12.7 deaths/1,000 live births"
      },
      "male": {
        "text": "9.9 deaths/1,000 live births"
      },
      "female": {
        "text": "15.6 deaths/1,000 live births (2016 est.)"
      }
    },
    "Life expectancy at birth": {
      "total population": {
        "text": "74.4 years"
      },
      "male": {
        "text": "75.8 years"
      },
      "female": {
        "text": "72.9 years (2016 est.)"
      }
    },
    "Total fertility rate": {
      "text": "1.31 children born/woman (2016 est.)"
    },
    "Drinking water source": {
      "improved": {
        "text": " ++ urban: 99% of population ++ rural: 99% of population ++ total: 99% of population"
      },
      "unimproved": {
        "text": " ++ urban: 1% of population ++ rural: 1% of population ++ total: 1% of population (2015 est.)"
      }
    },
    "Sanitation facility access": {
      "improved": {
        "text": " ++ urban: 82.9% of population ++ rural: 82.9% of population ++ total: 82.9% of population"
      },
      "unimproved": {
        "text": " ++ urban: 17.1% of population ++ rural: 17.1% of population ++ total: 17.1% of population (2007 est.)"
      }
    },
    "HIV/AIDS - adult prevalence rate": {
      "text": "NA"
    },
    "HIV/AIDS - people living with HIV/AIDS": {
      "text": "NA"
    },
    "HIV/AIDS - deaths": {
      "text": "NA"
    },
    "Education expenditures": {
      "text": "5.1% of GDP (2009)"
    },
    "School life expectancy (primary to tertiary education)": {
      "total": {
        "text": "15 years"
      },
      "male": {
        "text": "14 years"
      },
      "female": {
        "text": "17 years (2007)"
      }
    }
  },
  "Government": {
    "Country name": {
      "conventional long form": {
        "text": "none"
      },
      "conventional short form": {
        "text": "Montserrat"
      },
      "etymology": {
        "text": "island named by explorer Christopher COLUMBUS in 1493 after the Benedictine abbey Santa Maria de Montserrat, near Barcelona, Spain"
      }
    },
    "Dependency status": {
      "text": "overseas territory of the UK"
    },
    "Government type": {
      "text": "parliamentary democracy (Legislative Council); self-governing overseas territory of the UK"
    },
    "Capital": {
      "name": {
        "text": "Plymouth; note - Plymouth was abandoned in 1997 because of volcanic activity; interim government buildings have been built at Brades Estate in the Carr's Bay/Little Bay vicinity at the northwest end of Montserrat"
      },
      "geographic coordinates": {
        "text": "16 42 N, 62 13 W"
      },
      "time difference": {
        "text": "UTC-4 (1 hour ahead of Washington, DC, during Standard Time)"
      }
    },
    "Administrative divisions": {
      "text": "3 parishes; Saint Anthony, Saint Georges, Saint Peter"
    },
    "Independence": {
      "text": "none (overseas territory of the UK)"
    },
    "National holiday": {
      "text": "birthday of Queen ELIZABETH II, second Saturday in June (1926)"
    },
    "Constitution": {
      "text": "previous 1960; latest effective 1 September 2010; amended 2011 (2016)"
    },
    "Legal system": {
      "text": "English common law"
    },
    "Citizenship": {
      "text": "see United Kingdom"
    },
    "Suffrage": {
      "text": "18 years of age; universal"
    },
    "Executive branch": {
      "chief of state": {
        "text": "Queen ELIZABETH II (since 6 February 1952); represented by Governor Elizabeth CARRIERE (since 5 August 2015)"
      },
      "head of government": {
        "text": "Premier Donaldson ROMERO (since 12 September 2014); note - effective with the new Constitution Order of October 2010, the office of premier replaced the office of chief minister"
      },
      "cabinet": {
        "text": "Executive Council consists of the governor, the premier, 3 other ministers, the attorney general, and the finance secretary"
      },
      "elections/appointments": {
        "text": "the monarchy is hereditary; governor appointed by the monarch; following legislative elections, the leader of the majority party usually becomes premier"
      }
    },
    "Legislative branch": {
      "description": {
        "text": "unicameral Legislative Council (11 seats; 9 members directly elected in a single constituency by absolute majority vote in two rounds to serve 5-year terms and 2 ex-officio members - the attorney general and financial secretary)"
      },
      "elections": {
        "text": "last held on 11 September 2014 (next to be held by 2019)"
      },
      "election results": {
        "text": "percent of vote by party - PDM 50%, MCAP 35.4%, other 14.6%; seats by party - PDM 7, MCAP 2"
      }
    },
    "Judicial branch": {
      "highest court(s)": {
        "text": "the Eastern Caribbean Supreme Court (ECSC) is the itinerant superior court of record for the 9-member Organization of Eastern Caribbean States to include Montserrat; the ECSC - with its headquarters on St. Lucia - is headed by the chief justice and is comprised of the Court of Appeal with 3 justices and the High Court with 16 judges; sittings of the Court of Appeal and High Court rotate among the 9 member states; 1 judge of the Supreme Court is a resident of Montserrat and presides over the High Court; note - Montserrat is also a member of the Caribbean Court of Justice"
      },
      "judge selection and term of office": {
        "text": "chief justice of Eastern Caribbean Supreme Court appointed by the Her Majesty, Queen ELIZABETH II; other justices and judges appointed by the Judicial and Legal Services Commission, and independent body of judicial officials; Court of Appeal justices appointed for life with mandatory retirement at age 65; High Court judges appointed for life with mandatory retirement at age 62"
      },
      "subordinate courts": {
        "text": "magistrate's court"
      }
    },
    "Political parties and leaders": {
      "text": "Movement for Change and Prosperity or MCAP [Reuben MEADE] ++ People's Democratic Movement or PDM [Shirley OSBORNE]"
    },
    "Political pressure groups and leaders": {
      "text": "NA"
    },
    "International organization participation": {
      "text": "Caricom, CDB, Interpol (subbureau), OECS, UPU"
    },
    "Diplomatic representation in the US": {
      "text": "none (overseas territory of the UK)"
    },
    "Diplomatic representation from the US": {
      "text": "none (overseas territory of the UK)"
    },
    "Flag description": {
      "text": "blue with the flag of the UK in the upper hoist-side quadrant and the Montserratian coat of arms centered in the outer half of the flag; the arms feature a woman in green dress, Erin, the female personification of Ireland, standing beside a yellow harp and embracing a large dark cross with her right arm; Erin and the harp are symbols of Ireland reflecting the territory's Irish ancestry; blue represents awareness, trustworthiness, determination, and righteousness"
    },
    "National anthem": {
      "note": {
        "text": "as a territory of the UK, \"God Save the Queen\" is official (see United Kingdom)"
      }
    }
  },
  "Economy": {
    "Economy - overview": {
      "text": "Severe volcanic activity, which began in July 1995, has put a damper on this small, open economy. A catastrophic eruption in June 1997 closed the airport and seaports, causing further economic and social dislocation. Two-thirds of the 12,000 inhabitants fled the island. Some began to return in 1998 but lack of housing limited the number. The agriculture sector continued to be affected by the lack of suitable land for farming and the destruction of crops. ++  ++ Prospects for the economy depend largely on developments in relation to the volcanic activity and on public sector construction activity. Half of the island remains uninhabitable. In January 2013, the EU announced the disbursement of a $55.2 million aid package to Montserrat in order to boost the country's economic recovery, with a specific focus on public finance management, public sector reform, and prudent economic management."
    },
    "GDP (purchasing power parity)": {
      "text": "$43.78 million (2006 est.)"
    },
    "GDP (official exchange rate)": {
      "text": "$NA"
    },
    "GDP - real growth rate": {
      "text": "3.5% (2008 est.)"
    },
    "GDP - per capita (PPP)": {
      "text": "$8,500 (2006 est.)"
    },
    "GDP - composition, by end use": {
      "household consumption": {
        "text": "87.9%"
      },
      "government consumption": {
        "text": "52.5%"
      },
      "investment in fixed capital": {
        "text": "20.6%"
      },
      "investment in inventories": {
        "text": "0.1%"
      },
      "exports of goods and services": {
        "text": "23.5%"
      },
      "imports of goods and services": {
        "text": "-84.5% (2015 est.)"
      }
    },
    "GDP - composition, by sector of origin": {
      "agriculture": {
        "text": "1.6%"
      },
      "industry": {
        "text": "21.7%"
      },
      "services": {
        "text": "76.7% (2015 est.)"
      }
    },
    "Agriculture - products": {
      "text": "cabbages, carrots, cucumbers, tomatoes, onions, peppers; livestock products"
    },
    "Industries": {
      "text": "tourism, rum, textiles, electronic appliances"
    },
    "Industrial production growth rate": {
      "text": "2% (2015 est.)"
    },
    "Labor force": {
      "text": "4,521 (2012)"
    },
    "Unemployment rate": {
      "text": "6% (1998 est.)"
    },
    "Population below poverty line": {
      "text": "NA%"
    },
    "Household income or consumption by percentage share": {
      "lowest 10%": {
        "text": "NA%"
      },
      "highest 10%": {
        "text": "NA%"
      }
    },
    "Budget": {
      "revenues": {
        "text": "$37.04 million"
      },
      "expenditures": {
        "text": "$37.04 million (2015 est.)"
      }
    },
    "Fiscal year": {
      "text": "1 April - 31 March"
    },
    "Inflation rate (consumer prices)": {
      "text": "-1.1% (2015 est.) ++ -0.3% (2014 est.)"
    },
    "Central bank discount rate": {
      "text": "10.99% (31 December 2010) ++ 6.5% (31 December 2009)"
    },
    "Commercial bank prime lending rate": {
      "text": "7.82% (31 December 2015 est.) ++ 8.02% (31 December 2014 est.)"
    },
    "Stock of narrow money": {
      "text": "$17.64 million (31 December 2015 est.) ++ $16.69 million (31 December 2014 est.)"
    },
    "Stock of broad money": {
      "text": "$97.44 million (31 December 2015 est.) ++ $88.59 million (31 December 2014 est.)"
    },
    "Stock of domestic credit": {
      "text": "$5.185 million (31 December 2014 est.) ++ $5.185 million (31 December 2014 est.)"
    },
    "Exports": {
      "text": "$3 million (2015 est.) ++ $3.6 million (2014 est.)"
    },
    "Exports - commodities": {
      "text": "electronic components, plastic bags, apparel; hot peppers, limes, live plants; cattle"
    },
    "Imports": {
      "text": "$30.76 million (2015 est.) ++ $30 million (2014 est.)"
    },
    "Imports - commodities": {
      "text": "machinery and transportation equipment, foodstuffs, manufactured goods, fuels, lubricants"
    },
    "Reserves of foreign exchange and gold": {
      "text": "$51.47 million (31 December 2015 est.) ++ $45.1 million (31 December 2014 est.)"
    },
    "Debt - external": {
      "text": "$8.9 million (1997)"
    },
    "Exchange rates": {
      "text": "East Caribbean dollars (XCD) per US dollar - ++ 2.7 (2015 est.) ++ 2.7 (2014 est.) ++ 2.7 (2013 est.) ++ 2.7 (2012 est.) ++ 2.7 (2011 est.)"
    }
  },
  "Energy": {
    "Electricity - production": {
      "text": "23 million kWh (2014 est.)"
    },
    "Electricity - consumption": {
      "text": "21.39 million kWh (2014 est.)"
    },
    "Electricity - exports": {
      "text": "0 kWh (2013 est.)"
    },
    "Electricity - imports": {
      "text": "0 kWh (2013 est.)"
    },
    "Electricity - installed generating capacity": {
      "text": "5,000 kW (2014 est.)"
    },
    "Electricity - from fossil fuels": {
      "text": "100% of total installed capacity (2012 est.)"
    },
    "Electricity - from nuclear fuels": {
      "text": "0% of total installed capacity (2012 est.)"
    },
    "Electricity - from hydroelectric plants": {
      "text": "0% of total installed capacity (2012 est.)"
    },
    "Electricity - from other renewable sources": {
      "text": "0% of total installed capacity (2012 est.)"
    },
    "Crude oil - production": {
      "text": "0 bbl/day (2015 est.)"
    },
    "Crude oil - exports": {
      "text": "0 bbl/day (2013 est.)"
    },
    "Crude oil - imports": {
      "text": "0 bbl/day (2013 est.)"
    },
    "Crude oil - proved reserves": {
      "text": "0 bbl (1 January 2016 es)"
    },
    "Refined petroleum products - production": {
      "text": "0 bbl/day (2013 est.)"
    },
    "Refined petroleum products - consumption": {
      "text": "570 bbl/day (2014 est.)"
    },
    "Refined petroleum products - exports": {
      "text": "0 bbl/day (2013 est.)"
    },
    "Refined petroleum products - imports": {
      "text": "416.4 bbl/day (2013 est.)"
    },
    "Natural gas - production": {
      "text": "0 cu m (2013 est.)"
    },
    "Natural gas - consumption": {
      "text": "0 cu m (2013 est.)"
    },
    "Natural gas - exports": {
      "text": "0 cu m (2013 est.)"
    },
    "Natural gas - imports": {
      "text": "0 cu m (2013 est.)"
    },
    "Natural gas - proved reserves": {
      "text": "0 cu m (1 January 2014 es)"
    },
    "Carbon dioxide emissions from consumption of energy": {
      "text": "88,010 Mt (2012 est.)"
    }
  },
  "Communications": {
    "Telephones - fixed lines": {
      "total subscriptions": {
        "text": "3,000"
      },
      "subscriptions per 100 inhabitants": {
        "text": "57 (July 2015 est.)"
      }
    },
    "Telephones - mobile cellular": {
      "total": {
        "text": "5,000"
      },
      "subscriptions per 100 inhabitants": {
        "text": "95 (July 2015 est.)"
      }
    },
    "Telephone system": {
      "general assessment": {
        "text": "modern and fully digitalized"
      },
      "domestic": {
        "text": "combined fixed-line and mobile-cellular teledensity exceeds 150 per 100 persons"
      },
      "international": {
        "text": "country code - 1-664; landing point for the East Caribbean Fiber System (ECFS) optic submarine cable with links to 13 other islands in the eastern Caribbean extending from the British Virgin Islands to Trinidad (2015)"
      }
    },
    "Broadcast media": {
      "text": "Radio Montserrat, a public radio broadcaster, transmits on 1 station and has a repeater transmission to a second station; repeater transmissions from the GEM Radio Network of Trinidad and Tobago provide another 2 radio stations; cable and satellite TV available (2007)"
    },
    "Internet country code": {
      "text": ".ms"
    },
    "Internet users": {
      "total": {
        "text": "2,860"
      },
      "percent of population": {
        "text": "54.6% (July 2015 est.)"
      }
    }
  },
  "Transportation": {
    "National air transport system": {
      "number of registered air carriers": {
        "text": "1"
      },
      "inventory of registered aircraft operated by air carriers": {
        "text": "3 (2015)"
      }
    },
    "Civil aircraft registration country code prefix": {
      "text": "VP-M (2016)"
    },
    "Airports": {
      "text": "1 (2013)"
    },
    "Airports - with paved runways": {
      "total": {
        "text": "1"
      },
      "under 914 m": {
        "text": "1 (2013)"
      }
    },
    "Roadways": {
      "note": {
        "text": "volcanic eruptions that began in 1995 destroyed most of the 227 km road system; a new road infrastructure has been built on the north end of the island (2008)"
      }
    },
    "Ports and terminals": {
      "major seaport(s)": {
        "text": "Little Bay, Plymouth"
      }
    }
  },
  "Military and Security": {
    "Military branches": {
      "text": "no regular military forces; Royal Montserrat Police Force (2011)"
    },
    "Military - note": {
      "text": "defense is the responsibility of the UK"
    }
  },
  "Transnational Issues": {
    "Disputes - international": {
      "text": "none"
    },
    "Illicit drugs": {
      "text": "transshipment point for South American narcotics destined for the US and Europe"
    }
  }
}