{
  "Introduction": {
    "Background": {
      "text": "Explored and settled by the Spanish in the 16th century, Panama broke with Spain in 1821 and joined a union of Colombia, Ecuador, and Venezuela - named the Republic of Gran Colombia. When the latter dissolved in 1830, Panama remained part of Colombia. With US backing, Panama seceded from Colombia in 1903 and promptly signed a treaty with the US allowing for the construction of a canal and US sovereignty over a strip of land on either side of the structure (the Panama Canal Zone). The Panama Canal was built by the US Army Corps of Engineers between 1904 and 1914. In 1977, an agreement was signed for the complete transfer of the Canal from the US to Panama by the end of the century. Certain portions of the Zone and increasing responsibility over the Canal were turned over in the subsequent decades. With US help, dictator Manuel NORIEGA was deposed in 1989. The entire Panama Canal, the area supporting the Canal, and remaining US military bases were transferred to Panama by the end of 1999. An ambitious expansion project to more than double the Canal's capacity - by allowing for more Canal transits and larger ships - was carried out between 2007 and 2016."
    }
  },
  "Geography": {
    "Location": {
      "text": "Central America, bordering both the Caribbean Sea and the North Pacific Ocean, between Colombia and Costa Rica"
    },
    "Geographic coordinates": {
      "text": "9 00 N, 80 00 W"
    },
    "Map references": {
      "text": "Central America and the Caribbean"
    },
    "Area": {
      "total": {
        "text": "75,420 sq km"
      },
      "land": {
        "text": "74,340 sq km"
      },
      "water": {
        "text": "1,080 sq km"
      }
    },
    "Area - comparative": {
      "text": "slightly smaller than South Carolina"
    },
    "Land boundaries": {
      "total": {
        "text": "687 km"
      },
      "border countries": {
        "text": "Colombia 339 km, Costa Rica 348 km"
      }
    },
    "Coastline": {
      "text": "2,490 km"
    },
    "Maritime claims": {
      "territorial sea": {
        "text": "12 nm"
      },
      "contiguous zone": {
        "text": "24 nm"
      },
      "exclusive economic zone": {
        "text": "200 nm or edge of continental margin"
      }
    },
    "Climate": {
      "text": "tropical maritime; hot, humid, cloudy; prolonged rainy season (May to January), short dry season (January to May)"
    },
    "Terrain": {
      "text": "interior mostly steep, rugged mountains with dissected, upland plains; coastal plains with rolling hills"
    },
    "Elevation": {
      "mean elevation": {
        "text": "360 m"
      },
      "elevation extremes": {
        "text": "lowest point: Pacific Ocean 0 m ++ highest point: Volcan Baru 3,475 m"
      }
    },
    "Natural resources": {
      "text": "copper, mahogany forests, shrimp, hydropower"
    },
    "Land use": {
      "agricultural land": {
        "text": "30.5% ++ arable land 7.3%; permanent crops 2.5%; permanent pasture 20.7%"
      },
      "forest": {
        "text": "43.6%"
      },
      "other": {
        "text": "25.9% (2011 est.)"
      }
    },
    "Irrigated land": {
      "text": "321 sq km (2012)"
    },
    "Population - distribution": {
      "text": "population is concentrated towards the center of the country, particularly around the Canal, but a sizeable segment of the populace also lives in the far west around David; the eastern third of the country is sparsely inhabited"
    },
    "Natural hazards": {
      "text": "occasional severe storms and forest fires in the Darien area"
    },
    "Environment - current issues": {
      "text": "water pollution from agricultural runoff threatens fishery resources; deforestation of tropical rain forest; land degradation and soil erosion threatens siltation of Panama Canal; air pollution in urban areas; mining threatens natural resources"
    },
    "Environment - international agreements": {
      "party to": {
        "text": "Biodiversity, Climate Change, Climate Change-Kyoto Protocol, Desertification, Endangered Species, Environmental Modification, Hazardous Wastes, Law of the Sea, Marine Dumping, Ozone Layer Protection, Ship Pollution, Tropical Timber 83, Tropical Timber 94, Wetlands, Whaling"
      },
      "signed, but not ratified": {
        "text": "Marine Life Conservation"
      }
    },
    "Geography - note": {
      "text": "strategic location on eastern end of isthmus forming land bridge connecting North and South America; controls Panama Canal that links North Atlantic Ocean via Caribbean Sea with North Pacific Ocean"
    }
  },
  "People and Society": {
    "Population": {
      "text": "3,705,246 (July 2016 est.)"
    },
    "Nationality": {
      "noun": {
        "text": "Panamanian(s)"
      },
      "adjective": {
        "text": "Panamanian"
      }
    },
    "Ethnic groups": {
      "text": "mestizo (mixed Amerindian and white) 65%, Native American 12.3% (Ngabe 7.6%, Kuna 2.4%, Embera 0.9%, Bugle 0.8%, other 0.4%, unspecified 0.2%), black or African descent 9.2%, mulatto 6.8%, white 6.7% (2010 est.)"
    },
    "Languages": {
      "text": "Spanish (official), indigenous languages (including Ngabere (or Guaymi), Buglere, Kuna, Embera, Wounaan, Naso (or Teribe), and Bri Bri), Panamanian English Creole (similar to Jamaican English Creole; a mixture of English and Spanish with elements of Ngabere; also known as Guari Guari and Colon Creole), English, Chinese (Yue and Hakka), Arabic, French Creole, other (Yiddish, Hebrew, Korean, Japanese)",
      "note": {
        "text": "many Panamanians are bilingual"
      }
    },
    "Religions": {
      "text": "Roman Catholic 85%, Protestant 15%"
    },
    "Demographic profile": {
      "text": "Panama is a country of demographic and economic contrasts. It is in the midst of a demographic transition, characterized by steadily declining rates of fertility, mortality, and population growth, but disparities persist based on wealth, geography, and ethnicity. Panama has one of the fastest growing economies in Latin America and dedicates substantial funding to social programs, yet poverty and inequality remain prevalent. The indigenous population accounts for a growing share of Panama's poor and extreme poor, while the non-indigenous rural poor have been more successful at rising out of poverty through rural-to-urban labor migration. The government's large expenditures on untargeted, indirect subsidies for water, electricity, and fuel have been ineffective, but its conditional cash transfer program has shown some promise in helping to decrease extreme poverty among the indigenous population. Panama has expanded access to education and clean water, but the availability of sanitation and, to a lesser extent, electricity remains poor. The increase in secondary schooling - led by female enrollment - is spreading to rural and indigenous areas, which probably will help to alleviate poverty if educational quality and the availability of skilled jobs improve. Inadequate access to sanitation contributes to a high incidence of diarrhea in Panama's children, which is one of the main causes of Panama's elevated chronic malnutrition rate, especially among indigenous communities."
    },
    "Age structure": {
      "0-14 years": {
        "text": "26.7% (male 504,990/female 484,338)"
      },
      "15-24 years": {
        "text": "17.11% (male 323,034/female 311,099)"
      },
      "25-54 years": {
        "text": "40.31% (male 756,400/female 737,205)"
      },
      "55-64 years": {
        "text": "7.72% (male 141,582/female 144,414)"
      },
      "65 years and over": {
        "text": "8.16% (male 138,922/female 163,262) (2016 est.)"
      }
    },
    "Dependency ratios": {
      "total dependency ratio": {
        "text": "53.4%"
      },
      "youth dependency ratio": {
        "text": "41.7%"
      },
      "elderly dependency ratio": {
        "text": "11.7%"
      },
      "potential support ratio": {
        "text": "8.5% (2015 est.)"
      }
    },
    "Median age": {
      "total": {
        "text": "28.9 years"
      },
      "male": {
        "text": "28.5 years"
      },
      "female": {
        "text": "29.3 years (2016 est.)"
      }
    },
    "Population growth rate": {
      "text": "1.3% (2016 est.)"
    },
    "Birth rate": {
      "text": "18.1 births/1,000 population (2016 est.)"
    },
    "Death rate": {
      "text": "4.9 deaths/1,000 population (2016 est.)"
    },
    "Net migration rate": {
      "text": "-0.3 migrant(s)/1,000 population (2016 est.)"
    },
    "Population distribution": {
      "text": "population is concentrated towards the center of the country, particularly around the Canal, but a sizeable segment of the populace also lives in the far west around David; the eastern third of the country is sparsely inhabited"
    },
    "Urbanization": {
      "urban population": {
        "text": "66.6% of total population (2015)"
      },
      "rate of urbanization": {
        "text": "2.07% annual rate of change (2010-15 est.)"
      }
    },
    "Major urban areas - population": {
      "text": "PANAMA CITY (capital) 1.673 million (2015)"
    },
    "Sex ratio": {
      "at birth": {
        "text": "1.05 male(s)/female"
      },
      "0-14 years": {
        "text": "1.04 male(s)/female"
      },
      "15-24 years": {
        "text": "1.04 male(s)/female"
      },
      "25-54 years": {
        "text": "1.03 male(s)/female"
      },
      "55-64 years": {
        "text": "0.98 male(s)/female"
      },
      "65 years and over": {
        "text": "0.85 male(s)/female"
      },
      "total population": {
        "text": "1.01 male(s)/female (2016 est.)"
      }
    },
    "Maternal mortality rate": {
      "text": "94 deaths/100,000 live births (2015 est.)"
    },
    "Infant mortality rate": {
      "total": {
        "text": "10.1 deaths/1,000 live births"
      },
      "male": {
        "text": "10.9 deaths/1,000 live births"
      },
      "female": {
        "text": "9.4 deaths/1,000 live births (2016 est.)"
      }
    },
    "Life expectancy at birth": {
      "total population": {
        "text": "78.6 years"
      },
      "male": {
        "text": "75.8 years"
      },
      "female": {
        "text": "81.6 years (2016 est.)"
      }
    },
    "Total fertility rate": {
      "text": "2.33 children born/woman (2016 est.)"
    },
    "Contraceptive prevalence rate": {
      "text": "52.2% (2009)"
    },
    "Health expenditures": {
      "text": "8% of GDP (2014)"
    },
    "Physicians density": {
      "text": "1.65 physicians/1,000 population (2013)"
    },
    "Hospital bed density": {
      "text": "2.2 beds/1,000 population (2011)"
    },
    "Drinking water source": {
      "improved": {
        "text": " ++ urban: 97.7% of population ++ rural: 86.6% of population ++ total: 94.7% of population"
      },
      "unimproved": {
        "text": " ++ urban: 2.3% of population ++ rural: 11.4% of population ++ total: 5.3% of population (2015 est.)"
      }
    },
    "Sanitation facility access": {
      "improved": {
        "text": " ++ urban: 83.5% of population ++ rural: 58% of population ++ total: 75% of population"
      },
      "unimproved": {
        "text": " ++ urban: 16.5% of population ++ rural: 42% of population ++ total: 25% of population (2015 est.)"
      }
    },
    "HIV/AIDS - adult prevalence rate": {
      "text": "0.69% (2015 est.)"
    },
    "HIV/AIDS - people living with HIV/AIDS": {
      "text": "17,100 (2015 est.)"
    },
    "HIV/AIDS - deaths": {
      "text": "500 (2015 est.)"
    },
    "Major infectious diseases": {
      "degree of risk": {
        "text": "intermediate"
      },
      "food or waterborne diseases": {
        "text": "bacterial diarrhea"
      },
      "vectorborne diseases": {
        "text": "dengue fever"
      },
      "note": {
        "text": "active local transmission of Zika virus by Aedes species mosquitoes has been identified in this country (as of August 2016); it poses an important risk (a large number of cases possible) among US citizens if bitten by an infective mosquito; other less common ways to get Zika are through sex, via blood transfusion, or during pregnancy, in which the pregnant woman passes Zika virus to her fetus (2016)"
      }
    },
    "Obesity - adult prevalence rate": {
      "text": "26.5% (2014)"
    },
    "Children under the age of 5 years underweight": {
      "text": "3.9% (2008)"
    },
    "Education expenditures": {
      "text": "3.3% of GDP (2011)"
    },
    "Literacy": {
      "definition": {
        "text": "age 15 and over can read and write"
      },
      "total population": {
        "text": "95%"
      },
      "male": {
        "text": "95.7%"
      },
      "female": {
        "text": "94.4% (2015 est.)"
      }
    },
    "School life expectancy (primary to tertiary education)": {
      "total": {
        "text": "13 years"
      },
      "male": {
        "text": "12 years"
      },
      "female": {
        "text": "13 years (2013)"
      }
    },
    "Child labor - children ages 5-14": {
      "total number": {
        "text": "59,294"
      },
      "percentage": {
        "text": "7%"
      },
      "note": {
        "text": "data represent children ages 5-17 (2010 est.)"
      }
    },
    "Unemployment, youth ages 15-24": {
      "total": {
        "text": "12.6%"
      },
      "male": {
        "text": "11.2%"
      },
      "female": {
        "text": "14.9% (2014 est.)"
      }
    }
  },
  "Government": {
    "Country name": {
      "conventional long form": {
        "text": "Republic of Panama"
      },
      "conventional short form": {
        "text": "Panama"
      },
      "local long form": {
        "text": "Republica de Panama"
      },
      "local short form": {
        "text": "Panama"
      },
      "etymology": {
        "text": "according to tradition, the name derives from a former indigenous fishing village and its nearby beach that were called \"Panama\" meaning \"an abundance of fish\""
      }
    },
    "Government type": {
      "text": "presidential republic"
    },
    "Capital": {
      "name": {
        "text": "Panama City"
      },
      "geographic coordinates": {
        "text": "8 58 N, 79 32 W"
      },
      "time difference": {
        "text": "UTC-5 (same time as Washington, DC, during Standard Time)"
      }
    },
    "Administrative divisions": {
      "text": "10 provinces (provincias, singular - provincia) and 3 indigenous territories* (comarcas); Bocas del Toro, Chiriqui, Cocle, Colon, Darien, Embera-Wounaan*, Herrera, Kuna Yala*, Los Santos, Ngobe-Bugle*, Panama, Panama Oeste, Veraguas"
    },
    "Independence": {
      "text": "3 November 1903 (from Colombia; became independent from Spain on 28 November 1821)"
    },
    "National holiday": {
      "text": "Independence Day, 3 November (1903)"
    },
    "Constitution": {
      "text": "several previous; latest effective 11 October 1972; amended several times, last in 2004 (2016)"
    },
    "Legal system": {
      "text": "civil law system; judicial review of legislative acts in the Supreme Court of Justice"
    },
    "International law organization participation": {
      "text": "accepts compulsory ICJ jurisdiction with reservations; accepts ICCt jurisdiction"
    },
    "Citizenship": {
      "citizenship by birth": {
        "text": "yes"
      },
      "citizenship by descent": {
        "text": "yes"
      },
      "dual citizenship recognized": {
        "text": "no"
      },
      "residency requirement for naturalization": {
        "text": "5 years"
      }
    },
    "Suffrage": {
      "text": "18 years of age; universal"
    },
    "Executive branch": {
      "chief of state": {
        "text": "President Juan Carlos VARELA (since 1 July 2014); Vice President Isabel de SAINT MALO de Alvarado (since 1 July 2014); note - the president is both chief of state and head of government"
      },
      "head of government": {
        "text": "President Juan Carlos VARELA (since 1 July 2014); Vice President Isabel de SAINT MALO de Alvarado (since 1 July 2014)"
      },
      "cabinet": {
        "text": "Cabinet appointed by the president"
      },
      "elections/appointments": {
        "text": "president and vice president directly elected on the same ballot by simple majority popular vote for a 5-year term (president eligible for a single non-consecutive term); election last held on 4 May 2014; next to be held in 2019)"
      },
      "election results": {
        "text": "Juan Carlos VARELA elected president; percent of vote - Juan Carlos VARELA (PP) 39.1%, Jose Domingo ARIAS (CD) 31.4%, Juan Carlos NAVARRO (PRD) 28.2%, other 1.3%"
      },
      "note": {
        "text": "an alliance between the Panamenista Party and Democratic Revolutionary Party (PRD) fractured after the 2014 election, but a loose coalition composed of Panamenista and moderate PRD and CD legislators generally work together to support the president’s agenda"
      }
    },
    "Legislative branch": {
      "description": {
        "text": "unicameral National Assembly or Asamblea Nacional (71 seats; 45 members directly elected in multi-seat constituencies - populous towns and cities - by proportional representation vote and 26 directly elected in single-seat constituencies - outlying rural districts - by plurality vote; members serve 5-year terms)"
      },
      "elections": {
        "text": "last held on 4 May 2014 (next to be held in May 2019)"
      },
      "election results": {
        "text": "percent of vote by party - NA; seats by party - PRD 26, CD 25, Panamenista 16, MOLIRENA 2, PP 1, independent 1; note - only 57 deputies were officially installed because fourteen runners-up challenged the election"
      }
    },
    "Judicial branch": {
      "highest court(s)": {
        "text": "Supreme Court of Justice or Corte Suprema de Justicia (consists of 9 magistrates and 9 alternates and divided into civil, criminal, administrative, and general business chambers)"
      },
      "judge selection and term of office": {
        "text": "magistrates appointed by the president for staggered 10-year terms"
      },
      "subordinate courts": {
        "text": "appellate courts or Tribunal Superior; Labor Supreme Courts; Court of Audit; circuit courts or Tribunal Circuital (2 each in 9 of the 10 provinces); municipal courts; electoral, family, maritime, and adolescent courts"
      }
    },
    "Political parties and leaders": {
      "text": "Democratic Change or CD [Ricardo MARTINELLI Berrocal] ++ Democratic Revolutionary Party or PRD [Carlos PEREZ Herrera] ++ Nationalist Republican Liberal Movement or MOLIRENA [Francisco \"Pancho\" ALEMAN] ++ Panamenista Party [Juan Carlos VARELA Rodriguez] (formerly the Arnulfista Party) ++ Popular Party or PP [Milton C. HENRIQUEZ] (formerly Christian Democratic Party or PDC)"
    },
    "Political pressure groups and leaders": {
      "text": "Chamber of Commerce ++ Concertacion Nacional (mechanism for Government of Panama to formally dialogue with representatives of civil society) ++ National Council of Organized Workers or CONATO ++ National Council of Private Enterprise or CONEP ++ National Union of Construction and Similar Workers (SUNTRACS) ++ Panamanian Association of Business Executives or APEDE ++ Panamanian Industrialists Society or SIP ++ Workers Confederation of the Republic of Panama or CTRP"
    },
    "International organization participation": {
      "text": "BCIE, CAN (observer), CD, CELAC, FAO, G-77, IADB, IAEA, IBRD, ICAO, ICC (national committees), ICCt, ICRM, IDA, IFAD, IFC, IFRCS, ILO, IMF, IMO, IMSO, Interpol, IOC, IOM, IPU, ISO, ITSO, ITU, ITUC (NGOs), LAES, LAIA, MIGA, NAM, OAS, OPANAL, OPCW, Pacific Alliance (observer), PCA, SICA, UN, UNASUR (observer), UNCTAD, UNESCO, UNIDO, Union Latina, UNWTO, UPU, WCO, WFTU (NGOs), WHO, WIPO, WMO, WTO"
    },
    "Diplomatic representation in the US": {
      "chief of mission": {
        "text": "Ambassador Emanuel Arturo GONZALEZ-REVILLA Lince (since 18 September 2014)"
      },
      "chancery": {
        "text": "2862 McGill Terrace NW, Washington, DC 20007"
      },
      "telephone": {
        "text": "[1] (202) 483-1407"
      },
      "FAX": {
        "text": "[1] (202) 483-8413"
      },
      "consulate(s) general": {
        "text": "Atlanta, Houston, Miami, New Orleans, New York, Philadelphia, Tampa, Washington DC"
      }
    },
    "Diplomatic representation from the US": {
      "chief of mission": {
        "text": "Ambassador John D. FEELEY (since 15 February 2015)"
      },
      "embassy": {
        "text": "Edificio 783, Avenida Demetrio Basilio Lakas Panama, Apartado Postal 0816-02561, Zona 5, Panama City"
      },
      "mailing address": {
        "text": "American Embassy Panama, Unit 0945, APO AA 34002; American Embassy Panama, 9100 Panama City PL, Washington, DC 20521-9100"
      },
      "telephone": {
        "text": "[507] 317-5000"
      },
      "FAX": {
        "text": "[507] 317-5568"
      }
    },
    "Flag description": {
      "text": "divided into four, equal rectangles; the top quadrants are white (hoist side) with a blue five-pointed star in the center and plain red; the bottom quadrants are plain blue (hoist side) and white with a red five-pointed star in the center; the blue and red colors are those of the main political parties (Conservatives and Liberals respectively) and the white denotes peace between them; the blue star stands for the civic virtues of purity and honesty, the red star signifies authority and law"
    },
    "National symbol(s)": {
      "text": "harpy eagle; national colors: blue, white, red"
    },
    "National anthem": {
      "name": {
        "text": "\"Himno Istmeno\" (Isthmus Hymn)"
      },
      "lyrics/music": {
        "text": "Jeronimo DE LA OSSA/Santos A. JORGE"
      },
      "note": {
        "text": "adopted 1925"
      }
    }
  },
  "Economy": {
    "Economy - overview": {
      "text": "Panama's dollar-based economy rests primarily on a well-developed services sector that accounts for more than three-quarters of GDP. Services include operating the Panama Canal, logistics, banking, the Colon Free Trade Zone, insurance, container ports, flagship registry, and tourism. Panama's transportation and logistics services sectors, along with infrastructure development projects, have boosted economic growth; however, public debt surpassed $32 billion in 2015 because of excessive government spending and public works projects. The US-Panama Trade Promotion Agreement was approved by Congress and signed into law in October 2011, and entered into force in October 2012. ++  ++ Growth will be bolstered by the Panama Canal expansion project that began in 2007 and is estimated to be completed by 2016 at a cost of $5.3 billion - about 10-15% of current GDP. The expansion project will more than double the Canal's capacity, enabling it to accommodate ships that are too large to traverse the existing canal. The US and China are the top users of the Canal. In 2014, Panama completed a metro system in Panama City, valued at $1.2 billion. ++  ++ Strong economic performance has not translated into broadly shared prosperity, as Panama has the second worst income distribution in Latin America. About one-fourth of the population lives in poverty; however, from 2006 to 2012 poverty was reduced by 10 percentage points."
    },
    "GDP (purchasing power parity)": {
      "text": "$87.2 billion (2015 est.) ++ $82.43 billion (2014 est.) ++ $77.73 billion (2013 est.)",
      "note": {
        "text": "data are in 2015 US dollars"
      }
    },
    "GDP (official exchange rate)": {
      "text": "$52.13 billion (2015 est.)"
    },
    "GDP - real growth rate": {
      "text": "5.8% (2015 est.) ++ 6.1% (2014 est.) ++ 6.6% (2013 est.)"
    },
    "GDP - per capita (PPP)": {
      "text": "$21,800 (2015 est.) ++ $21,000 (2014 est.) ++ $20,200 (2013 est.)",
      "note": {
        "text": "data are in 2015 US dollars"
      }
    },
    "Gross national saving": {
      "text": "41.2% of GDP (2015 est.) ++ 40.2% of GDP (2014 est.) ++ 35.2% of GDP (2013 est.)"
    },
    "GDP - composition, by end use": {
      "household consumption": {
        "text": "50.2%"
      },
      "government consumption": {
        "text": "9.7%"
      },
      "investment in fixed capital": {
        "text": "43.8%"
      },
      "investment in inventories": {
        "text": "3.3%"
      },
      "exports of goods and services": {
        "text": "52.9%"
      },
      "imports of goods and services": {
        "text": "-59.9% (2015 est.)"
      }
    },
    "GDP - composition, by sector of origin": {
      "agriculture": {
        "text": "2.8%"
      },
      "industry": {
        "text": "14.4%"
      },
      "services": {
        "text": "77.3% (2015 est.)"
      }
    },
    "Agriculture - products": {
      "text": "bananas, rice, corn, coffee, sugarcane, vegetables; livestock; shrimp"
    },
    "Industries": {
      "text": "construction, brewing, cement and other construction materials, sugar milling"
    },
    "Industrial production growth rate": {
      "text": "5.9% (2015 est.)"
    },
    "Labor force": {
      "text": "1.587 million",
      "note": {
        "text": "shortage of skilled labor, but an oversupply of unskilled labor (2015 est.)"
      }
    },
    "Labor force - by occupation": {
      "agriculture": {
        "text": "17%"
      },
      "industry": {
        "text": "18.6%"
      },
      "services": {
        "text": "64.4% (2009 est.)"
      }
    },
    "Unemployment rate": {
      "text": "4.5% (2015 est.) ++ 4.5% (2014 est.)"
    },
    "Population below poverty line": {
      "text": "26% (2012 est.)"
    },
    "Household income or consumption by percentage share": {
      "lowest 10%": {
        "text": "1.1%"
      },
      "highest 10%": {
        "text": "40.1% (2010 est.)"
      }
    },
    "Distribution of family income - Gini index": {
      "text": "51.9 (2010 est.) ++ 56.1 (2003)"
    },
    "Budget": {
      "revenues": {
        "text": "$10.66 billion"
      },
      "expenditures": {
        "text": "$11.88 billion (2015 est.)"
      }
    },
    "Taxes and other revenues": {
      "text": "20.4% of GDP (2015 est.)"
    },
    "Budget surplus (+) or deficit (-)": {
      "text": "-2.3% of GDP (2015 est.)"
    },
    "Public debt": {
      "text": "38.8% of GDP (2015 est.) ++ 37.7% of GDP (2014 est.)"
    },
    "Fiscal year": {
      "text": "calendar year"
    },
    "Inflation rate (consumer prices)": {
      "text": "0.1% (2015 est.) ++ 2.6% (2014 est.)"
    },
    "Commercial bank prime lending rate": {
      "text": "7.46% (31 December 2015 est.) ++ 6.83% (31 December 2014 est.)"
    },
    "Stock of narrow money": {
      "text": "$8.215 billion (31 December 2015 est.) ++ $8.317 billion (31 December 2014 est.)"
    },
    "Stock of broad money": {
      "text": "$36.14 billion (31 December 2015 est.) ++ $34.65 billion (31 December 2014 est.)"
    },
    "Stock of domestic credit": {
      "text": "$42.98 billion (31 December 2015 est.) ++ $38.67 billion (31 December 2014 est.)"
    },
    "Market value of publicly traded shares": {
      "text": "$12.54 billion (31 December 2012 est.) ++ $10.68 billion (31 December 2011 est.) ++ $8.348 billion (31 December 2010 est.)"
    },
    "Current account balance": {
      "text": "-$3.377 billion (2015 est.) ++ -$4.794 billion (2014 est.)"
    },
    "Exports": {
      "text": "$15.92 billion (2015 est.) ++ $17.22 billion (2014 est.)",
      "note": {
        "text": "includes the Colon Free Zone"
      }
    },
    "Exports - commodities": {
      "text": "fruit and nuts, fish, iron and steel waste, wood"
    },
    "Exports - partners": {
      "text": "US 19.7%, Germany 13.2%, Costa Rica 7.7%, China 5.9%, Netherlands 4.1% (2015)"
    },
    "Imports": {
      "text": "$22.48 billion (2015 est.) ++ $25.7 billion (2014 est.)",
      "note": {
        "text": "includes the Colon Free Zone"
      }
    },
    "Imports - commodities": {
      "text": "fuels, machinery, vehicles, iron and steel rods, pharmaceuticals"
    },
    "Imports - partners": {
      "text": "US 25.9%, China 9.6%, Mexico 5.1% (2015)"
    },
    "Reserves of foreign exchange and gold": {
      "text": "$3.378 billion (31 December 2015 est.) ++ $4.032 billion (31 December 2014 est.)"
    },
    "Debt - external": {
      "text": "$21.03 billion (31 December 2015 est.) ++ $19.34 billion (31 December 2014 est.)"
    },
    "Stock of direct foreign investment - at home": {
      "text": "$45.28 billion (31 December 2015 est.) ++ $39.52 billion (31 December 2014 est.)"
    },
    "Stock of direct foreign investment - abroad": {
      "text": "$9.755 billion (31 December 2015 est.) ++ $8.506 billion (31 December 2014 est.)"
    },
    "Exchange rates": {
      "text": "balboas (PAB) per US dollar - ++ 1 (2015 est.) ++ 1 (2014 est.) ++ 1 (2013 est.) ++ 1 (2012 est.) ++ 1 (2011 est.)"
    }
  },
  "Energy": {
    "Electricity access": {
      "population without electricity": {
        "text": "300,000"
      },
      "electrification - total population": {
        "text": "91%"
      },
      "electrification - urban areas": {
        "text": "94%"
      },
      "electrification - rural areas": {
        "text": "80% (2013)"
      }
    },
    "Electricity - production": {
      "text": "9 billion kWh (2014 est.)"
    },
    "Electricity - consumption": {
      "text": "7.8 billion kWh (2014 est.)"
    },
    "Electricity - exports": {
      "text": "99 million kWh (2014 est.)"
    },
    "Electricity - imports": {
      "text": "200 million kWh (2014 est.)"
    },
    "Electricity - installed generating capacity": {
      "text": "2.7 million kW (2014 est.)"
    },
    "Electricity - from fossil fuels": {
      "text": "38.7% of total installed capacity (2012 est.)"
    },
    "Electricity - from nuclear fuels": {
      "text": "0% of total installed capacity (2012 est.)"
    },
    "Electricity - from hydroelectric plants": {
      "text": "61.3% of total installed capacity (2012 est.)"
    },
    "Electricity - from other renewable sources": {
      "text": "0% of total installed capacity (2012 est.)"
    },
    "Crude oil - production": {
      "text": "0 bbl/day (2015 est.)"
    },
    "Crude oil - exports": {
      "text": "0 bbl/day (2013 est.)"
    },
    "Crude oil - imports": {
      "text": "0 bbl/day (2013 est.)"
    },
    "Crude oil - proved reserves": {
      "text": "0 bbl (1 January 2010 es)"
    },
    "Refined petroleum products - production": {
      "text": "0 bbl/day (2013 est.)"
    },
    "Refined petroleum products - consumption": {
      "text": "136,000 bbl/day (2014 est.)"
    },
    "Refined petroleum products - exports": {
      "text": "66.08 bbl/day (2013 est.)"
    },
    "Refined petroleum products - imports": {
      "text": "127,000 bbl/day (2013 est.)"
    },
    "Natural gas - production": {
      "text": "0 cu m (2013 est.)"
    },
    "Natural gas - consumption": {
      "text": "0 cu m (2013 est.)"
    },
    "Natural gas - exports": {
      "text": "0 cu m (2013 est.)"
    },
    "Natural gas - imports": {
      "text": "0 cu m (2013 est.)"
    },
    "Natural gas - proved reserves": {
      "text": "0 cu m (1 January 2014 es)"
    },
    "Carbon dioxide emissions from consumption of energy": {
      "text": "17 million Mt (2013 est.)"
    }
  },
  "Communications": {
    "Telephones - fixed lines": {
      "total subscriptions": {
        "text": "620,436"
      },
      "subscriptions per 100 inhabitants": {
        "text": "17 (July 2015 est.)"
      }
    },
    "Telephones - mobile cellular": {
      "total": {
        "text": "6.947 million"
      },
      "subscriptions per 100 inhabitants": {
        "text": "190 (July 2015 est.)"
      }
    },
    "Telephone system": {
      "general assessment": {
        "text": "domestic and international facilities well-developed"
      },
      "domestic": {
        "text": "mobile-cellular telephone subscribership has increased rapidly"
      },
      "international": {
        "text": "country code - 507; landing point for the Americas Region Caribbean Ring System (ARCOS-1), the MAYA-1, and PAN-AM submarine cable systems that together provide links to the US and parts of the Caribbean, Central America, and South America; satellite earth stations - 2 Intelsat (Atlantic Ocean); connected to the Central American Microwave System (2015)"
      }
    },
    "Broadcast media": {
      "text": "multiple privately owned TV networks and a government-owned educational TV station; multi-channel cable and satellite TV subscription services are available; more than 100 commercial radio stations (2007)"
    },
    "Internet country code": {
      "text": ".pa"
    },
    "Internet users": {
      "total": {
        "text": "1.873 million"
      },
      "percent of population": {
        "text": "51.2% (July 2015 est.)"
      }
    }
  },
  "Transportation": {
    "National air transport system": {
      "number of registered air carriers": {
        "text": "4"
      },
      "inventory of registered aircraft operated by air carriers": {
        "text": "103"
      },
      "annual passenger traffic on registered air carriers": {
        "text": "12,018,103"
      },
      "annual freight traffic on registered air carriers": {
        "text": "121,567,075 mt-km (2015)"
      }
    },
    "Civil aircraft registration country code prefix": {
      "text": "HP (2016)"
    },
    "Airports": {
      "text": "117 (2013)"
    },
    "Airports - with paved runways": {
      "total": {
        "text": "57"
      },
      "over 3,047 m": {
        "text": "1"
      },
      "2,438 to 3,047 m": {
        "text": "3"
      },
      "1,524 to 2,437 m": {
        "text": "3"
      },
      "914 to 1,523 m": {
        "text": "20"
      },
      "under 914 m": {
        "text": "30 (2013)"
      }
    },
    "Airports - with unpaved runways": {
      "total": {
        "text": "60"
      },
      "1,524 to 2,437 m": {
        "text": "1"
      },
      "914 to 1,523 m": {
        "text": "8"
      },
      "under 914 m": {
        "text": "51 (2013)"
      }
    },
    "Heliports": {
      "text": "3 (2013)"
    },
    "Pipelines": {
      "text": "oil 128 km (2013)"
    },
    "Railways": {
      "total": {
        "text": "77 km"
      },
      "standard gauge": {
        "text": "77 km 1.435-m gauge (2014)"
      }
    },
    "Roadways": {
      "total": {
        "text": "15,137 km"
      },
      "paved": {
        "text": "6,351 km"
      },
      "unpaved": {
        "text": "8,786 km (2010)"
      }
    },
    "Waterways": {
      "text": "800 km (includes the 82-km Panama Canal that is being widened) (2011)"
    },
    "Merchant marine": {
      "total": {
        "text": "6,413"
      },
      "by type": {
        "text": "barge carrier 1, bulk carrier 2,525, cargo 1,115, carrier 27, chemical tanker 588, combination ore/oil 1, container 742, liquefied gas 205, passenger 42, passenger/cargo 51, petroleum tanker 545, refrigerated cargo 191, roll on/roll off 87, specialized tanker 3, vehicle carrier 290"
      },
      "foreign-owned": {
        "text": "5,157 (Albania 4, Argentina 5, Australia 4, Bahamas 6, Bangladesh 5, Belgium 1, Bermuda 27, Brazil 3, Bulgaria 6, Burma 3, Canada 6, Chile 14, China 534, Colombia 2, Croatia 2, Cuba 2, Cyprus 5, Denmark 41, Ecuador 3, Egypt 11, Finland 2, France 7, Gabon 1, Germany 24, Gibraltar 1, Greece 379, Hong Kong 144, India 24, Indonesia 10, Iran 5, Ireland 1, Israel 1, Italy 25, Japan 2372, Jordan 11, Kuwait 12, Lebanon 2, Lithuania 3, Luxembourg 1, Malaysia 12, Maldives 2, Malta 2, Mexico 5, Monaco 11, Netherlands 6, Nigeria 6, Norway 81, Oman 10, Pakistan 3, Peru 9, Philippines 5, Portugal 10, Qatar 1, Romania 3, Russia 49, Saudi Arabia 11, Singapore 92, South Korea 373, Spain 30, Sweden 2, Switzerland 15, Syria 34, Taiwan 328, Tanzania 2, Thailand 6, Turkey 62, UAE 83, UK 37, Ukraine 8, US 90, Venezuela 13, Vietnam 43, Yemen 4)"
      },
      "registered in other countries": {
        "text": "1 (Honduras 1) (2010)"
      }
    },
    "Ports and terminals": {
      "major seaport(s)": {
        "text": "Balboa, Colon, Cristobal"
      },
      "container port(s) (TEUs)": {
        "text": "Balboa (3,232,265), Colon (2,390,976), Manzanillo (2,391,066)"
      }
    }
  },
  "Military and Security": {
    "Military branches": {
      "text": "no regular military forces; Panamanian Public Security Forces (subordinate to the Ministry of Public Security), comprising the National Police (PNP), National Air-Naval Service (SENAN), National Border Service (SENAFRONT) (2013)"
    },
    "Military - note": {
      "text": "on 10 February 1990, the government of then President ENDARA abolished Panama's military and reformed the security apparatus by creating the Panamanian Public Forces; in October 1994, Panama's Legislative Assembly approved a constitutional amendment prohibiting the creation of a standing military force but allowing the temporary establishment of special police units to counter acts of \"external aggression\""
    }
  },
  "Transnational Issues": {
    "Disputes - international": {
      "text": "organized illegal narcotics operations in Colombia operate within the remote border region with Panama"
    },
    "Refugees and internally displaced persons": {
      "refugees (country of origin)": {
        "text": "15,593 (Colombia) (2015)"
      },
      "stateless persons": {
        "text": "2 (2015)"
      }
    },
    "Illicit drugs": {
      "text": "major cocaine transshipment point and primary money-laundering center for narcotics revenue; money-laundering activity is especially heavy in the Colon Free Zone; offshore financial center; negligible signs of coca cultivation; monitoring of financial transactions is improving; official corruption remains a major problem"
    }
  }
}