{
  "Introduction": {
    "Background": {
      "text": "Although sighted by Christopher COLUMBUS in 1493 and claimed for Spain, it was the Dutch who occupied the island in 1631 and set about exploiting its salt deposits. The Spanish retook the island in 1633, but continued to be harassed by the Dutch. The Spanish finally relinquished Saint Martin to the French and Dutch, who divided it between themselves in 1648. Friction between the two sides caused the border to frequently fluctuate over the next two centuries, with the French eventually holding the greater portion of the island (about 57%). The cultivation of sugar cane introduced African slavery to the island in the late 18th century; the practice was not abolished until 1848. The island became a free port in 1939; the tourism industry was dramatically expanded during the 1970s and 1980s. In 2003, the populace of Saint Martin voted to secede from Guadeloupe and in 2007, the northern portion of the island became a French overseas collectivity. In 2010, the southern Dutch portion of the island became the independent nation of Sint Maarten within the Kingdom of the Netherlands."
    }
  },
  "Geography": {
    "Location": {
      "text": "Caribbean, located in the Leeward Islands (northern) group; French part of the island of Saint Martin in the Caribbean Sea; Saint Martin lies east of the US Virgin Islands"
    },
    "Geographic coordinates": {
      "text": "18 05 N, 63 57 W"
    },
    "Map references": {
      "text": "Central America and the Caribbean"
    },
    "Area": {
      "total": {
        "text": "54.4 sq km"
      },
      "land": {
        "text": "54.4 sq km"
      },
      "water": {
        "text": "NEGL"
      }
    },
    "Area - comparative": {
      "text": "more than one-third the size of Washington, DC"
    },
    "Land boundaries": {
      "total": {
        "text": "16 km"
      },
      "border countries": {
        "text": "Sint Maarten 16 km"
      }
    },
    "Coastline": {
      "text": "58.9 km (for entire island)"
    },
    "Climate": {
      "text": "temperature averages 27-29 degrees Celsius all year long; low humidity, gentle trade winds, brief, intense rain showers; hurricane season stretches from July to November"
    },
    "Elevation": {
      "mean elevation": {
        "text": "NA"
      },
      "elevation extremes": {
        "text": "lowest point: Caribbean Ocean 0 m ++ highest point: Pic du Paradis 424 m"
      }
    },
    "Natural resources": {
      "text": "salt"
    },
    "Population - distribution": {
      "text": "most of the population is found along the coast, with a largest concentrations around Marigot, Orleans, and Grand-Case"
    },
    "Natural hazards": {
      "text": "subject to hurricanes from July to November"
    },
    "Environment - current issues": {
      "text": "freshwater supply is dependent on desalination of sea water"
    },
    "Geography - note": {
      "text": "the island of Saint Martin is the smallest landmass in the world shared by two independent states, the French territory of Saint Martin and the Dutch territory of Sint Maarten"
    }
  },
  "People and Society": {
    "Population": {
      "text": "31,949 (July 2016 est.)"
    },
    "Ethnic groups": {
      "text": "Creole (mulatto), black, Guadeloupe Mestizo (French-East Asia), white, East Indian"
    },
    "Languages": {
      "text": "French (official), English, Dutch, French Patois, Spanish, Papiamento (dialect of Netherlands Antilles)"
    },
    "Religions": {
      "text": "Roman Catholic, Jehovah's Witnesses, Protestant, Hindu"
    },
    "Age structure": {
      "0-14 years": {
        "text": "26.38% (male 4,197/female 4,232)"
      },
      "15-24 years": {
        "text": "10.43% (male 1,656/female 1,676)"
      },
      "25-54 years": {
        "text": "46.87% (male 7,139/female 7,836)"
      },
      "55-64 years": {
        "text": "8.67% (male 1,287/female 1,483)"
      },
      "65 years and over": {
        "text": "7.65% (male 1,085/female 1,358) (2016 est.)"
      }
    },
    "Median age": {
      "total": {
        "text": "32.3 years"
      },
      "male": {
        "text": "31.3 years"
      },
      "female": {
        "text": "33.2 years (2016 est.)"
      }
    },
    "Population distribution": {
      "text": "most of the population is found along the coast, with a largest concentrations around Marigot, Orleans, and Grand-Case"
    },
    "Sex ratio": {
      "at birth": {
        "text": "1.04 male(s)/female"
      },
      "0-14 years": {
        "text": "0.99 male(s)/female"
      },
      "15-24 years": {
        "text": "0.99 male(s)/female"
      },
      "25-54 years": {
        "text": "0.91 male(s)/female"
      },
      "55-64 years": {
        "text": "0.87 male(s)/female"
      },
      "65 years and over": {
        "text": "0.81 male(s)/female"
      },
      "total population": {
        "text": "0.93 male(s)/female (2016 est.)"
      }
    },
    "Major infectious diseases": {
      "note": {
        "text": "active local transmission of Zika virus by Aedes species mosquitoes has been identified in this country (as of August 2016); it poses an important risk (a large number of cases possible) among US citizens if bitten by an infective mosquito; other less common ways to get Zika are through sex, via blood transfusion, or during pregnancy, in which the pregnant woman passes Zika virus to her fetus (2016)"
      }
    }
  },
  "Government": {
    "Country name": {
      "conventional long form": {
        "text": "Overseas Collectivity of Saint Martin"
      },
      "conventional short form": {
        "text": "Saint Martin"
      },
      "local long form": {
        "text": "Collectivite d'outre mer de Saint-Martin"
      },
      "local short form": {
        "text": "Saint-Martin"
      },
      "etymology": {
        "text": "explorer Christopher COLUMBUS named the island after Saint MARTIN of Tours because the 11 November 1493 day of discovery was the saint's feast day"
      }
    },
    "Dependency status": {
      "text": "overseas collectivity of France"
    },
    "Capital": {
      "name": {
        "text": "Marigot"
      },
      "geographic coordinates": {
        "text": "18 04 N, 63 05 W"
      },
      "time difference": {
        "text": "UTC-4 (1 hour ahead of Washington, DC, during Standard Time)"
      }
    },
    "Independence": {
      "text": "none (overseas collectivity of France)"
    },
    "National holiday": {
      "text": "Fete de la Federation, 14 July (1789); note - local holiday is Schoalcher Day (Slavery Abolition Day) 12 July (1848)"
    },
    "Constitution": {
      "text": "4 October 1958 (French Constitution)"
    },
    "Legal system": {
      "text": "French civil law"
    },
    "Citizenship": {
      "text": "see France"
    },
    "Suffrage": {
      "text": "18 years of age, universal"
    },
    "Executive branch": {
      "chief of state": {
        "text": "President Francois HOLLANDE (since 15 May 2012); represented by Deputy Prefect Philippe CHOPIN (since 16 November 2011)"
      },
      "head of government": {
        "text": "President of Territorial Council Aline HANSON (since 17 April 2013)"
      },
      "cabinet": {
        "text": "Executive Council; note - there is also an advisory economic, social, and cultural council"
      },
      "elections/appointments": {
        "text": "French president directly elected by absolute majority popular vote in 2 rounds if needed for a 5-year term (eligible for a second term); prefect appointed by French president on the advice of French Ministry of Interior; president of Territorial Council elected by its members for a 5-year term; election last held on 17 April 2013 (next to be held in 2018)"
      },
      "election results": {
        "text": "Aline HANSON elected president by the Territorial Council"
      }
    },
    "Legislative branch": {
      "description": {
        "text": "unicameral Territorial Council (23 seats; members directly elected by absolute majority vote to serve 5-year terms)"
      },
      "note": {
        "text": "Saint Martin elects 1 member to the French Senate; election last held on 28 September 2014 (next to be held not later than September 2017); results - percent of vote by party - NA; seats by party - UMP 1; one seat (shared with Saint Barthelemy) was elected to the French National Assembly on 17 June 2012 (next to be held by June 2017); results - percent of vote by party - NA; seats by party - UMP 1"
      },
      "elections": {
        "text": "last held on 18 and 25 March 2012 (next to be held in July 2017)"
      },
      "election results": {
        "text": "percent of seats by party - RRR 34.1%, Team Daniel Gibbs 2012 32%, UPP 13.3%, Saint-Martin pour tous 9.4%, other 11.2%; seats by party - NA; second round, percent of seats by party - RRR 56.9%, Team Daniel Gibbs 43.1%; seats by party - RRR 17, Team Daniel Gibbs 6"
      }
    },
    "Political parties and leaders": {
      "text": "Rally Responsibility Success (Rassemblement Responsabilite Reussite or RRR [Alain RICHARDSON] ++ Team Daniel Gibbs [Daniel GIBBS] ++ Union for Progress (Union Pour le Progres or UPP) [Louis-Constant FLEMING]; affiliated with UMP"
    },
    "Political pressure groups and leaders": {
      "text": "NA"
    },
    "International organization participation": {
      "text": "UPU"
    },
    "Diplomatic representation in the US": {
      "text": "none (overseas collectivity of France)"
    },
    "Diplomatic representation from the US": {
      "text": "none (overseas collectivity of France)"
    },
    "Flag description": {
      "text": "the flag of France is used"
    },
    "National symbol(s)": {
      "text": "brown pelican"
    },
    "National anthem": {
      "name": {
        "text": "\"O Sweet Saint Martin's Land\""
      },
      "lyrics/music": {
        "text": "Gerard KEMPS"
      },
      "note": {
        "text": "the song, written in 1958, is used as an unofficial anthem for the entire island (both French and Dutch sides); as a collectivity of France, in addition to the local anthem, \"La Marseillaise\" remains official on the French side (see France); as a constituent part of the Kingdom of the Netherlands, in addition to the local anthem, \"Het Wilhelmus\" remains official on the Dutch side (see Netherlands)"
      }
    }
  },
  "Economy": {
    "Economy - overview": {
      "text": "The economy of Saint Martin centers on tourism with 85% of the labor force engaged in this sector. Over one million visitors come to the island each year with most arriving through the Princess Juliana International Airport in Sint Maarten. No significant agriculture and limited local fishing means that almost all food must be imported. Energy resources and manufactured goods are also imported, primarily from Mexico and the US. Saint Martin is reported to have the highest per capita income in the Caribbean."
    },
    "GDP (purchasing power parity)": {
      "text": "$561.5 million (2005 est.)"
    },
    "GDP (official exchange rate)": {
      "text": "$561.5 million (2005 est.)"
    },
    "GDP - per capita (PPP)": {
      "text": "$19,300 (2005 est.)"
    },
    "GDP - composition, by sector of origin": {
      "agriculture": {
        "text": "1%"
      },
      "industry": {
        "text": "15%"
      },
      "services": {
        "text": "84% (2000)"
      }
    },
    "Industries": {
      "text": "tourism, light industry and manufacturing, heavy industry"
    },
    "Labor force": {
      "text": "17,300 (2008 est.)"
    },
    "Labor force - by occupation": {
      "text": "85% directly or indirectly employed in tourist industry"
    },
    "Imports - commodities": {
      "text": "crude petroleum, food, manufactured items"
    },
    "Exchange rates": {
      "text": "euros (EUR) per US dollar - ++ 0.885 (2015 est.) ++ 0.7489 (2014 est.) ++ 0.7634 (2013 est.) ++ 0.7752 (2012 est.) ++ 0.7185 (2011 est.)"
    }
  },
  "Energy": {
    "Electricity access": {
      "population without electricity": {
        "text": "3,194"
      },
      "electrification - total population": {
        "text": "91%"
      },
      "electrification - urban areas": {
        "text": "100%"
      },
      "electrification - rural areas": {
        "text": "80% (2012)"
      }
    }
  },
  "Communications": {
    "Telephone system": {
      "general assessment": {
        "text": "fully integrated access"
      },
      "domestic": {
        "text": "direct dial capability with both fixed and wireless systems"
      },
      "international": {
        "text": "country code - 590; undersea fiber-optic cable provides voice and data connectivity to Puerto Rico and Guadeloupe (2009)"
      }
    },
    "Broadcast media": {
      "text": "1 local TV station; access to about 20 radio stations, including RFO Guadeloupe radio broadcasts via repeater (2008)"
    },
    "Internet country code": {
      "text": ".mf; note - .gp, the Internet country code for Guadeloupe, and .fr, the Internet country code for France, might also be encountered"
    },
    "Internet users": {
      "total": {
        "text": "1,100"
      },
      "percent of population": {
        "text": "3.5% (July 2015 est.)"
      }
    }
  },
  "Transportation": {
    "Airports": {
      "text": "1 (2013)"
    },
    "Airports - with paved runways": {
      "total": {
        "text": "1"
      },
      "914 to 1,523 m": {
        "text": "1 (2013)"
      }
    },
    "Transportation - note": {
      "text": "nearest airport for international flights is Princess Juliana International Airport (SXM) located on Sint Maarten"
    }
  },
  "Military and Security": {
    "Military - note": {
      "text": "defense is the responsibility of France"
    }
  }
}