{
  "Introduction": {
    "Background": {
      "text": "Carib Indians occupied the islands of the West Indies for hundreds of years before the British began settlement in 1623. In 1967, the island territory of Saint Christopher-Nevis-Anguilla became an associated state of the UK with full internal autonomy. The island of Anguilla rebelled and was allowed to secede in 1971. The remaining islands achieved independence in 1983 as Saint Kitts and Nevis. In 1998, a referendum on Nevis to separate from Saint Kitts fell short of the two-thirds majority vote needed. Nevis continues in its efforts to separate from Saint Kitts."
    }
  },
  "Geography": {
    "Location": {
      "text": "Caribbean, islands in the Caribbean Sea, about one-third of the way from Puerto Rico to Trinidad and Tobago"
    },
    "Geographic coordinates": {
      "text": "17 20 N, 62 45 W"
    },
    "Map references": {
      "text": "Central America and the Caribbean"
    },
    "Area": {
      "total": {
        "text": "261 sq km (Saint Kitts 168 sq km; Nevis 93 sq km)"
      },
      "land": {
        "text": "261 sq km"
      },
      "water": {
        "text": "0 sq km"
      }
    },
    "Area - comparative": {
      "text": "1.5 times the size of Washington, DC"
    },
    "Land boundaries": {
      "text": "0 km"
    },
    "Coastline": {
      "text": "135 km"
    },
    "Maritime claims": {
      "territorial sea": {
        "text": "12 nm"
      },
      "contiguous zone": {
        "text": "24 nm"
      },
      "exclusive economic zone": {
        "text": "200 nm"
      },
      "continental shelf": {
        "text": "200 nm or to the edge of the continental margin"
      }
    },
    "Climate": {
      "text": "tropical, tempered by constant sea breezes; little seasonal temperature variation; rainy season (May to November)"
    },
    "Terrain": {
      "text": "volcanic with mountainous interiors"
    },
    "Elevation": {
      "mean elevation": {
        "text": "NA"
      },
      "elevation extremes": {
        "text": "lowest point: Caribbean Sea 0 m ++ highest point: Mount Liamuiga 1,156 m"
      }
    },
    "Natural resources": {
      "text": "arable land"
    },
    "Land use": {
      "agricultural land": {
        "text": "23.1% ++ arable land 19.2%; permanent crops 0.4%; permanent pasture 3.5%"
      },
      "forest": {
        "text": "42.3%"
      },
      "other": {
        "text": "34.6% (2011 est.)"
      }
    },
    "Irrigated land": {
      "text": "8 sq km (2012)"
    },
    "Population - distribution": {
      "text": "population clusters are found in the small towns located on the periphery of both islands"
    },
    "Natural hazards": {
      "text": "hurricanes (July to October)"
    },
    "Environment - current issues": {
      "text": "NA"
    },
    "Environment - international agreements": {
      "party to": {
        "text": "Biodiversity, Climate Change, Climate Change-Kyoto Protocol, Desertification, Endangered Species, Hazardous Wastes, Law of the Sea, Marine Dumping, Ozone Layer Protection, Ship Pollution, Whaling"
      },
      "signed, but not ratified": {
        "text": "none of the selected agreements"
      }
    },
    "Geography - note": {
      "text": "smallest country in the Americas and Western Hemisphere; with coastlines in the shape of a baseball bat and ball, the two volcanic islands are separated by a 3-km-wide channel called The Narrows; on the southern tip of long, baseball bat-shaped Saint Kitts lies the Great Salt Pond; Nevis Peak sits in the center of its almost circular namesake island and its ball shape complements that of its sister island"
    }
  },
  "People and Society": {
    "Population": {
      "text": "52,329 (July 2016 est.)"
    },
    "Nationality": {
      "noun": {
        "text": "Kittitian(s), Nevisian(s)"
      },
      "adjective": {
        "text": "Kittitian, Nevisian"
      }
    },
    "Ethnic groups": {
      "text": "predominantly black; some British, Portuguese, and Lebanese"
    },
    "Languages": {
      "text": "English (official)"
    },
    "Religions": {
      "text": "Anglican, other Protestant, Roman Catholic"
    },
    "Age structure": {
      "0-14 years": {
        "text": "20.61% (male 5,408/female 5,379)"
      },
      "15-24 years": {
        "text": "14.82% (male 3,767/female 3,987)"
      },
      "25-54 years": {
        "text": "44.85% (male 12,028/female 11,443)"
      },
      "55-64 years": {
        "text": "11.38% (male 2,972/female 2,983)"
      },
      "65 years and over": {
        "text": "8.34% (male 2,000/female 2,362) (2016 est.)"
      }
    },
    "Median age": {
      "total": {
        "text": "34.5 years"
      },
      "male": {
        "text": "34.7 years"
      },
      "female": {
        "text": "34.3 years (2016 est.)"
      }
    },
    "Population growth rate": {
      "text": "0.75% (2016 est.)"
    },
    "Birth rate": {
      "text": "13.3 births/1,000 population (2016 est.)"
    },
    "Death rate": {
      "text": "7.1 deaths/1,000 population (2016 est.)"
    },
    "Net migration rate": {
      "text": "1.2 migrant(s)/1,000 population (2016 est.)"
    },
    "Population distribution": {
      "text": "population clusters are found in the small towns located on the periphery of both islands"
    },
    "Urbanization": {
      "urban population": {
        "text": "32% of total population (2015)"
      },
      "rate of urbanization": {
        "text": "1.27% annual rate of change (2010-15 est.)"
      }
    },
    "Major urban areas - population": {
      "text": "BASSETERRE (capital) 14,000 (2014)"
    },
    "Sex ratio": {
      "at birth": {
        "text": "1.02 male(s)/female"
      },
      "0-14 years": {
        "text": "1.01 male(s)/female"
      },
      "15-24 years": {
        "text": "0.94 male(s)/female"
      },
      "25-54 years": {
        "text": "1.05 male(s)/female"
      },
      "55-64 years": {
        "text": "1 male(s)/female"
      },
      "65 years and over": {
        "text": "0.83 male(s)/female"
      },
      "total population": {
        "text": "1 male(s)/female (2016 est.)"
      }
    },
    "Infant mortality rate": {
      "total": {
        "text": "8.6 deaths/1,000 live births"
      },
      "male": {
        "text": "6 deaths/1,000 live births"
      },
      "female": {
        "text": "11.2 deaths/1,000 live births (2016 est.)"
      }
    },
    "Life expectancy at birth": {
      "total population": {
        "text": "75.7 years"
      },
      "male": {
        "text": "73.3 years"
      },
      "female": {
        "text": "78.2 years (2016 est.)"
      }
    },
    "Total fertility rate": {
      "text": "1.78 children born/woman (2016 est.)"
    },
    "Health expenditures": {
      "text": "5.1% of GDP (2014)"
    },
    "Hospital bed density": {
      "text": "2.3 beds/1,000 population (2012)"
    },
    "Drinking water source": {
      "improved": {
        "text": " ++ urban: 98.3% of population ++ rural: 98.3% of population ++ total: 98.3% of population"
      },
      "unimproved": {
        "text": " ++ urban: 1.7% of population ++ rural: 1.7% of population ++ total: 1.7% of population (2015 est.)"
      }
    },
    "Sanitation facility access": {
      "improved": {
        "text": " ++ urban: 87.3% of population ++ rural: 87.3% of population ++ total: 87.3% of population"
      },
      "unimproved": {
        "text": " ++ urban: 12.7% of population ++ rural: 12.7% of population ++ total: 12.7% of population (2007 est.)"
      }
    },
    "HIV/AIDS - adult prevalence rate": {
      "text": "NA"
    },
    "HIV/AIDS - people living with HIV/AIDS": {
      "text": "NA"
    },
    "HIV/AIDS - deaths": {
      "text": "NA"
    },
    "Obesity - adult prevalence rate": {
      "text": "28.4% (2014)"
    },
    "Education expenditures": {
      "text": "4.2% of GDP (2007)"
    },
    "School life expectancy (primary to tertiary education)": {
      "total": {
        "text": "14 years"
      },
      "male": {
        "text": "14 years"
      },
      "female": {
        "text": "15 years (2014)"
      }
    }
  },
  "Government": {
    "Country name": {
      "conventional long form": {
        "text": "Federation of Saint Kitts and Nevis"
      },
      "conventional short form": {
        "text": "Saint Kitts and Nevis"
      },
      "former": {
        "text": "Federation of Saint Christopher and Nevis"
      },
      "etymology": {
        "text": "Saint Kitts was, and still is, referred to as Saint Christopher and this name was well established by the 17th century (although who first applied the name is unclear); in the 17th century a common nickname for Christopher was Kit or Kitt, so the island began to be referred to as \"Saint Kitt's Island\" or just \"Saint Kitts\"; Nevis is derived from the original Spanish name \"Nuestra Senora de las Nieves\" (Our Lady of the Snows) and refers to the white halo of clouds that generally wreathes Nevis Peak"
      }
    },
    "Government type": {
      "text": "federal parliamentary democracy (National Assembly) under a constitutional monarchy; a Commonwealth realm"
    },
    "Capital": {
      "name": {
        "text": "Basseterre"
      },
      "geographic coordinates": {
        "text": "17 18 N, 62 43 W"
      },
      "time difference": {
        "text": "UTC-4 (1 hour ahead of Washington, DC, during Standard Time)"
      }
    },
    "Administrative divisions": {
      "text": "14 parishes; Christ Church Nichola Town, Saint Anne Sandy Point, Saint George Basseterre, Saint George Gingerland, Saint James Windward, Saint John Capesterre, Saint John Figtree, Saint Mary Cayon, Saint Paul Capesterre, Saint Paul Charlestown, Saint Peter Basseterre, Saint Thomas Lowland, Saint Thomas Middle Island, Trinity Palmetto Point"
    },
    "Independence": {
      "text": "19 September 1983 (from the UK)"
    },
    "National holiday": {
      "text": "Independence Day, 19 September (1983)"
    },
    "Constitution": {
      "text": "several previous (preindependence); latest presented 22 June 1983, effective 23 June 1983 (2016)"
    },
    "Legal system": {
      "text": "English common law"
    },
    "International law organization participation": {
      "text": "has not submitted an ICJ jurisdiction declaration; accepts ICCt jurisdiction"
    },
    "Citizenship": {
      "citizenship by birth": {
        "text": "yes"
      },
      "citizenship by descent": {
        "text": "yes"
      },
      "dual citizenship recognized": {
        "text": "yes"
      },
      "residency requirement for naturalization": {
        "text": "14 years"
      }
    },
    "Suffrage": {
      "text": "18 years of age; universal"
    },
    "Executive branch": {
      "chief of state": {
        "text": "Queen ELIZABETH II (since 6 February 1952); represented by Governor General Samuel W.T. SEATON (since 2 September 2015); note - SEATON was acting Governor General from 20 May to 2 September 2015"
      },
      "head of government": {
        "text": "Prime Minister Timothy HARRIS (since 18 February 2015); Deputy Prime Minister Shawn RICHARDS (since 22 February 2015)"
      },
      "cabinet": {
        "text": "Cabinet appointed by governor general in consultation with prime minister"
      },
      "elections/appointments": {
        "text": "the monarchy is hereditary; governor general appointed by the monarch; following legislative elections, the leader of the majority party or majority coalition usually appointed prime minister by governor general; deputy prime minister appointed by governor general"
      }
    },
    "Legislative branch": {
      "description": {
        "text": "unicameral National Assembly (14 seats; 11 members directly elected in single-seat constituencies by simple majority vote and 3 appointed by the governor general; members serve 5-year terms)"
      },
      "elections": {
        "text": "last held on 16 February 2015 (next to be held by 2020)"
      },
      "election results": {
        "text": "percent of vote by party - NA; seats by party - PAM 4, SKNLP 3, CCM 2, PLP 1, NRP 1"
      }
    },
    "Judicial branch": {
      "highest court(s)": {
        "text": "the Eastern Caribbean Supreme Court (ECSC) is the itinerant superior court of record for the 9-member Organization of Eastern Caribbean States, which includes Saint Kitts and Nevis; the ECSC - with its headquarters on St. Lucia - is headed by the chief justice and comprised of the Court of Appeal with 3 justices and the High Court with 16 judges; sittings of the Court of Appeal and High Court rotate among the member states; 2 High Court judges reside on Saint Kitts and Nevis; note - the Eastern Caribbean Supreme Court in 2003 replaced the Judicial Committee of the Privy Council (in London) as the final court of appeal on Saint Kitts and Nevis; Saint Kitts and Nevis is also a member of the Caribbean Court of Justice"
      },
      "judge selection and term of office": {
        "text": "chief justice of Eastern Caribbean Supreme Court appointed by the Her Majesty, Queen ELIZABETH II; other justices and judges appointed by the Judicial and Legal Services Commission, an independent body of judicial officials; Court of Appeal justices appointed for life with mandatory retirement at age 65; High Court judges appointed for life with mandatory retirement at age 62"
      },
      "subordinate courts": {
        "text": "magistrates' courts"
      }
    },
    "Political parties and leaders": {
      "text": "Concerned Citizens Movement or CCM [Vance AMORY] ++ Nevis Reformation Party or NRP [Joseph PARRY] ++ People's Action Movement or PAM [Shawn RICHARDS] ++ People's Labour Party or PLP [Timothy HARRIS] ++ Saint Kitts and Nevis Labor Party or SKNLP [Dr. Denzil DOUGLAS]"
    },
    "Political pressure groups and leaders": {
      "text": "NA"
    },
    "International organization participation": {
      "text": "ACP, AOSIS, C, Caricom, CDB, CELAC, FAO, G-77, IBRD, ICAO, ICCt, ICRM, IDA, IFAD, IFC, IFRCS, ILO, IMF, IMO, Interpol, IOC, ITU, MIGA, OAS, OECS, OPANAL, OPCW, Petrocaribe, UN, UNCTAD, UNESCO, UNIDO, UPU, WHO, WIPO, WTO"
    },
    "Diplomatic representation in the US": {
      "chief of mission": {
        "text": "Ambassador Thelma Patricia PHILLIP-BROWNE (since 28 January 2016)"
      },
      "chancery": {
        "text": "3216 New Mexico Avenue NW, Washington, DC 20016"
      },
      "telephone": {
        "text": "[1] (202) 686-2636"
      },
      "FAX": {
        "text": "[1] (202) 686-5740"
      },
      "consulate(s) general": {
        "text": "Los Angeles, New York"
      }
    },
    "Diplomatic representation from the US": {
      "text": "the US does not have an embassy in Saint Kitts and Nevis; the US Ambassador to Barbados is accredited to Saint Kitts and Nevis"
    },
    "Flag description": {
      "text": "divided diagonally from the lower hoist side by a broad black band bearing two white, five-pointed stars; the black band is edged in yellow; the upper triangle is green, the lower triangle is red; green signifies the island's fertility, red symbolizes the struggles of the people from slavery, yellow denotes year-round sunshine, and black represents the African heritage of the people; the white stars stand for the islands of Saint Kitts and Nevis, but can also express hope and liberty, or independence and optimism"
    },
    "National symbol(s)": {
      "text": "brown pelican, Royal Poinciana (Flamboyant) tree; national colors: green, yellow, red, black, white"
    },
    "National anthem": {
      "name": {
        "text": "\"Oh Land of Beauty!\""
      },
      "lyrics/music": {
        "text": "Kenrick Anderson GEORGES"
      },
      "note": {
        "text": "adopted 1983"
      }
    }
  },
  "Economy": {
    "Economy - overview": {
      "text": "The economy of Saint Kitts and Nevis depends on tourism; since the 1970s, tourism has replaced sugar as the economy’s traditional mainstay. Roughly 200,000 tourists visited the islands in 2009, but reduced tourism arrivals and foreign investment led to an economic contraction in 2009-2013, and the economy returned to growth only in 2014. Like other tourist destinations in the Caribbean, St. Kitts and Nevis is vulnerable to damage from natural disasters and shifts in tourism demand. ++  ++ Following the 2005 harvest, the government closed the sugar industry after several decades of losses. To compensate for lost jobs, the government has embarked on a program to diversify the agricultural sector and to stimulate other sectors of the economy, such as export-oriented manufacturing and offshore banking. The government has made notable progress in reducing its public debt, from 154% of GDP in 2011 to 83% in 2013, although it still faces one of the highest levels in the world, largely attributable to public enterprise losses."
    },
    "GDP (purchasing power parity)": {
      "text": "$1.379 billion (2015 est.) ++ $1.294 billion (2014 est.) ++ $1.22 billion (2013 est.)",
      "note": {
        "text": "data are in 2015 US dollars"
      }
    },
    "GDP (official exchange rate)": {
      "text": "$896 million (2015 est.)"
    },
    "GDP - real growth rate": {
      "text": "6.6% (2015 est.) ++ 6.1% (2014 est.) ++ 6.2% (2013 est.)"
    },
    "GDP - per capita (PPP)": {
      "text": "$24,600 (2015 est.) ++ $23,500 (2014 est.) ++ $22,600 (2013 est.)",
      "note": {
        "text": "data are in 2015 US dollars"
      }
    },
    "Gross national saving": {
      "text": "16.9% of GDP (2015 est.) ++ 21.4% of GDP (2014 est.) ++ 21.1% of GDP (2013 est.)"
    },
    "GDP - composition, by end use": {
      "household consumption": {
        "text": "59.4%"
      },
      "government consumption": {
        "text": "20.4%"
      },
      "investment in fixed capital": {
        "text": "29.4%"
      },
      "investment in inventories": {
        "text": "0.1%"
      },
      "exports of goods and services": {
        "text": "34.8%"
      },
      "imports of goods and services": {
        "text": "-44.1% (2015 est.)"
      }
    },
    "GDP - composition, by sector of origin": {
      "agriculture": {
        "text": "1.4%"
      },
      "industry": {
        "text": "26.5%"
      },
      "services": {
        "text": "72.1% (2015 est.)"
      }
    },
    "Agriculture - products": {
      "text": "sugarcane, rice, yams, vegetables, bananas; fish"
    },
    "Industries": {
      "text": "tourism, cotton, salt, copra, clothing, footwear, beverages"
    },
    "Industrial production growth rate": {
      "text": "10% (2015 est.)"
    },
    "Labor force": {
      "text": "18,170 (June 1995 est.)"
    },
    "Unemployment rate": {
      "text": "4.5% (1997)"
    },
    "Population below poverty line": {
      "text": "NA%"
    },
    "Household income or consumption by percentage share": {
      "lowest 10%": {
        "text": "NA%"
      },
      "highest 10%": {
        "text": "NA%"
      }
    },
    "Budget": {
      "revenues": {
        "text": "$370.4 million"
      },
      "expenditures": {
        "text": "$296.3 million (2015 est.)"
      }
    },
    "Taxes and other revenues": {
      "text": "41.3% of GDP (2015 est.)"
    },
    "Budget surplus (+) or deficit (-)": {
      "text": "8.3% of GDP (2015 est.)"
    },
    "Public debt": {
      "text": "83% of GDP (2013 est.) ++ 144% of GDP (2012 est.)"
    },
    "Fiscal year": {
      "text": "calendar year"
    },
    "Inflation rate (consumer prices)": {
      "text": "-2.3% (2015 est.) ++ 0.2% (2014 est.)"
    },
    "Central bank discount rate": {
      "text": "6.5% (31 December 2009) ++ 6.5% (31 December 2008)"
    },
    "Commercial bank prime lending rate": {
      "text": "9.3% (31 December 2015 est.) ++ 9.28% (31 December 2014 est.)"
    },
    "Stock of narrow money": {
      "text": "$231.2 million (31 December 2015 est.) ++ $215.6 million (31 December 2014 est.)"
    },
    "Stock of broad money": {
      "text": "$964.8 million (31 December 2015 est.) ++ $1.094 billion (31 December 2014 est.)"
    },
    "Stock of domestic credit": {
      "text": "$740.7 million (31 December 2015 est.) ++ $691.5 million (31 December 2014 est.)"
    },
    "Market value of publicly traded shares": {
      "text": "$598.4 million (31 December 2011) ++ $598.4 million (31 December 2011) ++ $623.9 million (31 December 2010)"
    },
    "Current account balance": {
      "text": "-$117 million (2015 est.) ++ -$65 million (2014 est.)"
    },
    "Exports": {
      "text": "$61.3 million (2015 est.) ++ $62.9 million (2014 est.)"
    },
    "Exports - commodities": {
      "text": "machinery, food, electronics, beverages, tobacco"
    },
    "Exports - partners": {
      "text": "US 44.4%, Poland 14.6%, Bangladesh 10.1%, Azerbaijan 4.3% (2015)"
    },
    "Imports": {
      "text": "$240.3 million (2015 est.) ++ $241.8 million (2014 est.)"
    },
    "Imports - commodities": {
      "text": "machinery, manufactures, food, fuels"
    },
    "Imports - partners": {
      "text": "US 37.7%, Trinidad and Tobago 22.7%, Barbados 4.4% (2015)"
    },
    "Debt - external": {
      "text": "$168.3 million (31 December 2015 est.) ++ $157.3 million (31 December 2014 est.)"
    },
    "Exchange rates": {
      "text": "East Caribbean dollars (XCD) per US dollar - ++ 2.7 (2015 est.) ++ 2.7 (2014 est.) ++ 2.7 (2013 est.) ++ 2.7 (2012 est.) ++ 2.7 (2011 est.)"
    }
  },
  "Energy": {
    "Electricity access": {
      "population without electricity": {
        "text": "5,232"
      },
      "electrification - total population": {
        "text": "91%"
      },
      "electrification - urban areas": {
        "text": "100%"
      },
      "electrification - rural areas": {
        "text": "80% (2012)"
      }
    },
    "Electricity - production": {
      "text": "200 million kWh (2014 est.)"
    },
    "Electricity - consumption": {
      "text": "200 million kWh (2014 est.)"
    },
    "Electricity - exports": {
      "text": "0 kWh (2013 est.)"
    },
    "Electricity - imports": {
      "text": "0 kWh (2013 est.)"
    },
    "Electricity - installed generating capacity": {
      "text": "64,200 kW (2014 est.)"
    },
    "Electricity - from fossil fuels": {
      "text": "95.2% of total installed capacity (2012 est.)"
    },
    "Electricity - from nuclear fuels": {
      "text": "0% of total installed capacity (2012 est.)"
    },
    "Electricity - from hydroelectric plants": {
      "text": "0% of total installed capacity (2012 est.)"
    },
    "Electricity - from other renewable sources": {
      "text": "4.8% of total installed capacity (2012 est.)"
    },
    "Crude oil - production": {
      "text": "0 bbl/day (2015 est.)"
    },
    "Crude oil - exports": {
      "text": "0 bbl/day (2013 est.)"
    },
    "Crude oil - imports": {
      "text": "0 bbl/day (2013 est.)"
    },
    "Crude oil - proved reserves": {
      "text": "0 bbl (1 January 2016 es)"
    },
    "Refined petroleum products - production": {
      "text": "0 bbl/day (2013 est.)"
    },
    "Refined petroleum products - consumption": {
      "text": "1,900 bbl/day (2014 est.)"
    },
    "Refined petroleum products - exports": {
      "text": "0 bbl/day (2013 est.)"
    },
    "Refined petroleum products - imports": {
      "text": "1,907 bbl/day (2013 est.)"
    },
    "Natural gas - production": {
      "text": "0 cu m (2013 est.)"
    },
    "Natural gas - consumption": {
      "text": "0 cu m (2013 est.)"
    },
    "Natural gas - exports": {
      "text": "0 cu m (2013 est.)"
    },
    "Natural gas - imports": {
      "text": "0 cu m (2013 est.)"
    },
    "Natural gas - proved reserves": {
      "text": "0 cu m (1 January 2014 es)"
    },
    "Carbon dioxide emissions from consumption of energy": {
      "text": "300,000 Mt (2013 est.)"
    }
  },
  "Communications": {
    "Telephones - fixed lines": {
      "total subscriptions": {
        "text": "19,748"
      },
      "subscriptions per 100 inhabitants": {
        "text": "38 (July 2015 est.)"
      }
    },
    "Telephones - mobile cellular": {
      "total": {
        "text": "73,000"
      },
      "subscriptions per 100 inhabitants": {
        "text": "141 (July 2015 est.)"
      }
    },
    "Telephone system": {
      "general assessment": {
        "text": "good interisland and international connections"
      },
      "domestic": {
        "text": "interisland links via ECFS; construction of enhanced wireless infrastructure launched in November 2004; fixed-line teledensity about 40 per 100 persons; mobile-cellular teledensity is roughly 140 per 100 persons"
      },
      "international": {
        "text": "country code - 1-869; connected internationally by the East ECFS and Southern Caribbean Fiber submarine cables (2015)"
      }
    },
    "Broadcast media": {
      "text": "the government operates a national TV network that broadcasts on 2 channels; cable subscription services provide access to local and international channels; the government operates a national radio network; a mix of government-owned and privately owned broadcasters operate roughly 15 radio stations (2007)"
    },
    "Internet country code": {
      "text": ".kn"
    },
    "Internet users": {
      "total": {
        "text": "39,000"
      },
      "percent of population": {
        "text": "75.7% (July 2015 est.)"
      }
    }
  },
  "Transportation": {
    "Civil aircraft registration country code prefix": {
      "text": "V4 (2016)"
    },
    "Airports": {
      "text": "2 (2013)"
    },
    "Airports - with paved runways": {
      "total": {
        "text": "2"
      },
      "1,524 to 2,437 m": {
        "text": "1"
      },
      "914 to 1,523 m": {
        "text": "1 (2013)"
      }
    },
    "Railways": {
      "total": {
        "text": "50 km"
      },
      "narrow gauge": {
        "text": "50 km 0.762-m gauge on Saint Kitts for tourists (2008)"
      }
    },
    "Roadways": {
      "total": {
        "text": "383 km"
      },
      "paved": {
        "text": "163 km"
      },
      "unpaved": {
        "text": "220 km (2002)"
      }
    },
    "Merchant marine": {
      "total": {
        "text": "152"
      },
      "by type": {
        "text": "bulk carrier 16, cargo 81, chemical tanker 4, combination ore/oil 1, container 2, liquefied gas 3, passenger 2, passenger/cargo 7, petroleum tanker 27, refrigerated cargo 4, roll on/roll off 4, specialized tanker 1"
      },
      "foreign-owned": {
        "text": "73 (Belgium 1, China 1, Egypt 1, Greece 2, India 2, Japan 2, Malaysia 1, Norway 3, Pakistan 1, Russia 13, Singapore 10, Turkey 18, UAE 8, UK 1, Ukraine 8, US 1) (2010)"
      }
    },
    "Ports and terminals": {
      "major seaport(s)": {
        "text": "Basseterre, Charlestown"
      }
    }
  },
  "Military and Security": {
    "Military branches": {
      "text": "Ministry of Foreign Affairs, National Security, Labour, Immigration, and Social Security: Royal Saint Kitts and Nevis Defense Force (includes Coast Guard), Royal Saint Kitts and Nevis Police Force (2013)"
    },
    "Military service age and obligation": {
      "text": "18 years of age for voluntary military service; no conscription (2012)"
    }
  },
  "Transnational Issues": {
    "Disputes - international": {
      "text": "joins other Caribbean states to counter Venezuela's claim that Aves Island sustains human habitation, a criterion under UN Convention on the Law of the Sea, which permits Venezuela to extend its EEZ/continental shelf over a large portion of the eastern Caribbean Sea"
    },
    "Illicit drugs": {
      "text": "transshipment point for South American drugs destined for the US and Europe; some money-laundering activity"
    }
  }
}