{
  "Introduction": {
    "Background": {
      "text": "The islands were part of the UK's Jamaican colony until 1962, when they assumed the status of a separate crown colony upon Jamaica's independence. The governor of The Bahamas oversaw affairs from 1965 to 1973. With Bahamian independence, the islands received a separate governor in 1973. Although independence was agreed upon for 1982, the policy was reversed and the islands remain a British overseas territory."
    }
  },
  "Geography": {
    "Location": {
      "text": "two island groups in the North Atlantic Ocean, southeast of The Bahamas, north of Haiti"
    },
    "Geographic coordinates": {
      "text": "21 45 N, 71 35 W"
    },
    "Map references": {
      "text": "Central America and the Caribbean"
    },
    "Area": {
      "total": {
        "text": "948 sq km"
      },
      "land": {
        "text": "948 sq km"
      },
      "water": {
        "text": "0 sq km"
      }
    },
    "Area - comparative": {
      "text": "2.5 times the size of Washington, DC"
    },
    "Land boundaries": {
      "text": "0 km"
    },
    "Coastline": {
      "text": "389 km"
    },
    "Maritime claims": {
      "territorial sea": {
        "text": "12 nm"
      },
      "exclusive fishing zone": {
        "text": "200 nm"
      }
    },
    "Climate": {
      "text": "tropical; marine; moderated by trade winds; sunny and relatively dry"
    },
    "Terrain": {
      "text": "low, flat limestone; extensive marshes and mangrove swamps"
    },
    "Elevation": {
      "mean elevation": {
        "text": "NA"
      },
      "elevation extremes": {
        "text": "lowest point: Caribbean Sea 0 m ++ highest point: Flamingo Hill 48 m"
      }
    },
    "Natural resources": {
      "text": "spiny lobster, conch"
    },
    "Land use": {
      "agricultural land": {
        "text": "1.1% ++ arable land 1.1%; permanent crops 0%; permanent pasture 0%"
      },
      "forest": {
        "text": "36.2%"
      },
      "other": {
        "text": "62.7% (2011 est.)"
      }
    },
    "Irrigated land": {
      "text": "0 sq km (2012)"
    },
    "Population - distribution": {
      "text": "eight of the thirty islands are inhabited; the island of Providenciales is the most populated, but the most densely populated is Grand Turk"
    },
    "Natural hazards": {
      "text": "frequent hurricanes"
    },
    "Environment - current issues": {
      "text": "limited natural freshwater resources, private cisterns collect rainwater"
    },
    "Geography - note": {
      "text": "about 40 islands (eight inhabited)"
    }
  },
  "People and Society": {
    "Population": {
      "text": "51,430 (July 2016 est.)"
    },
    "Nationality": {
      "noun": {
        "text": "none"
      },
      "adjective": {
        "text": "none"
      }
    },
    "Ethnic groups": {
      "text": "black 87.6%, white 7.9%, mixed 2.5%, East Indian 1.3%, other 0.7% (2006)"
    },
    "Languages": {
      "text": "English (official)"
    },
    "Religions": {
      "text": "Protestant 72.8% (Baptist 35.8%, Church of God 11.7%, Anglican 10%, Methodist 9.3%, Seventh-Day Adventist 6%), Roman Catholic 11.4%, Jehovah's Witnesses 1.8%, other 14%"
    },
    "Age structure": {
      "0-14 years": {
        "text": "21.87% (male 5,732/female 5,517)"
      },
      "15-24 years": {
        "text": "14.31% (male 3,628/female 3,730)"
      },
      "25-54 years": {
        "text": "53.31% (male 13,861/female 13,558)"
      },
      "55-64 years": {
        "text": "6.1% (male 1,696/female 1,443)"
      },
      "65 years and over": {
        "text": "4.4% (male 1,018/female 1,247) (2016 est.)"
      }
    },
    "Median age": {
      "total": {
        "text": "32.9 years"
      },
      "male": {
        "text": "33.2 years"
      },
      "female": {
        "text": "32.5 years (2016 est.)"
      }
    },
    "Population growth rate": {
      "text": "2.23% (2016 est.)"
    },
    "Birth rate": {
      "text": "15.7 births/1,000 population (2016 est.)"
    },
    "Death rate": {
      "text": "3.2 deaths/1,000 population (2016 est.)"
    },
    "Net migration rate": {
      "text": "9.7 migrant(s)/1,000 population (2016 est.)"
    },
    "Population distribution": {
      "text": "eight of the thirty islands are inhabited; the island of Providenciales is the most populated, but the most densely populated is Grand Turk"
    },
    "Urbanization": {
      "urban population": {
        "text": "92.2% of total population (2015)"
      },
      "rate of urbanization": {
        "text": "2.48% annual rate of change (2010-15 est.)"
      }
    },
    "Major urban areas - population": {
      "text": "GRAND TURK (capital) 5,000 (2014)"
    },
    "Sex ratio": {
      "at birth": {
        "text": "1.05 male(s)/female"
      },
      "0-14 years": {
        "text": "1.04 male(s)/female"
      },
      "15-24 years": {
        "text": "0.97 male(s)/female"
      },
      "25-54 years": {
        "text": "1.02 male(s)/female"
      },
      "55-64 years": {
        "text": "1.18 male(s)/female"
      },
      "65 years and over": {
        "text": "0.8 male(s)/female"
      },
      "total population": {
        "text": "1.02 male(s)/female (2016 est.)"
      }
    },
    "Infant mortality rate": {
      "total": {
        "text": "10.4 deaths/1,000 live births"
      },
      "male": {
        "text": "12.9 deaths/1,000 live births"
      },
      "female": {
        "text": "7.7 deaths/1,000 live births (2016 est.)"
      }
    },
    "Life expectancy at birth": {
      "total population": {
        "text": "79.8 years"
      },
      "male": {
        "text": "77.1 years"
      },
      "female": {
        "text": "82.7 years (2016 est.)"
      }
    },
    "Total fertility rate": {
      "text": "1.7 children born/woman (2016 est.)"
    },
    "Sanitation facility access": {
      "improved": {
        "text": " ++ urban: 81.4% of population ++ rural: 81.4% of population ++ total: 81.4% of population"
      },
      "unimproved": {
        "text": " ++ urban: 18.6% of population ++ rural: 18.6% of population ++ total: 18.6% of population (2007 est.)"
      }
    },
    "HIV/AIDS - adult prevalence rate": {
      "text": "NA"
    },
    "HIV/AIDS - people living with HIV/AIDS": {
      "text": "NA"
    },
    "HIV/AIDS - deaths": {
      "text": "NA"
    },
    "Major infectious diseases": {
      "note": {
        "text": "active local transmission of Zika virus by Aedes species mosquitoes has been identified in this country (as of August 2016); it poses an important risk (a large number of cases possible) among US citizens if bitten by an infective mosquito; other less common ways to get Zika are through sex, via blood transfusion, or during pregnancy, in which the pregnant woman passes Zika virus to her fetus (2016)"
      }
    },
    "Education expenditures": {
      "text": "3.3% of GDP (2015)"
    },
    "People - note": {
      "text": "destination and transit point for illegal Haitian immigrants bound for the Turks and Caicos Islands, The Bahamas, and the US"
    }
  },
  "Government": {
    "Country name": {
      "conventional long form": {
        "text": "none"
      },
      "conventional short form": {
        "text": "Turks and Caicos Islands"
      },
      "abbreviation": {
        "text": "TCI"
      },
      "etymology": {
        "text": "the Turks Islands are named after the Turk's cap cactus (native to the islands and appearing on the flag and coat of arms), while the Caicos Islands derive from the native term \"caya hico\" meaning \"string of islands\""
      }
    },
    "Dependency status": {
      "text": "overseas territory of the UK"
    },
    "Government type": {
      "text": "parliamentary democracy (House of Assembly); self-governing overseas territory of the UK"
    },
    "Capital": {
      "name": {
        "text": "Grand Turk (Cockburn Town)"
      },
      "geographic coordinates": {
        "text": "21 28 N, 71 08 W"
      },
      "time difference": {
        "text": "UTC-5 (same time as Washington, DC, during Standard Time)"
      },
      "daylight saving time": {
        "text": "+1hr, begins second Sunday in March; ends first Sunday in November"
      }
    },
    "Administrative divisions": {
      "text": "none (overseas territory of the UK)"
    },
    "Independence": {
      "text": "none (overseas territory of the UK)"
    },
    "National holiday": {
      "text": "Constitution Day, 30 August (1976)"
    },
    "Constitution": {
      "text": "several previous; latest signed 7 August 2012, effective 15 October 2012 (Turks and Caicos Constitution Order 2011) (2016)"
    },
    "Legal system": {
      "text": "mixed legal system of English common law and civil law"
    },
    "Citizenship": {
      "text": "see United Kingdom"
    },
    "Suffrage": {
      "text": "18 years of age; universal"
    },
    "Executive branch": {
      "chief of state": {
        "text": "Queen ELIZABETH II (since 6 February 1952); represented by Governor John FREEMAN (since 17 October 2016)"
      },
      "head of government": {
        "text": "Premier Rufus EWING (since 13 November 2012)"
      },
      "cabinet": {
        "text": "Cabinet appointed by the governor from among members of the House of Assembly"
      },
      "elections/appointments": {
        "text": "the monarch is hereditary; governor appointed by the monarch; following legislative elections, the leader of the majority party is appointed premier by the governor"
      }
    },
    "Legislative branch": {
      "description": {
        "text": "unicameral House of Assembly (19 seats; 15 members in multi-seat constituencies and a single all-islands constituency directly elected by simple majority vote, 1 member nominated by the premier and appointed by the governor, 1 nominated by the opposition party leader and appointed by the governor, and 2 from the Turks and Caicos Islands Civic Society directly appointed by the governor; members serve 4-year terms)"
      },
      "elections": {
        "text": "last held on 9 November 2012 (next to be held in 2016)"
      },
      "election results": {
        "text": "percent of vote - NA; seats by party - PNP 8, PDM 7"
      }
    },
    "Judicial branch": {
      "highest resident court(s)": {
        "text": "Supreme Court (consists of the chief justice and such number of other judges as determined by the governor); Court of Appeal (consists of the court president and 2 justices); note - appeals beyond the Supreme Court are referred to the Judicial Committee of the Privy Council (in London)"
      },
      "judge selection and term of office": {
        "text": "Supreme Court and Appeals Court judges appointed by the governor in accordance with the Judicial Service Commission, a 3-member body of high level judicial officials; Supreme Court judges appointed until mandatory retirement at age 65, but can be extended to age 70; Appeals Court judge tenure determined by individual terms of appointment"
      },
      "subordinate courts": {
        "text": "magistrates' courts"
      }
    },
    "Political parties and leaders": {
      "text": "People's Democratic Movement or PDM [Oswald SKIPPINGS] ++ People's Progressive Party ++ Progressive National Party or PNP [Rufus EWING]"
    },
    "Political pressure groups and leaders": {
      "text": "NA"
    },
    "International organization participation": {
      "text": "Caricom (associate), CDB, Interpol (subbureau), UPU"
    },
    "Diplomatic representation in the US": {
      "text": "none (overseas territory of the UK)"
    },
    "Diplomatic representation from the US": {
      "text": "none (overseas territory of the UK)"
    },
    "Flag description": {
      "text": "blue with the flag of the UK in the upper hoist-side quadrant and the colonial shield centered on the outer half of the flag; the shield is yellow and displays a conch shell, a spiny lobster, and Turk's cap cactus - three common elements of the islands' biota"
    },
    "National symbol(s)": {
      "text": "conch shell, Turk's cap cactus"
    },
    "National anthem": {
      "name": {
        "text": "\"This Land of Ours\""
      },
      "lyrics/music": {
        "text": "Conrad HOWELL"
      },
      "note": {
        "text": "serves as a local anthem; as a territory of the UK, \"God Save the Queen\" is the official anthem (see United Kingdom)"
      }
    }
  },
  "Economy": {
    "Economy - overview": {
      "text": "The Turks and Caicos economy is based on tourism, offshore financial services, and fishing. Most capital goods and food for domestic consumption are imported. The US is the leading source of tourists, accounting for more than three-quarters of the more than 1 million visitors that arrived in 2013. Three-quarters of the visitors came by ship. Major sources of government revenue also include fees from offshore financial activities and customs receipts."
    },
    "GDP (purchasing power parity)": {
      "text": "$632 million (2007 est.) ++ $568.3 million (2006 est.)"
    },
    "GDP (official exchange rate)": {
      "text": "$NA"
    },
    "GDP - real growth rate": {
      "text": "11.2% (2007 est.)"
    },
    "GDP - per capita (PPP)": {
      "text": "$29,100 (2007 est.)"
    },
    "GDP - composition, by end use": {
      "household consumption": {
        "text": "45.2%"
      },
      "government consumption": {
        "text": "20.9%"
      },
      "investment in fixed capital": {
        "text": "27.3%"
      },
      "investment in inventories": {
        "text": "-0.1%"
      },
      "exports of goods and services": {
        "text": "55.3%"
      },
      "imports of goods and services": {
        "text": "-48.6% (2015 est.)"
      }
    },
    "GDP - composition, by sector of origin": {
      "agriculture": {
        "text": "0.5%"
      },
      "industry": {
        "text": "9.8%"
      },
      "services": {
        "text": "89.7% (2015 est.)"
      }
    },
    "Agriculture - products": {
      "text": "corn, beans, cassava (manioc, tapioca), citrus fruits; fish"
    },
    "Industries": {
      "text": "tourism, offshore financial services"
    },
    "Industrial production growth rate": {
      "text": "3% (2015 est.)"
    },
    "Labor force": {
      "text": "4,848 (1990 est.)"
    },
    "Labor force - by occupation": {
      "note": {
        "text": "about 33% in government and 20% in agriculture and fishing; significant numbers in tourism, financial, and other services"
      }
    },
    "Unemployment rate": {
      "text": "10% (1997 est.)"
    },
    "Population below poverty line": {
      "text": "NA%"
    },
    "Household income or consumption by percentage share": {
      "lowest 10%": {
        "text": "NA%"
      },
      "highest 10%": {
        "text": "NA%"
      }
    },
    "Budget": {
      "revenues": {
        "text": "$218.6 million"
      },
      "expenditures": {
        "text": "$183.5 million (2015 est.)"
      }
    },
    "Fiscal year": {
      "text": "calendar year"
    },
    "Inflation rate (consumer prices)": {
      "text": "1% (2015 est.) ++ 2.3% (2014 est.)"
    },
    "Exports": {
      "text": "$24.77 million (2008 est.)"
    },
    "Exports - commodities": {
      "text": "lobster, dried and fresh conch, conch shells"
    },
    "Imports": {
      "text": "$591.3 million (2008 est.)"
    },
    "Imports - commodities": {
      "text": "food and beverages, tobacco, clothing, manufactures, construction materials"
    },
    "Debt - external": {
      "text": "$NA"
    },
    "Exchange rates": {
      "text": "the US dollar is used"
    }
  },
  "Energy": {
    "Electricity access": {
      "population without electricity": {
        "text": "5,143"
      },
      "electrification - total population": {
        "text": "91%"
      },
      "electrification - urban areas": {
        "text": "92%"
      },
      "electrification - rural areas": {
        "text": "80% (2012)"
      }
    },
    "Electricity - production": {
      "text": "200 million kWh (2014 est.)"
    },
    "Electricity - consumption": {
      "text": "200 million kWh (2014 est.)"
    },
    "Electricity - exports": {
      "text": "0 kWh (2013 est.)"
    },
    "Electricity - imports": {
      "text": "0 kWh (2013 est.)"
    },
    "Electricity - installed generating capacity": {
      "text": "76,000 kW (2014 est.)"
    },
    "Electricity - from fossil fuels": {
      "text": "100% of total installed capacity (2012 est.)"
    },
    "Electricity - from nuclear fuels": {
      "text": "0% of total installed capacity (2012 est.)"
    },
    "Electricity - from hydroelectric plants": {
      "text": "0% of total installed capacity (2012 est.)"
    },
    "Electricity - from other renewable sources": {
      "text": "0% of total installed capacity (2012 est.)"
    },
    "Crude oil - production": {
      "text": "0 bbl/day (2015 est.)"
    },
    "Crude oil - exports": {
      "text": "0 bbl/day (2013 est.)"
    },
    "Crude oil - imports": {
      "text": "0 bbl/day (2013 est.)"
    },
    "Crude oil - proved reserves": {
      "text": "0 bbl (1 January 2016 es)"
    },
    "Refined petroleum products - production": {
      "text": "0 bbl/day (2013 est.)"
    },
    "Refined petroleum products - consumption": {
      "text": "1,340 bbl/day (2014 est.)"
    },
    "Refined petroleum products - exports": {
      "text": "0 bbl/day (2013 est.)"
    },
    "Refined petroleum products - imports": {
      "text": "1,328 bbl/day (2013 est.)"
    },
    "Natural gas - production": {
      "text": "0 cu m (2013 est.)"
    },
    "Natural gas - consumption": {
      "text": "0 cu m (2013 est.)"
    },
    "Natural gas - exports": {
      "text": "0 cu m (2013 est.)"
    },
    "Natural gas - imports": {
      "text": "0 cu m (2013 est.)"
    },
    "Natural gas - proved reserves": {
      "text": "0 cu m (1 January 2014 es)"
    },
    "Carbon dioxide emissions from consumption of energy": {
      "text": "200,000 Mt (2013 est.)"
    }
  },
  "Communications": {
    "Telephone system": {
      "general assessment": {
        "text": "fully digital system with international direct dialing"
      },
      "domestic": {
        "text": "full range of services available; GSM wireless service available"
      },
      "international": {
        "text": "country code - 1-649; the Americas Region Caribbean Ring System (ARCOS-1) fiber-optic telecommunications submarine cable provides connectivity to South and Central America, parts of the Caribbean, and the US; satellite earth station - 1 Intelsat (Atlantic Ocean) (2015)"
      }
    },
    "Broadcast media": {
      "text": "no local terrestrial TV stations, broadcasts from the Bahamas can be received and multi-channel cable and satellite TV services are available; government-run radio network operates alongside private broadcasters with a total of about 15 stations (2007)"
    },
    "Internet country code": {
      "text": ".tc"
    }
  },
  "Transportation": {
    "National air transport system": {
      "number of registered air carriers": {
        "text": "1"
      },
      "inventory of registered aircraft operated by air carriers": {
        "text": "16 (2015)"
      }
    },
    "Civil aircraft registration country code prefix": {
      "text": "VQ-T (2016)"
    },
    "Airports": {
      "text": "8 (2013)"
    },
    "Airports - with paved runways": {
      "total": {
        "text": "6"
      },
      "2,438 to 3,047 m": {
        "text": "1"
      },
      "1,524 to 2,437 m": {
        "text": "3"
      },
      "914 to 1,523 m": {
        "text": "1"
      },
      "under 914 m": {
        "text": "1 (2013)"
      }
    },
    "Airports - with unpaved runways": {
      "total": {
        "text": "2"
      },
      "under 914 m": {
        "text": "2 (2013)"
      }
    },
    "Roadways": {
      "total": {
        "text": "121 km"
      },
      "paved": {
        "text": "24 km"
      },
      "unpaved": {
        "text": "97 km (2003)"
      }
    },
    "Ports and terminals": {
      "major seaport(s)": {
        "text": "Cockburn Harbour, Grand Turk, Providenciales"
      }
    }
  },
  "Military and Security": {
    "Military - note": {
      "text": "defense is the responsibility of the UK"
    }
  },
  "Transnational Issues": {
    "Disputes - international": {
      "text": "have received Haitians fleeing economic and civil disorder"
    },
    "Illicit drugs": {
      "text": "transshipment point for South American narcotics destined for the US and Europe"
    }
  }
}