{
  "Introduction": {
    "Background": {
      "text": "Belgium became independent from the Netherlands in 1830; it was occupied by Germany during World Wars I and II. The country prospered in the past half century as a modern, technologically advanced European state and member of NATO and the EU. Political divisions between the Dutch-speaking Flemings of the north and the French-speaking Walloons of the south have led in recent years to constitutional amendments granting these regions formal recognition and autonomy. Its capital, Brussels, is home to numerous international organizations including the EU and NATO."
    }
  },
  "Geography": {
    "Location": {
      "text": "Western Europe, bordering the North Sea, between France and the Netherlands"
    },
    "Geographic coordinates": {
      "text": "50 50 N, 4 00 E"
    },
    "Map references": {
      "text": "Europe"
    },
    "Area": {
      "total": {
        "text": "30,528 sq km"
      },
      "land": {
        "text": "30,278 sq km"
      },
      "water": {
        "text": "250 sq km"
      }
    },
    "Area - comparative": {
      "text": "about the size of Maryland"
    },
    "Land boundaries": {
      "total": {
        "text": "1,297 km"
      },
      "border countries": {
        "text": "France 556 km, Germany 133 km, Luxembourg 130 km, Netherlands 478 km"
      }
    },
    "Coastline": {
      "text": "66.5 km"
    },
    "Maritime claims": {
      "territorial sea": {
        "text": "12 nm"
      },
      "contiguous zone": {
        "text": "24 nm"
      },
      "exclusive economic zone": {
        "text": "geographic coordinates define outer limit"
      },
      "continental shelf": {
        "text": "median line with neighbors"
      }
    },
    "Climate": {
      "text": "temperate; mild winters, cool summers; rainy, humid, cloudy"
    },
    "Terrain": {
      "text": "flat coastal plains in northwest, central rolling hills, rugged mountains of Ardennes Forest in southeast"
    },
    "Elevation": {
      "mean elevation": {
        "text": "181 m"
      },
      "elevation extremes": {
        "text": "lowest point: North Sea 0 m ++ highest point: Botrange 694 m"
      }
    },
    "Natural resources": {
      "text": "construction materials, silica sand, carbonates, arable land"
    },
    "Land use": {
      "agricultural land": {
        "text": "44.1% ++ arable land 27.2%; permanent crops 0.8%; permanent pasture 16.1%"
      },
      "forest": {
        "text": "22.4%"
      },
      "other": {
        "text": "33.5% (2011 est.)"
      }
    },
    "Irrigated land": {
      "text": "230 sq km (2012)"
    },
    "Population - distribution": {
      "text": "most of the population concentrated in the northern two-thirds of the country; the southeast is more thinly populated; considered to have one of the highest population densities in the world; approximately 97% live in urban areas"
    },
    "Natural hazards": {
      "text": "flooding is a threat along rivers and in areas of reclaimed coastal land, protected from the sea by concrete dikes"
    },
    "Environment - current issues": {
      "text": "intense pressures from human activities: urbanization, dense transportation network, industry, extensive animal breeding and crop cultivation; air and water pollution also have repercussions for neighboring countries"
    },
    "Environment - international agreements": {
      "party to": {
        "text": "Air Pollution, Air Pollution-Nitrogen Oxides, Air Pollution-Persistent Organic Pollutants, Air Pollution-Sulfur 85, Air Pollution-Sulfur 94, Air Pollution-Volatile Organic Compounds, Antarctic-Environmental Protocol, Antarctic-Marine Living Resources, Antarctic Seals, Antarctic Treaty, Biodiversity, Climate Change, Climate Change-Kyoto Protocol, Desertification, Endangered Species, Environmental Modification, Hazardous Wastes, Law of the Sea, Marine Dumping, Marine Life Conservation, Ozone Layer Protection, Ship Pollution, Tropical Timber 83, Tropical Timber 94, Wetlands, Whaling"
      },
      "signed, but not ratified": {
        "text": "none of the selected agreements"
      }
    },
    "Geography - note": {
      "text": "crossroads of Western Europe; most West European capitals are within 1,000 km of Brussels, the seat of both the European Union and NATO"
    }
  },
  "People and Society": {
    "Population": {
      "text": "11,409,077 (July 2016 est.)"
    },
    "Nationality": {
      "noun": {
        "text": "Belgian(s)"
      },
      "adjective": {
        "text": "Belgian"
      }
    },
    "Ethnic groups": {
      "text": "Flemish 58%, Walloon 31%, mixed or other 11%"
    },
    "Languages": {
      "text": "Dutch (official) 60%, French (official) 40%, German (official) less than 1%"
    },
    "Religions": {
      "text": "Roman Catholic 75%, other (includes Protestant) 25%"
    },
    "Age structure": {
      "0-14 years": {
        "text": "17.12% (male 1,000,155/female 952,529)"
      },
      "15-24 years": {
        "text": "11.47% (male 667,760/female 640,364)"
      },
      "25-54 years": {
        "text": "40.25% (male 2,315,256/female 2,277,308)"
      },
      "55-64 years": {
        "text": "12.76% (male 720,823/female 735,225)"
      },
      "65 years and over": {
        "text": "18.4% (male 911,199/female 1,188,458) (2016 est.)"
      }
    },
    "Dependency ratios": {
      "total dependency ratio": {
        "text": "54.2%"
      },
      "youth dependency ratio": {
        "text": "26.1%"
      },
      "elderly dependency ratio": {
        "text": "28.1%"
      },
      "potential support ratio": {
        "text": "3.6% (2015 est.)"
      }
    },
    "Median age": {
      "total": {
        "text": "41.4 years"
      },
      "male": {
        "text": "40.2 years"
      },
      "female": {
        "text": "42.7 years (2016 est.)"
      }
    },
    "Population growth rate": {
      "text": "0.73% (2016 est.)"
    },
    "Birth rate": {
      "text": "11.4 births/1,000 population (2016 est.)"
    },
    "Death rate": {
      "text": "9.7 deaths/1,000 population (2016 est.)"
    },
    "Net migration rate": {
      "text": "5.6 migrant(s)/1,000 population (2016 est.)"
    },
    "Population distribution": {
      "text": "most of the population concentrated in the northern two-thirds of the country; the southeast is more thinly populated; considered to have one of the highest population densities in the world; approximately 97% live in urban areas"
    },
    "Urbanization": {
      "urban population": {
        "text": "97.9% of total population (2015)"
      },
      "rate of urbanization": {
        "text": "0.48% annual rate of change (2010-15 est.)"
      }
    },
    "Major urban areas - population": {
      "text": "BRUSSELS (capital) 2.045 million; Antwerp 994,000 (2015)"
    },
    "Sex ratio": {
      "at birth": {
        "text": "1.05 male(s)/female"
      },
      "0-14 years": {
        "text": "1.05 male(s)/female"
      },
      "15-24 years": {
        "text": "1.04 male(s)/female"
      },
      "25-54 years": {
        "text": "1.02 male(s)/female"
      },
      "55-64 years": {
        "text": "0.98 male(s)/female"
      },
      "65 years and over": {
        "text": "0.76 male(s)/female"
      },
      "total population": {
        "text": "0.97 male(s)/female (2016 est.)"
      }
    },
    "Mother's mean age at first birth": {
      "text": "28.2 (2010 est.)"
    },
    "Maternal mortality rate": {
      "text": "7 deaths/100,000 live births (2015 est.)"
    },
    "Infant mortality rate": {
      "total": {
        "text": "3.4 deaths/1,000 live births"
      },
      "male": {
        "text": "3.8 deaths/1,000 live births"
      },
      "female": {
        "text": "3 deaths/1,000 live births (2016 est.)"
      }
    },
    "Life expectancy at birth": {
      "total population": {
        "text": "81 years"
      },
      "male": {
        "text": "78.4 years"
      },
      "female": {
        "text": "83.7 years (2016 est.)"
      }
    },
    "Total fertility rate": {
      "text": "1.78 children born/woman (2016 est.)"
    },
    "Contraceptive prevalence rate": {
      "text": "70.4%",
      "note": {
        "text": "percent of women aged 18-49 (2008/10)"
      }
    },
    "Health expenditures": {
      "text": "10.6% of GDP (2014)"
    },
    "Physicians density": {
      "text": "3.78 physicians/1,000 population (2010)"
    },
    "Hospital bed density": {
      "text": "6.5 beds/1,000 population (2012)"
    },
    "Drinking water source": {
      "improved": {
        "text": " ++ urban: 100% of population ++ rural: 100% of population ++ total: 100% of population"
      },
      "unimproved": {
        "text": " ++ urban: 0% of population ++ rural: 0% of population ++ total: 0% of population (2015 est.)"
      }
    },
    "Sanitation facility access": {
      "improved": {
        "text": " ++ urban: 99.5% of population ++ rural: 99.4% of population ++ total: 99.5% of population"
      },
      "unimproved": {
        "text": " ++ urban: 0.5% of population ++ rural: 0.6% of population ++ total: 0.5% of population (2015 est.)"
      }
    },
    "HIV/AIDS - adult prevalence rate": {
      "text": "NA"
    },
    "HIV/AIDS - people living with HIV/AIDS": {
      "text": "NA"
    },
    "HIV/AIDS - deaths": {
      "text": "NA"
    },
    "Obesity - adult prevalence rate": {
      "text": "22.1% (2014)"
    },
    "Education expenditures": {
      "text": "6.4% of GDP (2011)"
    },
    "School life expectancy (primary to tertiary education)": {
      "total": {
        "text": "20 years"
      },
      "male": {
        "text": "19 years"
      },
      "female": {
        "text": "21 years (2014)"
      }
    },
    "Unemployment, youth ages 15-24": {
      "total": {
        "text": "23.2%"
      },
      "male": {
        "text": "24%"
      },
      "female": {
        "text": "22.3% (2014 est.)"
      }
    }
  },
  "Government": {
    "Country name": {
      "conventional long form": {
        "text": "Kingdom of Belgium"
      },
      "conventional short form": {
        "text": "Belgium"
      },
      "local long form": {
        "text": "Royaume de Belgique (French)/Koninkrijk Belgie (Dutch)/Koenigreich Belgien (German)"
      },
      "local short form": {
        "text": "Belgique/Belgie/Belgien"
      },
      "etymology": {
        "text": "the name derives from the Belgae, an ancient Celtic tribal confederation that inhabited an area between the English Channel and the west bank of the Rhine in the first centuries B.C."
      }
    },
    "Government type": {
      "text": "federal parliamentary democracy under a constitutional monarchy"
    },
    "Capital": {
      "name": {
        "text": "Brussels"
      },
      "geographic coordinates": {
        "text": "50 50 N, 4 20 E"
      },
      "time difference": {
        "text": "UTC+1 (6 hours ahead of Washington, DC, during Standard Time)"
      },
      "daylight saving time": {
        "text": "+1hr, begins last Sunday in March; ends last Sunday in October"
      }
    },
    "Administrative divisions": {
      "text": "3 regions (French: regions, singular - region; Dutch: gewesten, singular - gewest); Brussels-Capital Region, also known as Brussels Hoofdstedelijk Gewest (Dutch), Region de Bruxelles-Capitale (French long form), Bruxelles-Capitale (French short form); Flemish Region (Flanders), also known as Vlaams Gewest (Dutch long form), Vlaanderen (Dutch short form), Region Flamande (French long form), Flandre (French short form); Walloon Region (Wallonia), also known as Region Wallone (French long form), Wallonie (French short form), Waals Gewest (Dutch long form), Wallonie (Dutch short form)",
      "note": {
        "text": "as a result of the 1993 constitutional revision that furthered devolution into a federal state, there are now three levels of government (federal, regional, and linguistic community) with a complex division of responsibilities; the 2012 sixth state reform transferred additional competencies from the federal state to the regions and linguistic communities"
      }
    },
    "Independence": {
      "text": "4 October 1830 (a provisional government declared independence from the Netherlands); 21 July 1831 (King LEOPOLD I ascended to the throne)"
    },
    "National holiday": {
      "text": "21 July (1831) Ascension Day (ascension to the throne of King LEOPOLD I)"
    },
    "Constitution": {
      "text": "drafted 25 November 1830, approved 7 February 1831, entered into force 26 July 1831, revised 14 July 1993 (creating a federal state); amended many times, last in 2014 (2016)"
    },
    "Legal system": {
      "text": "civil law system based on the French Civil Code; note - Belgian law continues to be modified in conformance with the legislative norms mandated by the European Union; judicial review of legislative acts"
    },
    "International law organization participation": {
      "text": "accepts compulsory ICJ jurisdiction with reservations; accepts ICCt jurisdiction"
    },
    "Citizenship": {
      "citizenship by birth": {
        "text": "no"
      },
      "citizenship by descent only": {
        "text": "at least one parent must be a citizen of Belgium"
      },
      "dual citizenship recognized": {
        "text": "yes"
      },
      "residency requirement for naturalization": {
        "text": "5 years"
      }
    },
    "Suffrage": {
      "text": "18 years of age; universal and compulsory"
    },
    "Executive branch": {
      "chief of state": {
        "text": "King PHILIPPE (since 21 July 2013); Heir Apparent Princess ELISABETH, daughter of the monarch"
      },
      "head of government": {
        "text": "Prime Minister Charles MICHEL (since 11 October 2014); Deputy Prime Ministers Alexander DE CROO (since 22 October 2012), Jan JAMBON (since 11 October 2014), Kris PEETERS, Didier REYNDERS (since 30 December 2008)"
      },
      "cabinet": {
        "text": "Council of Ministers formally appointed by the monarch"
      },
      "elections/appointments": {
        "text": "the monarchy is hereditary and constitutional; following legislative elections, the leader of the majority party or majority coalition usually appointed prime minister by the monarch and approved by Parliament"
      }
    },
    "Legislative branch": {
      "description": {
        "text": "bicameral Parliament consists of the Senate or Senaat in Dutch, Senat in French (71 seats; 40 members directly elected in multi-seat constituencies by proportional representation vote and 31 indirectly elected by Community Parliaments; members serve 4-year terms) and the Chamber of Representatives or Kamer van Volksvertegenwoordigers in Dutch, Chambre des Representants in French (150 seats; members directly elected in multi-seat constituencies by proportional representation vote; members serve 4-year terms)"
      },
      "note": {
        "text": "the 1993 constitutional revision that further devolved Belgium into a federal state created three levels of government (federal, regional, and linguistic community) with a complex division of responsibilities; this reality leaves six governments, each with its own legislative assembly; changes above occurred since the sixth state reform"
      },
      "elections": {
        "text": "Chamber of Deputies - last held on 23 May 2014 (next to be held in May 2019); note - elections will coincide with the EU's elections"
      },
      "election results": {
        "text": "Chamber of Deputies - percent of vote by party - N-VA 20.3%, PS 11.7%, CD&V 11.6%, Open VLD 9.8%, MR 9.6%, SP.A 8.8%, Groen! 5.3%, CDH 5.0% Workers' Party 3.7%, VB 3.7%, Ecolo 3.3%, Defi 1.8%, PP 1.5%, other 3.9%; seats by party - N-VA 33, PS 23, CD&V 18, Open VLD 14, MR 20, SP.A 13, Groen! 6, CDH 9, Workers' Party 2, VB 3, Ecolo 6, Defi 2, PP 1"
      }
    },
    "Judicial branch": {
      "highest court(s)": {
        "text": "highest court(s): Constitutional Court or Grondwettelijk Hof in Dutch and Cour constitutionelle in French (consists of 12 judges - 6 Dutch-speaking and 6 French-speaking); Supreme Court of Justice or Hof van Cassatie in Dutch and Cour de Cassation in French (court organized into 3 chambers: civil and commercial; criminal; social, fiscal, and armed forces; each chamber includes a Dutch division and a French division, each with a chairperson and 5-6 judges)"
      },
      "judge selection and term of office": {
        "text": "Constitutional Court judges appointed by the monarch from candidates submitted by Parliament; judges appointed for life with mandatory retirement at age 70; Supreme Court judges appointed by the monarch from candidates submitted by the High Council of Justice, a 44-member independent body of judicial and non-judicial members; judges appointed for life"
      },
      "subordinate courts": {
        "text": "Courts of Appeal; regional courts; specialized courts for administrative, commercial, labor, and audit issues; magistrate's courts; justices of the peace"
      }
    },
    "Political parties and leaders": {
      "Flemish parties": {
        "text": " ++ Christian Democratic and Flemish or CD&V [Wouter BEKE] ++ Flemish Liberals and Democrats or Open VLD [Gwendolyn RUTTEN] ++ Groen! [Meyrem ALMACI] (formerly AGALEV, Flemish Greens) ++ New Flemish Alliance or N-VA [Bart DE WEVER] ++ Social Progressive Alternative or SP.A [John CROMBEZ] ++ Vlaams Belang (Flemish Interest) or VB [Tom VAN GRIEKEN]"
      },
      "Francophone parties": {
        "text": " ++ Ecolo (Francophone Greens) [Patrick DUPRIEZ and Zakia KHATTABI] ++ Francophone Federalist Democrats or Defi [Olivier MAINGAIN] ++ Humanist and Democratic Center or CDH [Benoit LUTGEN] ++ People's Party or PP [Mischael MODRIKAMEN] ++ Reform Movement or MR [Olivier CHASTEL] ++ Socialist Party or PS [Elio DI RUPO] ++ Workers' Party [Peter MERTENS] ++ other minor parties"
      }
    },
    "Political pressure groups and leaders": {
      "text": "Belgian General Federation of Labor [Rudy DE LEEUW, Marc GOBLET] ++ Confederation of Christan Trade Unions [Marc LEEMANS, Marie-Helene SKA] ++ Federation of Enterprises in Belgium [Pieter TIMMERMANS, Michele SIOEN]",
      "other": {
        "text": "numerous other associations representing bankers, manufacturers, middle-class artisans, and the legal and medical professions; trade unions; various organizations representing the cultural interests of Flanders and Wallonia; various peace groups such as Pax Christi and groups representing immigrants"
      }
    },
    "International organization participation": {
      "text": "ADB (nonregional members), AfDB (nonregional members), Australia Group, Benelux, BIS, CD, CE, CERN, EAPC, EBRD, ECB, EIB, EITI (implementing country), EMU, ESA, EU, FAO, FATF, G-9, G-10, IADB, IAEA, IBRD, ICAO, ICC (national committees), ICCt, ICRM, IDA, IEA, IFAD, IFC, IFRCS, IGAD (partners), IHO, ILO, IMF, IMO, IMSO, Interpol, IOC, IOM, IPU, ISO, ITSO, ITU, ITUC (NGOs), MIGA, MONUSCO, NATO, NEA, NSG, OAS (observer), OECD, OIF, OPCW, OSCE, Pacific Alliance (observer), Paris Club, PCA, Schengen Convention, SELEC (observer), UN, UNCTAD, UNESCO, UNHCR, UNIDO, UNIFIL, UNRWA, UNTSO, UPU, WCO, WHO, WIPO, WMO, WTO, ZC"
    },
    "Diplomatic representation in the US": {
      "chief of mission": {
        "text": "Ambassador Dirk Jozef M. WOUTERS (since 16 September 2016)"
      },
      "chancery": {
        "text": "3330 Garfield Street NW, Washington, DC 20008"
      },
      "telephone": {
        "text": "[1] (202) 333-6900"
      },
      "FAX": {
        "text": "[1] (202) 333-3079"
      },
      "consulate(s) general": {
        "text": "Atlanta, Los Angeles, New York"
      }
    },
    "Diplomatic representation from the US": {
      "chief of mission": {
        "text": "Ambassador Denise Campbell BAUER (since 26 September 2013)"
      },
      "embassy": {
        "text": "27 Boulevard du Regent [Regentlaan], B-1000 Brussels"
      },
      "mailing address": {
        "text": "PSC 82, Box 002, APO AE 09710"
      },
      "telephone": {
        "text": "[32] (2) 811-4000"
      },
      "FAX": {
        "text": "[32] (2) 811-4500"
      }
    },
    "Flag description": {
      "text": "three equal vertical bands of black (hoist side), yellow, and red; the vertical design was based on the flag of France; the colors are those of the arms of the duchy of Brabant (yellow lion with red claws and tongue on a black field)"
    },
    "National symbol(s)": {
      "text": "lion; national colors: red, black, yellow"
    },
    "National anthem": {
      "name": {
        "text": "\"La Brabanconne\" (The Song of Brabant)"
      },
      "lyrics/music": {
        "text": "Louis-Alexandre DECHET[French] Victor CEULEMANS [Dutch]/Francois VAN CAMPENHOUT"
      },
      "note": {
        "text": "adopted 1830; according to legend, Louis-Alexandre DECHET, an actor at the theater in which the revolution against the Netherlands began, wrote the lyrics with a group of young people in a Brussels cafe"
      }
    }
  },
  "Economy": {
    "Economy - overview": {
      "text": "This modern, open, and private-enterprise-based economy has capitalized on its central geographic location, highly developed transport network, and diversified industrial and commercial base. Industry is concentrated mainly in the more heavily-populated region of Flanders in the north. With few natural resources, Belgium imports substantial quantities of raw materials and exports a large volume of manufactures, making its economy vulnerable to shifts in foreign demand, particularly with Belgium’s EU trade partners. Roughly three-quarters of Belgium's trade is with other EU countries. ++  ++ In 2015, Belgian GDP grew by 1.4%, the unemployment rate stabilized at 8.6%, and the budget deficit was 2.7% of GDP. Prime Minister Charles MICHEL's center-right government has pledged to further reduce the deficit in response to EU pressure to reduce Belgium's high public debt, which remains above 100% of GDP, but such efforts could also dampen economic growth. In addition to restrained public spending, low wage growth and high unemployment promise to curtail a more robust recovery in private consumption. ++  ++ The government has pledged to pursue a reform program to improve Belgium’s competitiveness, including changes to tax policy, labor market rules, and welfare benefits. These changes risk worsening tensions with trade unions and triggering extended strikes."
    },
    "GDP (purchasing power parity)": {
      "text": "$494.1 billion (2015 est.) ++ $487.4 billion (2014 est.) ++ $481 billion (2013 est.)",
      "note": {
        "text": "data are in 2015 US dollars"
      }
    },
    "GDP (official exchange rate)": {
      "text": "$454.7 billion (2015 est.)"
    },
    "GDP - real growth rate": {
      "text": "1.4% (2015 est.) ++ 1.3% (2014 est.) ++ 0% (2013 est.)"
    },
    "GDP - per capita (PPP)": {
      "text": "$43,600 (2015 est.) ++ $43,500 (2014 est.) ++ $43,100 (2013 est.)",
      "note": {
        "text": "data are in 2015 US dollars"
      }
    },
    "Gross national saving": {
      "text": "22.6% of GDP (2015 est.) ++ 22.8% of GDP (2014 est.) ++ 21.9% of GDP (2013 est.)"
    },
    "GDP - composition, by end use": {
      "household consumption": {
        "text": "51.5%"
      },
      "government consumption": {
        "text": "24.2%"
      },
      "investment in fixed capital": {
        "text": "23.3%"
      },
      "investment in inventories": {
        "text": "-0.7%"
      },
      "exports of goods and services": {
        "text": "84.4%"
      },
      "imports of goods and services": {
        "text": "-82.7% (2015 est.)"
      }
    },
    "GDP - composition, by sector of origin": {
      "agriculture": {
        "text": "0.6%"
      },
      "industry": {
        "text": "21.9%"
      },
      "services": {
        "text": "77.4% (2015 est.)"
      }
    },
    "Agriculture - products": {
      "text": "sugar beets, fresh vegetables, fruits, grain, tobacco; beef, veal, pork, milk"
    },
    "Industries": {
      "text": "engineering and metal products, motor vehicle assembly, transportation equipment, scientific instruments, processed food and beverages, chemicals, base metals, textiles, glass, petroleum"
    },
    "Industrial production growth rate": {
      "text": "0.9% (2015 est.)"
    },
    "Labor force": {
      "text": "5.247 million (2015 est.)"
    },
    "Labor force - by occupation": {
      "agriculture": {
        "text": "1.3%"
      },
      "industry": {
        "text": "18.6%"
      },
      "services": {
        "text": "80.1% (2013 est.)"
      }
    },
    "Unemployment rate": {
      "text": "8.5% (2015 est.) ++ 8.6% (2014 est.)"
    },
    "Population below poverty line": {
      "text": "15.1% (2013 est.)"
    },
    "Household income or consumption by percentage share": {
      "lowest 10%": {
        "text": "3.4%"
      },
      "highest 10%": {
        "text": "28.4% (2006)"
      }
    },
    "Distribution of family income - Gini index": {
      "text": "25.9 (2013 est.) ++ 28.7 (1996)"
    },
    "Budget": {
      "revenues": {
        "text": "$233.4 billion"
      },
      "expenditures": {
        "text": "$245.2 billion (2015 est.)"
      }
    },
    "Taxes and other revenues": {
      "text": "51.3% of GDP (2015 est.)"
    },
    "Budget surplus (+) or deficit (-)": {
      "text": "-2.6% of GDP (2015 est.)"
    },
    "Public debt": {
      "text": "106.1% of GDP (2015 est.) ++ 106.6% of GDP (2014 est.)",
      "note": {
        "text": "data cover general government debt and include debt instruments issued (or owned) by government entities other than the treasury; the data include treasury debt held by foreign entities; the data include debt issued by subnational entities, as well as intra-governmental debt; intra-governmental debt consists of treasury borrowings from surpluses in the social funds, such as for retirement, medical care, and unemployment; debt instruments for the social funds are not sold at public auctions; general government debt is defined by the Maastricht definition and calculated by the National Bank of Belgium as consolidated gross debt; the debt is defined in European Regulation EC479/2009 concerning the implementation of the protocol on the excessive deficit procedure annexed to the Treaty on European Union (Treaty of Maastricht) of 7 February 1992; the sub-sectors of consolidated gross debt are: federal government, communities and regions, local government, and social security funds"
      }
    },
    "Fiscal year": {
      "text": "calendar year"
    },
    "Inflation rate (consumer prices)": {
      "text": "0.6% (2015 est.) ++ 0.5% (2014 est.)"
    },
    "Central bank discount rate": {
      "text": "0.05% (31 December 2013) ++ 0.3% (31 December 2010)",
      "note": {
        "text": "this is the European Central Bank's rate on the marginal lending facility, which offers overnight credit to banks in the euro area"
      }
    },
    "Commercial bank prime lending rate": {
      "text": "2.46% (31 December 2015 est.) ++ 3.23% (31 December 2014 est.)"
    },
    "Stock of narrow money": {
      "text": "$181.5 billion (31 December 2015 est.) ++ $182.5 billion (31 December 2014 est.)",
      "note": {
        "text": "see entry for the European Union for money supply for the entire euro area; the European Central Bank (ECB) controls monetary policy for the 18 members of the Economic and Monetary Union (EMU); individual members of the EMU do not control the quantity of money circulating within their own borders"
      }
    },
    "Stock of broad money": {
      "text": "$606.9 billion (31 December 2014 est.) ++ $630.9 billion (31 December 2013 est.)"
    },
    "Stock of domestic credit": {
      "text": "$660.8 billion (31 December 2015 est.) ++ $750.6 billion (31 December 2014 est.)"
    },
    "Market value of publicly traded shares": {
      "text": "$300.1 billion (31 December 2015 est.) ++ $229.9 billion (31 December 2014 est.) ++ $269.3 billion (31 December 2013 est.)"
    },
    "Current account balance": {
      "text": "$2.359 billion (2015 est.) ++ -$1.147 billion (2014 est.)"
    },
    "Exports": {
      "text": "$259.9 billion (2015 est.) ++ $320.2 billion (2014 est.)"
    },
    "Exports - commodities": {
      "text": "chemicals, machinery and equipment, finished diamonds, metals and metal products, foodstuffs"
    },
    "Exports - partners": {
      "text": "Germany 16.9%, France 15.5%, Netherlands 11.4%, UK 8.8%, US 6%, Italy 5% (2015)"
    },
    "Imports": {
      "text": "$259.6 billion (2015 est.) ++ $325.2 billion (2014 est.)"
    },
    "Imports - commodities": {
      "text": "raw materials, machinery and equipment, chemicals, raw diamonds, pharmaceuticals, foodstuffs, transportation equipment, oil products"
    },
    "Imports - partners": {
      "text": "Netherlands 16.7%, Germany 12.7%, France 9.6%, US 8.7%, UK 5.1%, Ireland 4.7%, China 4.3% (2015)"
    },
    "Reserves of foreign exchange and gold": {
      "text": "$24.1 billion (31 December 2015 est.) ++ $25.4 billion (31 December 2014 est.)"
    },
    "Debt - external": {
      "text": "$1.312 trillion (31 December 2014 est.) ++ $1.285 trillion (31 December 2013 est.)"
    },
    "Stock of direct foreign investment - at home": {
      "text": "$1.034 trillion (31 December 2015 est.) ++ $1.055 trillion (31 December 2014 est.)"
    },
    "Stock of direct foreign investment - abroad": {
      "text": "$1.01 trillion (31 December 2015 est.) ++ $1.024 trillion (31 December 2014 est.)"
    },
    "Exchange rates": {
      "text": "euros (EUR) per US dollar - ++ 0.885 (2015 est.) ++ 0.7525 (2014 est.) ++ 0.7634 (2013 est.) ++ 0.78 (2012 est.) ++ 0.7185 (2011 est.)"
    }
  },
  "Energy": {
    "Electricity access": {
      "electrification - total population": {
        "text": "100% (2016)"
      }
    },
    "Electricity - production": {
      "text": "68 billion kWh (2014 est.)"
    },
    "Electricity - consumption": {
      "text": "81 billion kWh (2014 est.)"
    },
    "Electricity - exports": {
      "text": "4.2 billion kWh (2014 est.)"
    },
    "Electricity - imports": {
      "text": "22 billion kWh (2014 est.)"
    },
    "Electricity - installed generating capacity": {
      "text": "21 million kW (2014 est.)"
    },
    "Electricity - from fossil fuels": {
      "text": "39.3% of total installed capacity (2012 est.)"
    },
    "Electricity - from nuclear fuels": {
      "text": "28.2% of total installed capacity (2012 est.)"
    },
    "Electricity - from hydroelectric plants": {
      "text": "0.6% of total installed capacity (2012 est.)"
    },
    "Electricity - from other renewable sources": {
      "text": "25.7% of total installed capacity (2012 est.)"
    },
    "Crude oil - production": {
      "text": "0 bbl/day (2015 est.)"
    },
    "Crude oil - exports": {
      "text": "73,090 bbl/day (2015 est.)"
    },
    "Crude oil - imports": {
      "text": "715,000 bbl/day (2015 est.)"
    },
    "Crude oil - proved reserves": {
      "text": "0 bbl (1 January 2016 es)"
    },
    "Refined petroleum products - production": {
      "text": "730,200 bbl/day (2015 est.)"
    },
    "Refined petroleum products - consumption": {
      "text": "647,800 bbl/day (2015 est.)"
    },
    "Refined petroleum products - exports": {
      "text": "535,700 bbl/day (2015 est.)"
    },
    "Refined petroleum products - imports": {
      "text": "547,700 bbl/day (2015 est.)"
    },
    "Natural gas - production": {
      "text": "0 cu m (2014 est.)"
    },
    "Natural gas - consumption": {
      "text": "15.78 billion cu m (2014 est.)"
    },
    "Natural gas - exports": {
      "text": "848 million cu m (2014 est.)"
    },
    "Natural gas - imports": {
      "text": "16.82 billion cu m (2014 est.)"
    },
    "Natural gas - proved reserves": {
      "text": "0 cu m (1 January 2014 es)"
    },
    "Carbon dioxide emissions from consumption of energy": {
      "text": "141 million Mt (2013 est.)"
    }
  },
  "Communications": {
    "Telephones - fixed lines": {
      "total subscriptions": {
        "text": "4,488,711"
      },
      "subscriptions per 100 inhabitants": {
        "text": "40 (July 2015 est.)"
      }
    },
    "Telephones - mobile cellular": {
      "total": {
        "text": "12.938 million"
      },
      "subscriptions per 100 inhabitants": {
        "text": "114 (July 2015 est.)"
      }
    },
    "Telephone system": {
      "general assessment": {
        "text": "highly developed, technologically advanced, and completely automated domestic and international telephone and telegraph facilities"
      },
      "domestic": {
        "text": "nationwide mobile-cellular telephone system; extensive cable network; limited microwave radio relay network"
      },
      "international": {
        "text": "country code - 32; landing point for a number of submarine cables that provide links to Europe, the Middle East, and Asia; satellite earth stations - 7 (Intelsat - 3) (2015)"
      }
    },
    "Broadcast media": {
      "text": "a segmented market with the three major communities (Flemish, French, and German-speaking) each having responsibility for their own broadcast media; multiple TV channels exist for each community; additionally, in excess of 90% of households are connected to cable and can access broadcasts of TV stations from neighboring countries; each community has a public radio network coexisting with private broadcasters (2007)"
    },
    "Internet country code": {
      "text": ".be"
    },
    "Internet users": {
      "total": {
        "text": "9.631 million"
      },
      "percent of population": {
        "text": "85% (July 2015 est.)"
      }
    }
  },
  "Transportation": {
    "National air transport system": {
      "number of registered air carriers": {
        "text": "7"
      },
      "inventory of registered aircraft operated by air carriers": {
        "text": "117"
      },
      "annual passenger traffic on registered air carriers": {
        "text": "11,193,023"
      },
      "annual freight traffic on registered air carriers": {
        "text": "1,464,316,900 mt-km (2015)"
      }
    },
    "Civil aircraft registration country code prefix": {
      "text": "OO (2016)"
    },
    "Airports": {
      "text": "41 (2013)"
    },
    "Airports - with paved runways": {
      "total": {
        "text": "26"
      },
      "over 3,047 m": {
        "text": "6"
      },
      "2,438 to 3,047 m": {
        "text": "9"
      },
      "1,524 to 2,437 m": {
        "text": "2"
      },
      "914 to 1,523 m": {
        "text": "1"
      },
      "under 914 m": {
        "text": "8 (2013)"
      }
    },
    "Airports - with unpaved runways": {
      "total": {
        "text": "15"
      },
      "under 914 m": {
        "text": "15 (2013)"
      }
    },
    "Heliports": {
      "text": "1 (2013)"
    },
    "Pipelines": {
      "text": "gas 3,139 km; oil 154 km; refined products 535 km (2013)"
    },
    "Railways": {
      "total": {
        "text": "3,592 km"
      },
      "standard gauge": {
        "text": "3,592 km 1.435-m gauge (2,960 km electrified) (2014)"
      }
    },
    "Roadways": {
      "total": {
        "text": "154,012 km"
      },
      "paved": {
        "text": "120,514 km (includes 1,756 km of expressways)"
      },
      "unpaved": {
        "text": "33,498 km (2010)"
      }
    },
    "Waterways": {
      "text": "2,043 km (1,528 km in regular commercial use) (2012)"
    },
    "Merchant marine": {
      "total": {
        "text": "87"
      },
      "by type": {
        "text": "bulk carrier 23, cargo 15, chemical tanker 5, container 4, liquefied gas 23, passenger 2, petroleum tanker 8, roll on/roll off 7"
      },
      "foreign-owned": {
        "text": "15 (Denmark 4, France 7, Russia 1, UK 2, US 1)"
      },
      "registered in other countries": {
        "text": "107 (Bahamas 6, Cambodia 1, Cyprus 3, France 7, Gibraltar 1, Greece 17, Hong Kong 26, Liberia 1, Luxembourg 11, Malta 7, Marshall Islands 1, Mozambique 2, North Korea 1, Panama 1, Portugal 8, Russia 4, Saint Kitts and Nevis 1, Saint Vincent and the Grenadines 7, Singapore 1, Vanuatu 1) (2010)"
      }
    },
    "Ports and terminals": {
      "major seaport(s)": {
        "text": "Oostende, Zeebrugge"
      },
      "river port(s)": {
        "text": "Antwerp, Gent (Schelde River); Brussels (Senne River); Liege (Meuse River)"
      },
      "container port(s) (TEUs)": {
        "text": "Antwerp (8,664,243), Zeebrugge (2,207,257) (2011)"
      },
      "LNG terminal(s) (import)": {
        "text": "Zeebrugge"
      }
    }
  },
  "Military and Security": {
    "Military branches": {
      "text": "Belgian Armed Forces: Land Operations Command, Naval Operations Command, Air Operations Command (2012)"
    },
    "Military service age and obligation": {
      "text": "18 years of age for male and female voluntary military service; conscription abolished in 1994 (2012)"
    },
    "Military expenditures": {
      "text": "0.97% of GDP (2014) ++ 1.01% of GDP (2013) ++ 1.05% of GDP (2012) ++ 1.05% of GDP (2011) ++ 1.08% of GDP (2010)"
    }
  },
  "Transnational Issues": {
    "Disputes - international": {
      "text": "none"
    },
    "Refugees and internally displaced persons": {
      "stateless persons": {
        "text": "5,776 (2015)"
      }
    },
    "Illicit drugs": {
      "text": "growing producer of synthetic drugs and cannabis; transit point for US-bound ecstasy; source of precursor chemicals for South American cocaine processors; transshipment point for cocaine, heroin, hashish, and marijuana entering Western Europe; despite a strengthening of legislation, the country remains vulnerable to money laundering related to narcotics, automobiles, alcohol, and tobacco; significant domestic consumption of ecstasy"
    }
  }
}