{
  "Introduction": {
    "Background": {
      "text": "Part of Romania during the interwar period, Moldova was incorporated into the Soviet Union at the close of World War II. Although the country has been independent from the USSR since 1991, Russian forces have remained on Moldovan territory east of the Nistru River supporting the breakaway region of Transnistria, composed of a Slavic majority population (mostly Ukrainians and Russians), but with a sizable ethnic Moldovan minority. Europe's poorest economy, Moldova became the first former Soviet state to elect a communist, Vladimir VORONIN, as its president in 2001. VORONIN served as Moldova's president until he resigned in September 2009. Four Moldovan opposition parties then formed a new coalition, the Alliance for European Integration (AEI), iterations of which acted as Moldova's governing coalitions over the next several years. In May 2013, two of the original AEI parties and a splinter group from a third re-formed a ruling coalition called the Pro-European Coalition. The Moldovan Government in summer 2014 signed and ratified an Association Agreement with the EU, advancing the Coalition's policy priority of EU integration. Following the country's most recent legislative election in November 2014, the three pro-European parties that entered Parliament won a total of 55 of the body's 101 seats. Infighting among coalition members led to prolonged legislative gridlock and political instability, as well as the collapse of two governments, all ruled by pro-European coalitions centered around the Liberal Democratic Party (PLDM) and the Democratic Party (PDM). A political impasse ended in January 2016 when a new parliamentary majority led by PDM, joined by defectors from the Communists and PLDM, supported Pavel FILIP as prime minister."
    }
  },
  "Geography": {
    "Location": {
      "text": "Eastern Europe, northeast of Romania"
    },
    "Geographic coordinates": {
      "text": "47 00 N, 29 00 E"
    },
    "Map references": {
      "text": "Europe"
    },
    "Area": {
      "total": {
        "text": "33,851 sq km"
      },
      "land": {
        "text": "32,891 sq km"
      },
      "water": {
        "text": "960 sq km"
      }
    },
    "Area - comparative": {
      "text": "slightly larger than Maryland"
    },
    "Land boundaries": {
      "total": {
        "text": "1,885 km"
      },
      "border countries": {
        "text": "Romania 683 km, Ukraine 1,202 km"
      }
    },
    "Coastline": {
      "text": "0 km (landlocked)"
    },
    "Maritime claims": {
      "text": "none (landlocked)"
    },
    "Climate": {
      "text": "moderate winters, warm summers"
    },
    "Terrain": {
      "text": "rolling steppe, gradual slope south to Black Sea"
    },
    "Elevation": {
      "mean elevation": {
        "text": "139 m"
      },
      "elevation extremes": {
        "text": "lowest point: Dniester (Nistru) 2 m ++ highest point: Dealul Balanesti 430 m"
      }
    },
    "Natural resources": {
      "text": "lignite, phosphorites, gypsum, limestone, arable land"
    },
    "Land use": {
      "agricultural land": {
        "text": "74.9% ++ arable land 55.1%; permanent crops 9.1%; permanent pasture 10.7%"
      },
      "forest": {
        "text": "11.9%"
      },
      "other": {
        "text": "13.2% (2011 est.)"
      }
    },
    "Irrigated land": {
      "text": "2,283 sq km (2012)"
    },
    "Population - distribution": {
      "text": "pockets of agglomeration exist throughout the country, the largest being in the center of the country around the capital of Chisinau, followed by Tiraspol and Balti"
    },
    "Natural hazards": {
      "text": "landslides"
    },
    "Environment - current issues": {
      "text": "heavy use of agricultural chemicals, including banned pesticides such as DDT, has contaminated soil and groundwater; extensive soil erosion from poor farming methods"
    },
    "Environment - international agreements": {
      "party to": {
        "text": "Air Pollution, Air Pollution-Persistent Organic Pollutants, Biodiversity, Climate Change, Climate Change-Kyoto Protocol, Desertification, Endangered Species, Hazardous Wastes, Ozone Layer Protection, Ship Pollution, Wetlands"
      },
      "signed, but not ratified": {
        "text": "none of the selected agreements"
      }
    },
    "Geography - note": {
      "text": "landlocked; well endowed with various sedimentary rocks and minerals including sand, gravel, gypsum, and limestone"
    }
  },
  "People and Society": {
    "Population": {
      "text": "3,510,485 (July 2016 est.)"
    },
    "Nationality": {
      "noun": {
        "text": "Moldovan(s)"
      },
      "adjective": {
        "text": "Moldovan"
      }
    },
    "Ethnic groups": {
      "text": "Moldovan 75.8%, Ukrainian 8.4%, Russian 5.9%, Gagauz 4.4%, Romanian 2.2%, Bulgarian 1.9%, other 1%, unspecified 0.4%",
      "note": {
        "text": "internal disputes with ethnic Slavs in the Transnistrian region (2004 est.)"
      }
    },
    "Languages": {
      "text": "Moldovan 58.8% (official; virtually the same as the Romanian language), Romanian 16.4%, Russian 16%, Ukrainian 3.8%, Gagauz 3.1% (a Turkish language), Bulgarian 1.1%, other 0.3%, unspecified 0.4%",
      "note": {
        "text": "represents lanugage usually spoken (2004 est.)"
      }
    },
    "Religions": {
      "text": "Orthodox 93.3%, Baptist 1%, other Christian 1.2%, other 0.9%, atheist 0.4%, none 1%, unspecified 2.2% (2004 est.)"
    },
    "Age structure": {
      "0-14 years": {
        "text": "18.03% (male 326,244/female 306,543)"
      },
      "15-24 years": {
        "text": "12.87% (male 233,694/female 218,189)"
      },
      "25-54 years": {
        "text": "43.55% (male 768,933/female 760,002)"
      },
      "55-64 years": {
        "text": "13.36% (male 214,852/female 254,224)"
      },
      "65 years and over": {
        "text": "12.19% (male 165,811/female 261,993) (2016 est.)"
      }
    },
    "Dependency ratios": {
      "total dependency ratio": {
        "text": "34.6%"
      },
      "youth dependency ratio": {
        "text": "21.2%"
      },
      "elderly dependency ratio": {
        "text": "13.4%"
      },
      "potential support ratio": {
        "text": "7.5% (2015 est.)"
      }
    },
    "Median age": {
      "total": {
        "text": "36.3 years"
      },
      "male": {
        "text": "34.5 years"
      },
      "female": {
        "text": "38.3 years (2016 est.)"
      }
    },
    "Population growth rate": {
      "text": "-1.04% (2016 est.)"
    },
    "Birth rate": {
      "text": "11.8 births/1,000 population (2016 est.)"
    },
    "Death rate": {
      "text": "12.6 deaths/1,000 population (2016 est.)"
    },
    "Net migration rate": {
      "text": "-9.5 migrant(s)/1,000 population (2016 est.)"
    },
    "Population distribution": {
      "text": "pockets of agglomeration exist throughout the country, the largest being in the center of the country around the capital of Chisinau, followed by Tiraspol and Balti"
    },
    "Urbanization": {
      "urban population": {
        "text": "45% of total population (2015)"
      },
      "rate of urbanization": {
        "text": "-0.73% annual rate of change (2010-15 est.)"
      }
    },
    "Major urban areas - population": {
      "text": "CHISINAU (capital) 725,000 (2015)"
    },
    "Sex ratio": {
      "at birth": {
        "text": "1.06 male(s)/female"
      },
      "0-14 years": {
        "text": "1.06 male(s)/female"
      },
      "15-24 years": {
        "text": "1.07 male(s)/female"
      },
      "25-54 years": {
        "text": "1.01 male(s)/female"
      },
      "55-64 years": {
        "text": "0.85 male(s)/female"
      },
      "65 years and over": {
        "text": "0.62 male(s)/female"
      },
      "total population": {
        "text": "0.95 male(s)/female (2016 est.)"
      }
    },
    "Mother's mean age at first birth": {
      "text": "24 (2013 est.)"
    },
    "Maternal mortality rate": {
      "text": "23 deaths/100,000 live births (2015 est.)"
    },
    "Infant mortality rate": {
      "total": {
        "text": "12.3 deaths/1,000 live births"
      },
      "male": {
        "text": "14.1 deaths/1,000 live births"
      },
      "female": {
        "text": "10.3 deaths/1,000 live births (2016 est.)"
      }
    },
    "Life expectancy at birth": {
      "total population": {
        "text": "70.7 years"
      },
      "male": {
        "text": "66.9 years"
      },
      "female": {
        "text": "74.8 years (2016 est.)"
      }
    },
    "Total fertility rate": {
      "text": "1.56 children born/woman (2016 est.)"
    },
    "Contraceptive prevalence rate": {
      "text": "67.8% (2005)"
    },
    "Health expenditures": {
      "text": "10.3% of GDP (2014)"
    },
    "Physicians density": {
      "text": "2.98 physicians/1,000 population (2013)"
    },
    "Hospital bed density": {
      "text": "6.2 beds/1,000 population (2012)"
    },
    "Drinking water source": {
      "improved": {
        "text": " ++ urban: 96.9% of population ++ rural: 81.4% of population ++ total: 88.4% of population"
      },
      "unimproved": {
        "text": " ++ urban: 3.1% of population ++ rural: 18.6% of population ++ total: 11.6% of population (2015 est.)"
      }
    },
    "Sanitation facility access": {
      "improved": {
        "text": " ++ urban: 87.8% of population ++ rural: 67.1% of population ++ total: 76.4% of population"
      },
      "unimproved": {
        "text": " ++ urban: 12.2% of population ++ rural: 32.9% of population ++ total: 23.6% of population (2015 est.)"
      }
    },
    "HIV/AIDS - adult prevalence rate": {
      "text": "0.64% (2015 est.)"
    },
    "HIV/AIDS - people living with HIV/AIDS": {
      "text": "18,000 (2015 est.)"
    },
    "HIV/AIDS - deaths": {
      "text": "800 (2015 est.)"
    },
    "Obesity - adult prevalence rate": {
      "text": "15.7% (2014)"
    },
    "Children under the age of 5 years underweight": {
      "text": "2.2% (2012)"
    },
    "Education expenditures": {
      "text": "7.5% of GDP (2014)"
    },
    "Literacy": {
      "definition": {
        "text": "age 15 and over can read and write"
      },
      "total population": {
        "text": "99.4%"
      },
      "male": {
        "text": "99.7%"
      },
      "female": {
        "text": "99.1% (2015 est.)"
      }
    },
    "School life expectancy (primary to tertiary education)": {
      "total": {
        "text": "12 years"
      },
      "male": {
        "text": "12 years"
      },
      "female": {
        "text": "12 years (2013)"
      }
    },
    "Child labor - children ages 5-14": {
      "total number": {
        "text": "72,364"
      },
      "percentage": {
        "text": "16% (2009 est.)"
      }
    },
    "Unemployment, youth ages 15-24": {
      "total": {
        "text": "9.8%"
      },
      "male": {
        "text": "9.6%"
      },
      "female": {
        "text": "10.2% (2014 est.)"
      }
    }
  },
  "Government": {
    "Country name": {
      "conventional long form": {
        "text": "Republic of Moldova"
      },
      "conventional short form": {
        "text": "Moldova"
      },
      "local long form": {
        "text": "Republica Moldova"
      },
      "local short form": {
        "text": "Moldova"
      },
      "former": {
        "text": "Moldavian Soviet Socialist Republic, Moldovan Soviet Socialist Republic"
      },
      "etymology": {
        "text": "named for the Moldova River in neighboring eastern Romania"
      }
    },
    "Government type": {
      "text": "parliamentary republic"
    },
    "Capital": {
      "name": {
        "text": "Chisinau in Romanian (Kishinev in Russian)"
      },
      "note": {
        "text": "pronounced KEE-shee-now (KIH-shi-nyov)"
      },
      "geographic coordinates": {
        "text": "47 00 N, 28 51 E"
      },
      "time difference": {
        "text": "UTC+2 (7 hours ahead of Washington, DC, during Standard Time)"
      },
      "daylight saving time": {
        "text": "+1hr, begins last Sunday in March; ends last Sunday in October"
      }
    },
    "Administrative divisions": {
      "text": "32 raions (raioane, singular - raion), 3 municipalities (municipii, singular - municipiul), 1 autonomous territorial unit (unitatea teritoriala autonoma), and 1 territorial unit (unitatea teritoriala)",
      "raions": {
        "text": "Anenii Noi, Basarabeasca, Briceni, Cahul, Cantemir, Calarasi, Causeni, Cimislia, Criuleni, Donduseni, Drochia, Dubasari, Edinet, Falesti, Floresti, Glodeni, Hincesti, Ialoveni, Leova, Nisporeni, Ocnita, Orhei, Rezina, Riscani, Singerei, Soldanesti, Soroca, Stefan-Voda, Straseni, Taraclia, Telenesti, Ungheni"
      },
      "municipalities": {
        "text": "Balti, Bender, Chisinau"
      },
      "autonomous territorial unit": {
        "text": "Gagauzia"
      },
      "territorial unit": {
        "text": "Stinga Nistrului (Transnistria)"
      }
    },
    "Independence": {
      "text": "27 August 1991 (from the Soviet Union)"
    },
    "National holiday": {
      "text": "Independence Day, 27 August (1991)"
    },
    "Constitution": {
      "text": "previous 1978; latest adopted 29 July 1994, effective 27 August 1994; amended several times, last in 2010; note – in early 2016, a Moldovan Constitutional Court decision allows for direct presidential elections, reversing a constitutional amendment allowing Parliament to select the president (2016)"
    },
    "Legal system": {
      "text": "civil law system with Germanic law influences; Constitutional Court review of legislative acts"
    },
    "International law organization participation": {
      "text": "has not submitted an ICJ jurisdiction declaration; accepts ICCt jurisdiction"
    },
    "Citizenship": {
      "citizenship by birth": {
        "text": "no"
      },
      "citizenship by descent only": {
        "text": "at least one parent must be a citizen of Moldova"
      },
      "dual citizenship recognized": {
        "text": "no"
      },
      "residency requirement for naturalization": {
        "text": "10 years"
      }
    },
    "Suffrage": {
      "text": "18 years of age; universal"
    },
    "Executive branch": {
      "chief of state": {
        "text": "President Nicolae TIMOFTI (since 23 March 2012)"
      },
      "head of government": {
        "text": "Prime Minister Pavel FILIP (since 20 January 2016)"
      },
      "cabinet": {
        "text": "Cabinet proposed by the prime minister-designate, nominated by the president, approved through a vote of confidence in Parliament"
      },
      "elections/appointments": {
        "text": "president directly elected for a 4-year term (eligible for a second term); election last held on 13 November 2016 (next to be held in fall 2020); prime minister designated by the president upon consultation with Parliament; within 15 days from designation, the prime minister-designate must request a vote of confidence for his/her proposed work program from the Parliament"
      },
      "election results": {
        "text": "Igor DODON elected president; percent of vote - Igor DODON (Socialist Party) 52.3%, Maia SANDU (Action and Solidarity Party) 47.7%; Pavel FILIP (Democratic Party) designated prime minister; Parliament vote - 57 of 101; note - Igor DODON is scheduled to take office on 23 March 2017"
      }
    },
    "Legislative branch": {
      "description": {
        "text": "unicameral Parliament (101 seats; members directly elected in a single, nationwide constituency by proportional representation vote to serve 4-year terms)"
      },
      "elections": {
        "text": "last held on 30 November 2014 (next to be held in November 2018)"
      },
      "election results": {
        "text": "percent of vote by party - PSRM 20.5%, PLDM 20.2%, PCRM 17.5%, PDM 15.8%, PL 9.7%, other 16.3%; seats by party - PSRM 25, PLDM 23, PCRM 21, PDM 19, PL 13"
      }
    },
    "Judicial branch": {
      "highest court(s)": {
        "text": "Supreme Court of Justice (consists of a chief judge, 3 deputy-chief judges, 45 judges, and 7 assistant judges); Constitutional Court (consists of the court president and 6 judges); note - the Constitutional Court is autonomous to the other branches of government; the Court interprets the Constitution and reviews the constitutionality of parliamentary laws and decisions, decrees of the president, and acts of the government"
      },
      "judge selection and term of office": {
        "text": "Supreme Court of Justice judges appointed by Parliament upon the recommendation of the Supreme Council of the Magistracy; all judges serve 4-year renewable terms; Constitutional Court judges appointed 2 each by Parliament, the Moldovan president, and the Higher Council of Magistracy; court president elected by other court judges for a 3-year term; other judges appointed for 6-year terms"
      },
      "subordinate courts": {
        "text": "Courts of Appeal; Court of Business Audit; municipal courts"
      }
    },
    "Political parties and leaders": {
      "represented in Parliament": {
        "text": " ++ Communist Party of the Republic of Moldova or PCRM [Vladimir VORONIN] ++ Democratic Party of Moldova or PDM [Marian LUPU] ++ Liberal Democratic Party of Moldova or PLDM [Valeriu STRELET, acting] ++ Liberal Party or PL [Mihai GHIMPU] ++ Socialist Party of the Republic of Moldova or PSRM [Igor DODON]"
      },
      "not represented in Parliament": {
        "text": " ++ Action and Sloidarity Party or PAS [Maia SANDU] ++ Anti-Mafia Movement [Sergiu MOCANU] ++ Christian Democratic People's Party or PPCD [Victor CIOBANU] ++ Conservative Party or PC [Natalia NIRCA] ++ Dignity and Truth Party [Andrei NASTASE] ++ Ecological Party of Moldova \"Green Alliance\" or PEMAVE [Vladimir BRAGA] ++ European People’s Party of Moldova (EPPM) [Iurie LEANCA] ++ Humanist Party of Moldova or PUM [Valeriu PASAT] ++ Labor Party or PM [Gheorghe SIMA] ++ Liberal Reformers Party or PLR [Ion HADARCA] ++ National Liberal Party or PNL [Vitalia PAVLICENKO] ++ Our Home Moldova [Grigore PETRENCO] ++ Our Party [Renato USATII] ++ Patriots of Moldova Party or PPM [Mihail GARBUZ] ++ Republican Party of Moldova or PRM [Andrei STRATAN] ++ Revival Party [Vadim MISIN] ++ Roma Social Political Movement of the Republic of Moldova or MRRM [Ion BUCUR] ++ Social Democratic Party or PSD [Victor SELIN] ++ Social Political Movement \"Equality\" or MR [Valeriy KLIMENCO] ++ United Moldova Party or PMUEM [Vladimir TURCAN]"
      }
    },
    "Political pressure groups and leaders": {
      "text": "NA"
    },
    "International organization participation": {
      "text": "BSEC, CD, CE, CEI, CIS, EAEC (observer), EAPC, EBRD, FAO, GCTU, GUAM, IAEA, IBRD, ICAO, ICC (NGOs), ICCt, ICRM, IDA, IFAD, IFC, IFRCS, ILO, IMF, IMO, Interpol, IOC, IOM, IPU, ISO (correspondent), ITU, ITUC (NGOs), MIGA, OIF, OPCW, OSCE, PFP, SELEC, UN, UNCTAD, UNESCO, UNHCR, UNIDO, Union Latina, UNMIL, UNMISS, UNOCI, UNWTO, UPU, WCO, WHO, WIPO, WMO, WTO"
    },
    "Diplomatic representation in the US": {
      "chief of mission": {
        "text": "Ambassador (vacant); Charge d'Affaires Veaceslav PITUSCAN (since 26 August 2015)"
      },
      "chancery": {
        "text": "2101 S Street NW, Washington, DC 20008"
      },
      "telephone": {
        "text": "[1] (202) 667-1130"
      },
      "FAX": {
        "text": "[1] (202) 667-1204"
      }
    },
    "Diplomatic representation from the US": {
      "chief of mission": {
        "text": "Ambassador James D. PETTIT (since 29 January 2015)"
      },
      "embassy": {
        "text": "103 Mateevici Street, Chisinau MD-2009"
      },
      "mailing address": {
        "text": "use embassy street address"
      },
      "telephone": {
        "text": "[373] (22) 40-8300"
      },
      "FAX": {
        "text": "[373] (22) 23-3044"
      }
    },
    "Flag description": {
      "text": "three equal vertical bands of blue (hoist side), yellow, and red; emblem in center of flag is of a Roman eagle of gold outlined in black with a red beak and talons carrying a yellow cross in its beak and a green olive branch in its right talons and a yellow scepter in its left talons; on its breast is a shield divided horizontally red over blue with a stylized aurochs head, star, rose, and crescent all in black-outlined yellow; based on the color scheme of the flag of Romania - with which Moldova shares a history and culture - but Moldova's blue band is lighter; the reverse of the flag does not display any coat of arms",
      "note": {
        "text": "one of only three national flags that differ on their obverse and reverse sides - the others are Paraguay and Saudi Arabia"
      }
    },
    "National symbol(s)": {
      "text": "aurochs (a type of wild cattle); national colors: blue, yellow, red"
    },
    "National anthem": {
      "name": {
        "text": "\"Limba noastra\" (Our Language)"
      },
      "lyrics/music": {
        "text": "Alexei MATEEVICI/Alexandru CRISTEA"
      },
      "note": {
        "text": "adopted 1994"
      }
    }
  },
  "Economy": {
    "Economy - overview": {
      "text": "Despite recent progress, Moldova remains one of the poorest countries in Europe. With a moderate climate and productive farmland, Moldova's economy relies heavily on its agriculture sector, featuring fruits, vegetables, wine, and tobacco. Moldova also depends on annual remittances of about $1.12 billion from the roughly one million Moldovans working in Europe, Russia, and other former Soviet Bloc countries. ++  ++ With few natural energy resources, Moldova imports almost all of its energy supplies from Russia and Ukraine. Moldova's dependence on Russian energy is underscored by a more than $5 billion debt to Russian natural gas supplier Gazprom, largely the result of unreimbursed natural gas consumption in the breakaway region of Transnistria. Moldova and Romania inaugurated the Ungheni-Iasi natural gas interconnector project in August 2014. The 43-kilometer pipeline between Moldova and Romania, allows for both the import and export of natural gas. Several technical and regulatory delays kept gas from flowing into Moldova until March 2015. Romanian gas exports to Moldova are largely symbolic. Moldova hopes to build a pipeline connecting Ungheni to Chisinau, bringing the gas to Moldovan population centers. ++  ++ The government's stated goal of EU integration has resulted in some market-oriented progress. Moldova experienced better than expected economic growth in 2014 due to increased agriculture production, to economic policies adopted by the Moldovan government since 2009, and to the receipt of EU trade preferences. Moldova signed an Association Agreement and a Deep and Comprehensive Free Trade Agreement with the EU during fall 2014, connecting Moldovan products to the world’s largest market. Still, a $1 billion asset-stripping heist of Moldovan banks in late 2014 delivered a significant shock to the economy in 2015; a subsequent bank bailout increased inflationary pressures and contributed to the depreciation of the leu. Moldova’s growth has also been hampered by endemic corruption and a Russian import ban on Moldova’s agricultural products. ++  ++ Over the longer term, Moldova's economy remains vulnerable to corruption, political uncertainty, weak administrative capacity, vested bureaucratic interests, higher fuel prices, Russian political and economic pressure, and unresolved separatism in Moldova's Transnistria region."
    },
    "GDP (purchasing power parity)": {
      "text": "$17.79 billion (2015 est.) ++ $17.99 billion (2014 est.) ++ $17.17 billion (2013 est.)",
      "note": {
        "text": "data are in 2015 US dollars"
      }
    },
    "GDP (official exchange rate)": {
      "text": "$6.414 billion (2015 est.)"
    },
    "GDP - real growth rate": {
      "text": "-1.1% (2015 est.) ++ 4.8% (2014 est.) ++ 9.4% (2013 est.)"
    },
    "GDP - per capita (PPP)": {
      "text": "$5,000 (2015 est.) ++ $5,100 (2014 est.) ++ $4,800 (2013 est.)",
      "note": {
        "text": "data are in 2015 US dollars"
      }
    },
    "Gross national saving": {
      "text": "17.1% of GDP (2015 est.) ++ 18.2% of GDP (2014 est.) ++ 18.1% of GDP (2013 est.)"
    },
    "GDP - composition, by end use": {
      "household consumption": {
        "text": "89.7%"
      },
      "government consumption": {
        "text": "20.7%"
      },
      "investment in fixed capital": {
        "text": "23.6%"
      },
      "investment in inventories": {
        "text": "1.3%"
      },
      "exports of goods and services": {
        "text": "43.2%"
      },
      "imports of goods and services": {
        "text": "-78.5% (2015 est.)"
      }
    },
    "GDP - composition, by sector of origin": {
      "agriculture": {
        "text": "14.1%"
      },
      "industry": {
        "text": "21.1%"
      },
      "services": {
        "text": "64.7% (2015 est.)"
      }
    },
    "Agriculture - products": {
      "text": "vegetables, fruits, grapes, grain, sugar beets, sunflower seeds, tobacco; beef, milk; wine"
    },
    "Industries": {
      "text": "sugar, vegetable oil, food processing, agricultural machinery; foundry equipment, refrigerators and freezers, washing machines; hosiery, shoes, textiles"
    },
    "Industrial production growth rate": {
      "text": "1% (2015 est.)"
    },
    "Labor force": {
      "text": "1.228 million (2015 est.)"
    },
    "Labor force - by occupation": {
      "agriculture": {
        "text": "30.5%"
      },
      "industry": {
        "text": "12.2%"
      },
      "services": {
        "text": "57.3% (2014 est.)"
      }
    },
    "Unemployment rate": {
      "text": "5.2% (2015 est.) ++ 3.9% (2014 est.)"
    },
    "Population below poverty line": {
      "text": "20.8% (2013 est.)"
    },
    "Household income or consumption by percentage share": {
      "lowest 10%": {
        "text": "3.3%"
      },
      "highest 10%": {
        "text": "26% (2010 est.)"
      }
    },
    "Distribution of family income - Gini index": {
      "text": "28.5 (2013) ++ 33.2 (2003)"
    },
    "Budget": {
      "revenues": {
        "text": "$2.158 billion"
      },
      "expenditures": {
        "text": "$2.292 billion"
      },
      "note": {
        "text": "National Public Budget (2015 est.)"
      }
    },
    "Taxes and other revenues": {
      "text": "33.6% of GDP (2015 est.)"
    },
    "Budget surplus (+) or deficit (-)": {
      "text": "-2.1% of GDP (2015 est.)"
    },
    "Public debt": {
      "text": "39.4% of GDP (2015 est.)"
    },
    "Fiscal year": {
      "text": "calendar year"
    },
    "Inflation rate (consumer prices)": {
      "text": "9.7% (2015 est.) ++ 5.1% (2014 est.)"
    },
    "Central bank discount rate": {
      "text": "19.5% (31 December 2015) ++ 6.5% (31 December 2014)",
      "note": {
        "text": "this is the basic rate on short-term operations"
      }
    },
    "Commercial bank prime lending rate": {
      "text": "14.2% (31 December 2015 est.) ++ 11.01% (31 December 2014 est.)"
    },
    "Stock of narrow money": {
      "text": "$1.188 billion (31 December 2015 est.) ++ $1.698 billion (31 December 2014 est.)"
    },
    "Stock of broad money": {
      "text": "$3.402 billion (31 December 2015 est.) ++ $4.685 billion (31 December 2014 est.)"
    },
    "Stock of domestic credit": {
      "text": "$2.162 billion (31 December 2015 est.) ++ $2.643 billion (31 December 2014 est.)"
    },
    "Market value of publicly traded shares": {
      "text": "$9.723 million (31 December 2014 est.) ++ $50.47 million (31 December 2014 est.) ++ $51.46 million (31 December 2012 est.)"
    },
    "Current account balance": {
      "text": "-$426 million (2015 est.) ++ -$294 million (2014 est.)"
    },
    "Exports": {
      "text": "$1.507 billion (2015 est.) ++ $1.805 billion (2014 est.)"
    },
    "Exports - commodities": {
      "text": "foodstuffs, textiles, machinery"
    },
    "Exports - partners": {
      "text": "Romania 23.1%, Italy 10.2%, Turkey 9.4%, Russia 8%, Germany 6.6%, Belarus 6.4% (2015)"
    },
    "Imports": {
      "text": "$3.595 billion (2015 est.) ++ $4.858 billion (2014 est.)"
    },
    "Imports - commodities": {
      "text": "mineral products and fuel, machinery and equipment, chemicals, textiles"
    },
    "Imports - partners": {
      "text": "Russia 22.7%, Romania 18.1%, Ukraine 11.5%, Germany 7%, Italy 4.8%, Turkey 4.4% (2015)"
    },
    "Reserves of foreign exchange and gold": {
      "text": "$1.757 billion (31 December 2015 est.) ++ $2.157 billion (31 December 2014 est.)"
    },
    "Debt - external": {
      "text": "$6.207 billion (31 December 2015 est.) ++ $6.464 billion (31 December 2014 est.)"
    },
    "Stock of direct foreign investment - at home": {
      "text": "$3.647 billion (31 December 2014 est.) ++ $3.615 billion (31 December 2013 est.)"
    },
    "Stock of direct foreign investment - abroad": {
      "text": "$108.2 million (31 December 2012) ++ $88.42 million (31 December 2011)"
    },
    "Exchange rates": {
      "text": "Moldovan lei (MDL) per US dollar - ++ 19.83 (2015 est.) ++ 15.435 (2014 est.) ++ 14.036 (2013 est.) ++ 12.11 (2012 est.) ++ 11.738 (2011 est.)"
    }
  },
  "Energy": {
    "Electricity access": {
      "electrification - total population": {
        "text": "100% (2016)"
      }
    },
    "Electricity - production": {
      "text": "4.3 billion kWh (2014 est.)"
    },
    "Electricity - consumption": {
      "text": "4.305 billion kWh (2014 est.)"
    },
    "Electricity - exports": {
      "text": "0 kWh (2014 est.)"
    },
    "Electricity - imports": {
      "text": "731 million kWh (2014 est.)"
    },
    "Electricity - installed generating capacity": {
      "text": "500,000 kW",
      "note": {
        "text": "excludes Transnistria (2014 est.)"
      }
    },
    "Electricity - from fossil fuels": {
      "text": "96.4% of total installed capacity (2013 est.)"
    },
    "Electricity - from nuclear fuels": {
      "text": "0% of total installed capacity (2013 est.)"
    },
    "Electricity - from hydroelectric plants": {
      "text": "3.6% of total installed capacity (2013 est.)"
    },
    "Electricity - from other renewable sources": {
      "text": "0% of total installed capacity (2013 est.)"
    },
    "Crude oil - production": {
      "text": "0 bbl/day (2015 est.)"
    },
    "Crude oil - exports": {
      "text": "0 bbl/day (2013 est.)"
    },
    "Crude oil - imports": {
      "text": "20 bbl/day (2013 est.)"
    },
    "Crude oil - proved reserves": {
      "text": "0 bbl (1 January 2016 es)"
    },
    "Refined petroleum products - production": {
      "text": "354.3 bbl/day (2013 est.)"
    },
    "Refined petroleum products - consumption": {
      "text": "17,000 bbl/day (2014 est.)"
    },
    "Refined petroleum products - exports": {
      "text": "586.1 bbl/day (2013 est.)"
    },
    "Refined petroleum products - imports": {
      "text": "16,700 bbl/day (2013 est.)"
    },
    "Natural gas - production": {
      "text": "0 cu m (2015 est.)"
    },
    "Natural gas - consumption": {
      "text": "3.15 billion cu m",
      "note": {
        "text": "includes Transnistria; excluding Transnistria, consumption amounted to 2.92 billion cu m in 2015 (2014 est.)"
      }
    },
    "Natural gas - exports": {
      "text": "0 cu m (2013 est.)"
    },
    "Natural gas - imports": {
      "text": "3.15 billion cu m",
      "note": {
        "text": "includes Transnistria; excluding Transnistria, imports amounted to 2.92 billion cu m in 2015 (2014 est.)"
      }
    },
    "Natural gas - proved reserves": {
      "text": "0 cu m (1 January 2014 es)"
    },
    "Carbon dioxide emissions from consumption of energy": {
      "text": "9.3 million Mt (2013 est.)"
    }
  },
  "Communications": {
    "Telephones - fixed lines": {
      "total subscriptions": {
        "text": "1,202,466"
      },
      "subscriptions per 100 inhabitants": {
        "text": "34 (July 2015 est.)"
      }
    },
    "Telephones - mobile cellular": {
      "total": {
        "text": "3.713 million"
      },
      "subscriptions per 100 inhabitants": {
        "text": "105 (July 2015 est.)"
      }
    },
    "Telephone system": {
      "general assessment": {
        "text": "the mobile market has extended the reach of service to outside the cities and across most of the country"
      },
      "domestic": {
        "text": "competition among mobile telephone providers has spurred subscriptions; little interest in expanding fixed-line service; mobile-cellular teledensity exceeds 100 per 100 persons"
      },
      "international": {
        "text": "country code - 373; service through Romania and Russia via landline; satellite earth stations - at least 3 (Intelsat, Eutelsat, and Intersputnik) (2015)"
      }
    },
    "Broadcast media": {
      "text": "state-owned national radio-TV broadcaster operates 1 TV and 1 radio stations; a total of nearly 70 terrestrial TV channels and some 50 radio stations are in operation; Russian and Romanian channels also are available (2016)"
    },
    "Internet country code": {
      "text": ".md"
    },
    "Internet users": {
      "total": {
        "text": "1.768 million"
      },
      "percent of population": {
        "text": "49.8% (July 2015 est.)"
      }
    }
  },
  "Transportation": {
    "National air transport system": {
      "number of registered air carriers": {
        "text": "3"
      },
      "inventory of registered aircraft operated by air carriers": {
        "text": "12"
      },
      "annual passenger traffic on registered air carriers": {
        "text": "1,005,942"
      },
      "annual freight traffic on registered air carriers": {
        "text": "489,630 mt-km (2015)"
      }
    },
    "Civil aircraft registration country code prefix": {
      "text": "ER (2016)"
    },
    "Airports": {
      "text": "7 (2013)"
    },
    "Airports - with paved runways": {
      "total": {
        "text": "5"
      },
      "over 3,047 m": {
        "text": "1"
      },
      "2,438 to 3,047 m": {
        "text": "2"
      },
      "1,524 to 2,437 m": {
        "text": "2 (2013)"
      }
    },
    "Airports - with unpaved runways": {
      "total": {
        "text": "2"
      },
      "1,524 to 2,437 m": {
        "text": "1"
      },
      "under 914 m": {
        "text": "1 (2013)"
      }
    },
    "Pipelines": {
      "text": "gas 1,906 km (2013)"
    },
    "Railways": {
      "total": {
        "text": "1,171 km"
      },
      "broad gauge": {
        "text": "1,157 km 1.520-m gauge"
      },
      "standard gauge": {
        "text": "14 km 1.435-m gauge (2014)"
      }
    },
    "Roadways": {
      "total": {
        "text": "9,352 km"
      },
      "paved": {
        "text": "8,835 km"
      },
      "unpaved": {
        "text": "517 km (2012)"
      }
    },
    "Waterways": {
      "text": "558 km (in public use on Danube, Dniester and Prut rivers) (2011)"
    },
    "Merchant marine": {
      "total": {
        "text": "121"
      },
      "by type": {
        "text": "bulk carrier 7, cargo 88, carrier 1, chemical tanker 3, passenger/cargo 7, petroleum tanker 2, refrigerated cargo 1, roll on/roll off 11, specialized tanker 1"
      },
      "foreign-owned": {
        "text": "63 (Bulgaria 1, Denmark 1, Egypt 5, Greece 1, Israel 2, Lebanon 1, Pakistan 1, Romania 2, Russia 5, Syria 5, Turkey 18, UK 3, Ukraine 14, Yemen 4) (2010)"
      }
    }
  },
  "Military and Security": {
    "Military branches": {
      "text": "National Army: Land Forces Command, Air Forces Command (includes air defense unit); Carabinieri Troops: a component of the Ministry of Internal Affairs that also has official status as a service of the Armed Forces (2016)"
    },
    "Military service age and obligation": {
      "text": "18 years of age for compulsory or voluntary military service; male registration required at age 16; 1-year service obligation (2016)"
    },
    "Military expenditures": {
      "text": "0.3% of GDP (2015 projected) ++ 0.3% of GDP (2014) ++ 0.3% of GDP (2012) ++ 0.3% of GDP (2011) ++ 0.3% of GDP (2010)"
    }
  },
  "Transnational Issues": {
    "Disputes - international": {
      "text": "Moldova and Ukraine operate joint customs posts to monitor the transit of people and commodities through Moldova's break-away Transnistria region, which remains under the auspices of an Organization for Security and Cooperation in Europe-mandated peacekeeping mission comprised of Moldovan, Transnistrian, Russian, and Ukrainian troops"
    },
    "Refugees and internally displaced persons": {
      "refugees (country of origin)": {
        "text": "6,779 applicants for forms of legal stay other than asylum (Ukraine) (2015)"
      },
      "stateless persons": {
        "text": "5,014 (2015)"
      }
    },
    "Illicit drugs": {
      "text": "limited cultivation of opium poppy and cannabis, mostly for CIS consumption; transshipment point for illicit drugs from Southwest Asia via Central Asia to Russia, Western Europe, and possibly the US; widespread crime and underground economic activity"
    }
  }
}