{
  "Introduction": {
    "Background": {
      "text": "The Slovene lands were part of the Austro-Hungarian Empire until the latter's dissolution at the end of World War I. In 1918, the Slovenes joined the Serbs and Croats in forming a new multinational state, which was named Yugoslavia in 1929. After World War II, Slovenia became a republic of the renewed Yugoslavia, which though communist, distanced itself from Moscow's rule. Dissatisfied with the exercise of power by the majority Serbs, the Slovenes succeeded in establishing their independence in 1991 after a short 10-day war. Historical ties to Western Europe, a strong economy, and a stable democracy have assisted in Slovenia's transformation to a modern state. Slovenia acceded to both NATO and the EU in the spring of 2004; it joined the euro zone and the Schengen zone in 2007."
    }
  },
  "Geography": {
    "Location": {
      "text": "south Central Europe, Julian Alps between Austria and Croatia"
    },
    "Geographic coordinates": {
      "text": "46 07 N, 14 49 E"
    },
    "Map references": {
      "text": "Europe"
    },
    "Area": {
      "total": {
        "text": "20,273 sq km"
      },
      "land": {
        "text": "20,151 sq km"
      },
      "water": {
        "text": "122 sq km"
      }
    },
    "Area - comparative": {
      "text": "slightly smaller than New Jersey"
    },
    "Land boundaries": {
      "total": {
        "text": "1,211 km"
      },
      "border countries": {
        "text": "Austria 299 km, Croatia 600 km, Hungary 94 km, Italy 218 km"
      }
    },
    "Coastline": {
      "text": "46.6 km"
    },
    "Maritime claims": {
      "territorial sea": {
        "text": "12 nm"
      }
    },
    "Climate": {
      "text": "Mediterranean climate on the coast, continental climate with mild to hot summers and cold winters in the plateaus and valleys to the east"
    },
    "Terrain": {
      "text": "a short southwestern coastal strip of Karst topography on the Adriatic; an alpine mountain region lies adjacent to Italy and Austria in the north; mixed mountains and valleys with numerous rivers to the east"
    },
    "Elevation": {
      "mean elevation": {
        "text": "492 m"
      },
      "elevation extremes": {
        "text": "lowest point: Adriatic Sea 0 m ++ highest point: Triglav 2,864 m"
      }
    },
    "Natural resources": {
      "text": "lignite, lead, zinc, building stone, hydropower, forests"
    },
    "Land use": {
      "agricultural land": {
        "text": "22.8% ++ arable land 8.4%; permanent crops 1.3%; permanent pasture 13.1%"
      },
      "forest": {
        "text": "62.3%"
      },
      "other": {
        "text": "14.9% (2011 est.)"
      }
    },
    "Irrigated land": {
      "text": "60 sq km (2012)"
    },
    "Population - distribution": {
      "text": "a fairly even distribution throughout most of the country, with urban areas attracting larger and denser populations; pockets in the mountainous northwest exhibit less density than elsewhere"
    },
    "Natural hazards": {
      "text": "flooding; earthquakes"
    },
    "Environment - current issues": {
      "text": "Sava River polluted with domestic and industrial waste; pollution of coastal waters with heavy metals and toxic chemicals; forest damage from urban air pollution and resulting acid rain"
    },
    "Environment - international agreements": {
      "party to": {
        "text": "Air Pollution, Air Pollution-Nitrogen Oxides, Air Pollution-Persistent Organic Pollutants, Air Pollution-Sulfur 94, Biodiversity, Climate Change, Climate Change-Kyoto Protocol, Desertification, Endangered Species, Environmental Modification, Hazardous Wastes, Law of the Sea, Marine Dumping, Ozone Layer Protection, Ship Pollution, Wetlands, Whaling"
      },
      "signed, but not ratified": {
        "text": "none of the selected agreements"
      }
    },
    "Geography - note": {
      "text": "despite its small size, this eastern Alpine country controls some of Europe's major transit routes"
    }
  },
  "People and Society": {
    "Population": {
      "text": "1,978,029 (July 2016 est.)"
    },
    "Nationality": {
      "noun": {
        "text": "Slovene(s)"
      },
      "adjective": {
        "text": "Slovenian"
      }
    },
    "Ethnic groups": {
      "text": "Slovene 83.1%, Serb 2%, Croat 1.8%, Bosniak 1.1%, other or unspecified 12% (2002 census)"
    },
    "Languages": {
      "text": "Slovenian (official) 91.1%, Serbo-Croatian 4.5%, other or unspecified 4.4%, Italian (official, only in municipalities where Italian national communities reside), Hungarian (official, only in municipalities where Hungarian national communities reside) (2002 census)"
    },
    "Religions": {
      "text": "Catholic 57.8%, Muslim 2.4%, Orthodox 2.3%, other Christian 0.9%, unaffiliated 3.5%, other or unspecified 23%, none 10.1% (2002 census)"
    },
    "Age structure": {
      "0-14 years": {
        "text": "13.35% (male 136,114/female 127,904)"
      },
      "15-24 years": {
        "text": "9.58% (male 97,191/female 92,369)"
      },
      "25-54 years": {
        "text": "43.3% (male 432,824/female 423,708)"
      },
      "55-64 years": {
        "text": "14.82% (male 144,160/female 148,903)"
      },
      "65 years and over": {
        "text": "18.95% (male 152,770/female 222,086) (2016 est.)"
      }
    },
    "Dependency ratios": {
      "total dependency ratio": {
        "text": "48.7%"
      },
      "youth dependency ratio": {
        "text": "22%"
      },
      "elderly dependency ratio": {
        "text": "26.7%"
      },
      "potential support ratio": {
        "text": "3.7% (2015 est.)"
      }
    },
    "Median age": {
      "total": {
        "text": "44.1 years"
      },
      "male": {
        "text": "42.5 years"
      },
      "female": {
        "text": "45.9 years (2016 est.)"
      }
    },
    "Population growth rate": {
      "text": "-0.29% (2016 est.)"
    },
    "Birth rate": {
      "text": "8.3 births/1,000 population (2016 est.)"
    },
    "Death rate": {
      "text": "11.5 deaths/1,000 population (2016 est.)"
    },
    "Net migration rate": {
      "text": "0.4 migrant(s)/1,000 population (2016 est.)"
    },
    "Population distribution": {
      "text": "a fairly even distribution throughout most of the country, with urban areas attracting larger and denser populations; pockets in the mountainous northwest exhibit less density than elsewhere"
    },
    "Urbanization": {
      "urban population": {
        "text": "49.6% of total population (2015)"
      },
      "rate of urbanization": {
        "text": "0.08% annual rate of change (2010-15 est.)"
      }
    },
    "Major urban areas - population": {
      "text": "LJUBLJANA (capital) 279,000 (2014)"
    },
    "Sex ratio": {
      "at birth": {
        "text": "1.07 male(s)/female"
      },
      "0-14 years": {
        "text": "1.06 male(s)/female"
      },
      "15-24 years": {
        "text": "1.05 male(s)/female"
      },
      "25-54 years": {
        "text": "1.02 male(s)/female"
      },
      "55-64 years": {
        "text": "0.97 male(s)/female"
      },
      "65 years and over": {
        "text": "0.68 male(s)/female"
      },
      "total population": {
        "text": "0.95 male(s)/female (2016 est.)"
      }
    },
    "Mother's mean age at first birth": {
      "text": "29 (2013 est.)"
    },
    "Maternal mortality rate": {
      "text": "9 deaths/100,000 live births (2015 est.)"
    },
    "Infant mortality rate": {
      "total": {
        "text": "4 deaths/1,000 live births"
      },
      "male": {
        "text": "4.5 deaths/1,000 live births"
      },
      "female": {
        "text": "3.4 deaths/1,000 live births (2016 est.)"
      }
    },
    "Life expectancy at birth": {
      "total population": {
        "text": "78.2 years"
      },
      "male": {
        "text": "74.6 years"
      },
      "female": {
        "text": "82 years (2016 est.)"
      }
    },
    "Total fertility rate": {
      "text": "1.35 children born/woman (2016 est.)"
    },
    "Health expenditures": {
      "text": "9.2% of GDP (2014)"
    },
    "Physicians density": {
      "text": "2.54 physicians/1,000 population (2010)"
    },
    "Hospital bed density": {
      "text": "4.6 beds/1,000 population (2013)"
    },
    "Drinking water source": {
      "improved": {
        "text": " ++ urban: 99.7% of population ++ rural: 99.4% of population ++ total: 99.5% of population"
      },
      "unimproved": {
        "text": " ++ urban: 0.3% of population ++ rural: 0.6% of population ++ total: 0.5% of population (2015 est.)"
      }
    },
    "Sanitation facility access": {
      "improved": {
        "text": " ++ urban: 99.1% of population ++ rural: 99.1% of population ++ total: 99.1% of population"
      },
      "unimproved": {
        "text": " ++ urban: 0.9% of population ++ rural: 0.9% of population ++ total: 0.9% of population (2015 est.)"
      }
    },
    "HIV/AIDS - adult prevalence rate": {
      "text": "0.08% (2014 est.)"
    },
    "HIV/AIDS - people living with HIV/AIDS": {
      "text": "900 (2014 est.)"
    },
    "HIV/AIDS - deaths": {
      "text": "less than 100 (2014 est.)"
    },
    "Obesity - adult prevalence rate": {
      "text": "27.4% (2014)"
    },
    "Education expenditures": {
      "text": "5.7% of GDP (2012)"
    },
    "Literacy": {
      "definition": {
        "text": "NA"
      },
      "total population": {
        "text": "99.7%"
      },
      "male": {
        "text": "99.7%"
      },
      "female": {
        "text": "99.7% (2015 est.)"
      }
    },
    "School life expectancy (primary to tertiary education)": {
      "total": {
        "text": "17 years"
      },
      "male": {
        "text": "17 years"
      },
      "female": {
        "text": "18 years (2014)"
      }
    },
    "Unemployment, youth ages 15-24": {
      "total": {
        "text": "20.2%"
      },
      "male": {
        "text": "19.4%"
      },
      "female": {
        "text": "21.3% (2014 est.)"
      }
    }
  },
  "Government": {
    "Country name": {
      "conventional long form": {
        "text": "Republic of Slovenia"
      },
      "conventional short form": {
        "text": "Slovenia"
      },
      "local long form": {
        "text": "Republika Slovenija"
      },
      "local short form": {
        "text": "Slovenija"
      },
      "former": {
        "text": "People's Republic of Slovenia, Socialist Republic of Slovenia"
      },
      "etymology": {
        "text": "related to the Slavic autonym (self-designation) \"Slovenin,\" a derivation from \"slovo\" (word), denoting \"people who speak (the same language)\" (i.e., people who understand each other)"
      }
    },
    "Government type": {
      "text": "parliamentary republic"
    },
    "Capital": {
      "name": {
        "text": "Ljubljana"
      },
      "geographic coordinates": {
        "text": "46 03 N, 14 31 E"
      },
      "time difference": {
        "text": "UTC+1 (6 hours ahead of Washington, DC, during Standard Time)"
      },
      "daylight saving time": {
        "text": "+1hr, begins last Sunday in March; ends last Sunday in October"
      }
    },
    "Administrative divisions": {
      "text": "201 municipalities (obcine, singular - obcina) and 11 urban municipalities (mestne obcine, singular - mestna obcina)",
      "municipalities": {
        "text": "Ajdovscina, Ankaran, Apace, Beltinci, Benedikt, Bistrica ob Sotli, Bled, Bloke, Bohinj, Borovnica, Bovec, Braslovce, Brda, Brezice, Brezovica, Cankova, Cerklje na Gorenjskem, Cerknica, Cerkno, Cerkvenjak, Cirkulane, Crensovci, Crna na Koroskem, Crnomelj, Destrnik, Divaca, Dobje, Dobrepolje, Dobrna, Dobrova-Polhov Gradec, Dobrovnik/Dobronak, Dolenjske Toplice, Dol pri Ljubljani, Domzale, Dornava, Dravograd, Duplek, Gorenja Vas-Poljane, Gorisnica, Gorje, Gornja Radgona, Gornji Grad, Gornji Petrovci, Grad, Grosuplje, Hajdina, Hoce-Slivnica, Hodos, Horjul, Hrastnik, Hrpelje-Kozina, Idrija, Ig, Ilirska Bistrica, Ivancna Gorica, Izola/Isola, Jesenice, Jezersko, Jursinci, Kamnik, Kanal, Kidricevo, Kobarid, Kobilje, Kocevje, Komen, Komenda, Kosanjevica na Krki, Kostel, Kozje, Kranjska Gora, Krizevci, Krsko, Kungota, Kuzma, Lasko, Lenart, Lendava/Lendva, Litija, Ljubno, Ljutomer, Log-Dragomer, Logatec, Loska Dolina, Loski Potok, Lovrenc na Pohorju, Luce, Lukovica, ++ Majsperk, Makole, Markovci, Medvode, Menges, Metlika, Mezica, Miklavz na Dravskem Polju, Miren-Kostanjevica, Mirna, Mirna Pec, Mislinja, Mokronog-Trebelno, Moravce, Moravske Toplice, Mozirje, Muta, Naklo, Nazarje, Odranci, Oplotnica, Ormoz, Osilnica, Pesnica, Piran/Pirano, Pivka, Podcetrtek, Podlehnik, Podvelka, Poljcane, Polzela, Postojna, Prebold, Preddvor, Prevalje, Puconci, Race-Fram, Radece, Radenci, Radlje ob Dravi, Radovljica, Ravne na Koroskem, Razkrizje, Recica ob Savinji, Rence-Vogrsko, Ribnica, Ribnica na Pohorju, Rogaska Slatina, Rogasovci, Rogatec, Ruse, Selnica ob Dravi, Semic, Sevnica, Sezana, Slovenska Bistrica, Slovenske Konjice, Sodrazica, Solcava, Sredisce ob Dravi, Starse, Straza, Sveta Ana, Sveta Trojica v Slovenskih Goricah, Sveti Andraz v Slovenskih Goricah, Sveti Jurij ob Scavnici, Sveti Jurij v Slovenskih Goricah, Sveti Tomaz, Salovci, Sempeter-Vrtojba, Sencur, Sentilj, Sentjernej, Sentjur, Sentrupert, Skocjan, Skofja Loka, Skofljica, Smarje pri Jelsah, Smarjeske Toplice, Smartno ob Paki, Smartno pri Litiji, Sostanj, Store, Tabor, Tisina, Tolmin, Trbovlje, Trebnje, Trnovska Vas, Trzic, Trzin, Turnisce, Velika Polana, Velike Lasce, Verzej, Videm, Vipava, Vitanje, Vodice, Vojnik, Vransko, Vrhnika, Vuzenica, Zagorje ob Savi, Zalec, Zavrc, Zelezniki, Zetale, Ziri, Zirovnica, Zrece, Zuzemberk"
      },
      "urban municipalities": {
        "text": "Celje, Koper-Capodistria, Kranj, Ljubljana, Maribor, Murska Sobota, Nova Gorica, Novo Mesto, Ptuj, Slovenj Gradec, Velenje"
      }
    },
    "Independence": {
      "text": "25 June 1991 (from Yugoslavia)"
    },
    "National holiday": {
      "text": "Independence Day/Statehood Day, 25 June (1991)"
    },
    "Constitution": {
      "text": "previous 1974 (preindependence); latest passed by legislature 23 December 1991; amended several times, last in 2015 (2016)"
    },
    "Legal system": {
      "text": "civil law system"
    },
    "International law organization participation": {
      "text": "has not submitted an ICJ jurisdiction declaration; accepts ICCt jurisdiction"
    },
    "Citizenship": {
      "citizenship by birth": {
        "text": "no"
      },
      "citizenship by descent only": {
        "text": "at least one parent must be a citizen of Slovenia; both parents if the child is born outside of Slovenia"
      },
      "dual citizenship recognized": {
        "text": "yes, for select cases"
      },
      "residency requirement for naturalization": {
        "text": "10 years, the last 5 of which have been continuous"
      }
    },
    "Suffrage": {
      "text": "18 years of age, 16 if employed; universal"
    },
    "Executive branch": {
      "chief of state": {
        "text": "President Borut PAHOR (since 22 December 2012)"
      },
      "head of government": {
        "text": "Prime Minister Miro CERAR (since 18 September 2014)"
      },
      "cabinet": {
        "text": "Council of Ministers nominated by the prime minister, elected by the National Assembly"
      },
      "elections/appointments": {
        "text": "president directly elected by absolute majority popular vote in 2 rounds if needed for a 5-year term (eligible for a second term); election last held on 11 November 2012 with a runoff on 2 December 2012 (next to be held in 2017); following National Assembly elections, the leader of the majority party or majority coalition usually nominated prime minister by the president and elected by the National Assembly"
      },
      "election results": {
        "text": "Borut PAHOR elected president; percent of vote in second round - Borut PAHOR (SD) 67.4%, Danilo TURK (independent) 32.6%; note - a snap election was held in July 2014 following the resignation of Prime Minister Alenka BRATUSEK in May 2014, Miro CERAR (SMC) elected prime minister; National Assembly vote - 57 to 11"
      }
    },
    "Legislative branch": {
      "description": {
        "text": "bicameral Parliament consists of the National Council or Drzavni Svet (40 seats; members indirectly elected by an electoral college to serve 5-year terms) and the National Assembly or Drzavni Zbor (90 seats; 88 members directly elected in single-seat constituencies by proportional representation vote and 2 directly elected in special constituencies for Italian and Hungarian minorities by simple majority vote; members serve 4-year terms); note - the National Council is primarily an advisory body with limited legislative powers"
      },
      "elections": {
        "text": "National Assembly - last held on 13 July 2014 (next to be held in 2018)"
      },
      "election results": {
        "text": "percent of vote by party - SMC 34.6%, SDS 20.7%, DeSUS 10.2%, ZL 6%, SD 6%, NSi 5.6%, ZaAB 4.3%, other 12.6%; seats by party - SMC 36, SDS 21, DeSUS 10, ZL 6, SD 6, NSi, 5, ZaAB 4, Hungarian minority 1, Italian minority 1"
      }
    },
    "Judicial branch": {
      "highest court(s)": {
        "text": "Supreme Court (consists of the court president and 37 judges organized into civil, criminal, commercial, labor and social security, administrative, and registry departments); Constitutional Court (consists of the court president, vice president, and 7 judges)"
      },
      "judge selection and term of office": {
        "text": "Supreme Court president and vice president appointed by the National Assembly upon the proposal of the Minister of Justice based on the opinions of the Judicial Council, an 11-member independent body elected by the National Assembly from proposals submitted by the president, attorneys, law universities, and sitting judges; other Supreme Court judges elected by the National Assembly from candidates proposed by the Judicial Council; Supreme Court judges appointed for life; Constitutional Court judges appointed by the National Assembly from nominations by the president of the republic; Constitutional Court president selected from among their own for a 3-year term; other judges elected for single 9-year terms"
      },
      "subordinate courts": {
        "text": "county, district, regional, and high courts; specialized labor-related and social courts; Court of Audit; Administrative Court"
      }
    },
    "Political parties and leaders": {
      "text": "Alliance of Alenka Bratusek or ZaAB [Alenka BRATUSEK] ++ Democratic Party of Pensioners of Slovenia or DeSUS [Karl ERJAVEC] ++ Modern Center Party or SMC [Miro CERAR] ++ New Slovenia or NSi [Ljudmila NOVAK] ++ Slovenian Democratic Party or SDS [Janez JANSA] ++ Social Democrats or SD [Dejan ZIDAN] ++ United Left or ZL (collective leadership)"
    },
    "Political pressure groups and leaders": {
      "text": "Catholic Church",
      "other": {
        "text": "various trade and public sector employee unions"
      }
    },
    "International organization participation": {
      "text": "Australia Group, BIS, CD, CE, CEI, EAPC, EBRD, ECB, EIB, EMU, ESA (cooperating state), EU, FAO, IADB, IAEA, IBRD, ICAO, ICC (national committees), ICCt, ICRM, IDA, IFC, IFRCS, IHO, ILO, IMF, IMO, Interpol, IOC, IOM, IPU, ISO, ITU, MIGA, NATO, NEA, NSG, OAS (observer), OECD, OIF (observer), OPCW, OSCE, PCA, Schengen Convention, SELEC, UN, UNCTAD, UNESCO, UNHCR, UNIDO, UNIFIL, UNTSO, UNWTO, UPU, WCO, WHO, WIPO, WMO, WTO, ZC"
    },
    "Diplomatic representation in the US": {
      "chief of mission": {
        "text": "Ambassador Bozo CERAR (since 6 September 2013)"
      },
      "chancery": {
        "text": "2410 California Street N.W., Washington, DC 20008"
      },
      "telephone": {
        "text": "[1] (202) 386-6601"
      },
      "FAX": {
        "text": "[1] (202) 386-6633"
      },
      "consulate(s) general": {
        "text": "Cleveland (OH)"
      }
    },
    "Diplomatic representation from the US": {
      "chief of mission": {
        "text": "Ambassador Brent Robert HARTLEY (since 12 February 2015)"
      },
      "embassy": {
        "text": "Presernova 31, 1000 Ljubljana"
      },
      "mailing address": {
        "text": "American Embassy Ljubljana, US Department of State, 7140 Ljubljana Place, Washington, DC 20521-7140"
      },
      "telephone": {
        "text": "[386] (1) 200-5500"
      },
      "FAX": {
        "text": "[386] (1) 200-5555"
      }
    },
    "Flag description": {
      "text": "three equal horizontal bands of white (top), blue, and red, derive from the medieval coat of arms of the Duchy of Carniola; the Slovenian seal (a shield with the image of Triglav, Slovenia's highest peak, in white against a blue background at the center; beneath it are two wavy blue lines depicting seas and rivers, and above it are three six-pointed stars arranged in an inverted triangle, which are taken from the coat of arms of the Counts of Celje, the great Slovene dynastic house of the late 14th and early 15th centuries) appears in the upper hoist side of the flag centered on the white and blue bands"
    },
    "National symbol(s)": {
      "text": "Mount Triglav; national colors: white, blue, red"
    },
    "National anthem": {
      "name": {
        "text": "\"Zdravljica\" (A Toast)"
      },
      "lyrics/music": {
        "text": "France PRESEREN/Stanko PREMRL"
      },
      "note": {
        "text": "adopted 1989; originally written in 1848; the full poem, whose seventh verse is used as the anthem, speaks of pan-Slavic nationalism"
      }
    }
  },
  "Economy": {
    "Economy - overview": {
      "text": "With excellent infrastructure, a well-educated work force, and a strategic location between the Balkans and Western Europe, Slovenia has one of the highest per capita GDPs in Central Europe, despite having suffered a protracted recession in 2008-2009 in the wake of the global financial crisis. Slovenia became the first 2004 EU entrant to adopt the euro (on 1 January 2007) and has experienced one of the most stable political transitions in Central and Southeastern Europe. ++  ++ In March 2004, Slovenia became the first transition country to graduate from borrower status to donor partner at the World Bank. In 2007, Slovenia was invited to begin the process for joining the OECD; it became a member in 2012. However, long-delayed privatizations, particularly within Slovenia’s largely state-owned and increasingly indebted banking sector, have fueled investor concerns since 2012 that the country would need EU-IMF financial assistance. In 2013, the European Commission granted Slovenia permission to begin recapitalizing ailing lenders and transferring their nonperforming assets into a “bad bank” established to restore bank balance sheets. Export-led growth fueled by demand in larger European markets pushed GDP growth to 3.0% in 2014, while stubbornly-high unemployment fell slightly to 12%. ++  ++ Prime Minister CERAR’s government took office in September 2014, pledging to press ahead with commitments to privatize a select group of state-run companies, rationalize public spending, and further stabilize the banking sector."
    },
    "GDP (purchasing power parity)": {
      "text": "$63.96 billion (2015 est.) ++ $62.17 billion (2014 est.) ++ $60.33 billion (2013 est.)",
      "note": {
        "text": "data are in 2015 US dollars"
      }
    },
    "GDP (official exchange rate)": {
      "text": "$42.77 billion (2015 est.)"
    },
    "GDP - real growth rate": {
      "text": "2.9% (2015 est.) ++ 3% (2014 est.) ++ -1.1% (2013 est.)"
    },
    "GDP - per capita (PPP)": {
      "text": "$31,000 (2015 est.) ++ $30,200 (2014 est.) ++ $29,300 (2013 est.)",
      "note": {
        "text": "data are in 2015 US dollars"
      }
    },
    "Gross national saving": {
      "text": "25.6% of GDP (2015 est.) ++ 26% of GDP (2014 est.) ++ 24% of GDP (2013 est.)"
    },
    "GDP - composition, by end use": {
      "household consumption": {
        "text": "52.2%"
      },
      "government consumption": {
        "text": "18.7%"
      },
      "investment in fixed capital": {
        "text": "19.5%"
      },
      "investment in inventories": {
        "text": "1%"
      },
      "exports of goods and services": {
        "text": "77.6%"
      },
      "imports of goods and services": {
        "text": "-68.8% (2015 est.)"
      }
    },
    "GDP - composition, by sector of origin": {
      "agriculture": {
        "text": "2.3%"
      },
      "industry": {
        "text": "33.5%"
      },
      "services": {
        "text": "64.2% (2015 est.)"
      }
    },
    "Agriculture - products": {
      "text": "hops, wheat, coffee, corn, apples, pears; cattle, sheep, poultry"
    },
    "Industries": {
      "text": "ferrous metallurgy and aluminum products, lead and zinc smelting; electronics (including military electronics), trucks, automobiles, electric power equipment, wood products, textiles, chemicals, machine tools"
    },
    "Industrial production growth rate": {
      "text": "3.3% (2015 est.)"
    },
    "Labor force": {
      "text": "917,400 (2015 est.)"
    },
    "Labor force - by occupation": {
      "agriculture": {
        "text": "8.3%"
      },
      "industry": {
        "text": "30.8%"
      },
      "services": {
        "text": "60.9% (2012 est.)"
      }
    },
    "Unemployment rate": {
      "text": "12.3% (2015 est.) ++ 13.1% (2014 est.)"
    },
    "Population below poverty line": {
      "text": "13.5% (2012 est.)"
    },
    "Household income or consumption by percentage share": {
      "lowest 10%": {
        "text": "3.7%"
      },
      "highest 10%": {
        "text": "21.1% (2012)"
      }
    },
    "Distribution of family income - Gini index": {
      "text": "23.7 (2012) ++ 23.8 (2005)"
    },
    "Budget": {
      "revenues": {
        "text": "$19.29 billion"
      },
      "expenditures": {
        "text": "$20.55 billion (2015 est.)"
      }
    },
    "Taxes and other revenues": {
      "text": "45.1% of GDP (2015 est.)"
    },
    "Budget surplus (+) or deficit (-)": {
      "text": "-2.9% of GDP (2015 est.)"
    },
    "Public debt": {
      "text": "83.7% of GDP (2015 est.) ++ 81% of GDP (2014 est.)",
      "note": {
        "text": "defined by the EU's Maastricht Treaty as consolidated general government gross debt at nominal value, outstanding at the end of the year in the following categories of government liabilities: currency and deposits, securities other than shares excluding financial derivatives, and loans; general government sector comprises the subsectors: central government, state government, local government, and social security funds"
      }
    },
    "Fiscal year": {
      "text": "calendar year"
    },
    "Inflation rate (consumer prices)": {
      "text": "-0.7% (2015 est.) ++ 0.4% (2014 est.)"
    },
    "Central bank discount rate": {
      "text": "0.3% (10 September 2014) ++ 0.75% (31 December 2013)",
      "note": {
        "text": "this is the European Central Bank's rate on the marginal lending facility, which offers overnight credit to banks in the euro area"
      }
    },
    "Commercial bank prime lending rate": {
      "text": "3.49% (31 December 2015 est.) ++ 5.02% (31 December 2014 est.)"
    },
    "Stock of narrow money": {
      "text": "$14.39 billion (31 December 2015 est.) ++ $12.85 billion (31 December 2014 est.)",
      "note": {
        "text": "see entry for the European Union for money supply for the entire euro area; the European Central Bank (ECB) controls monetary policy for the 18 members of the Economic and Monetary Union (EMU); individual members of the EMU do not control the quantity of money circulating within their own borders"
      }
    },
    "Stock of broad money": {
      "text": "$26.11 billion (31 December 2014 est.) ++ $25.92 billion (31 December 2013 est.)"
    },
    "Stock of domestic credit": {
      "text": "$29.94 billion (31 December 2015 est.) ++ $31.11 billion (31 December 2014 est.)"
    },
    "Market value of publicly traded shares": {
      "text": "$6.87 billion (31 December 2015 est.) ++ $6.31 billion (31 December 2014 est.) ++ $6.783 billion (31 December 2013 est.)"
    },
    "Current account balance": {
      "text": "$3.118 billion (2015 est.) ++ $3.464 billion (2014 est.)"
    },
    "Exports": {
      "text": "$26.67 billion (2015 est.) ++ $30.51 billion (2014 est.)"
    },
    "Exports - commodities": {
      "text": "manufactured goods, machinery and transport equipment, chemicals, food"
    },
    "Exports - partners": {
      "text": "Germany 19.1%, Italy 10.6%, Austria 8%, Croatia 6.8%, Slovakia 4.7%, Hungary 4.4%, France 4.2% (2015)"
    },
    "Imports": {
      "text": "$25.01 billion (2015 est.) ++ $28.94 billion (2014 est.)"
    },
    "Imports - commodities": {
      "text": "machinery and transport equipment, manufactured goods, chemicals, fuels and lubricants, food"
    },
    "Imports - partners": {
      "text": "Germany 16.5%, Italy 13.6%, Austria 10.2%, China 5.5%, Croatia 5.1%, Turkey 4% (2015)"
    },
    "Reserves of foreign exchange and gold": {
      "text": "$856.2 million (31 December 2015 est.) ++ $1.016 billion (31 December 2014 est.)"
    },
    "Debt - external": {
      "text": "$56.11 billion (31 December 2014 est.) ++ $55.45 billion (31 December 2013 est.)"
    },
    "Stock of direct foreign investment - at home": {
      "text": "$14.49 billion (31 December 2015 est.) ++ $14.37 billion (31 December 2014 est.)"
    },
    "Stock of direct foreign investment - abroad": {
      "text": "$7.843 billion (31 December 2015 est.) ++ $8.463 billion (31 December 2014 est.)"
    },
    "Exchange rates": {
      "text": "euros (EUR) per US dollar - ++ 0.885 (2015 est.) ++ 0.7525 (2014 est.) ++ 0.7634 (2013 est.) ++ 0.7752 (2012 est.) ++ 0.7185 (2011 est.)"
    }
  },
  "Energy": {
    "Electricity access": {
      "electrification - total population": {
        "text": "100% (2016)"
      }
    },
    "Electricity - production": {
      "text": "16 billion kWh (2014 est.)"
    },
    "Electricity - consumption": {
      "text": "13 billion kWh (2014 est.)"
    },
    "Electricity - exports": {
      "text": "10 billion kWh (2014 est.)"
    },
    "Electricity - imports": {
      "text": "7.3 billion kWh (2014 est.)"
    },
    "Electricity - installed generating capacity": {
      "text": "3.5 million kW (2014 est.)"
    },
    "Electricity - from fossil fuels": {
      "text": "34.1% of total installed capacity (2013 est.)"
    },
    "Electricity - from nuclear fuels": {
      "text": "33.6% of total installed capacity (2013 est.)"
    },
    "Electricity - from hydroelectric plants": {
      "text": "29.2% of total installed capacity (2013 est.)"
    },
    "Electricity - from other renewable sources": {
      "text": "3% of total installed capacity (2013 est.)"
    },
    "Crude oil - production": {
      "text": "5 bbl/day (2015 est.)"
    },
    "Crude oil - exports": {
      "text": "0 bbl/day (2015 est.)"
    },
    "Crude oil - imports": {
      "text": "0 bbl/day (2015 est.)"
    },
    "Crude oil - proved reserves": {
      "text": "0 bbl (1 January 2016 es)"
    },
    "Refined petroleum products - production": {
      "text": "0 bbl/day (2015 est.)"
    },
    "Refined petroleum products - consumption": {
      "text": "49,680 bbl/day (2015 est.)"
    },
    "Refined petroleum products - exports": {
      "text": "23,340 bbl/day (2015 est.)"
    },
    "Refined petroleum products - imports": {
      "text": "79,100 bbl/day (2015 est.)"
    },
    "Natural gas - production": {
      "text": "3 million cu m (2014 est.)"
    },
    "Natural gas - consumption": {
      "text": "769 million cu m (2014 est.)"
    },
    "Natural gas - exports": {
      "text": "0 cu m (2014 est.)"
    },
    "Natural gas - imports": {
      "text": "766 million cu m (2014 est.)"
    },
    "Natural gas - proved reserves": {
      "text": "0 cu m (1 January 2014 es)"
    },
    "Carbon dioxide emissions from consumption of energy": {
      "text": "13 million Mt (2013 est.)"
    }
  },
  "Communications": {
    "Telephones - fixed lines": {
      "total subscriptions": {
        "text": "753,082"
      },
      "subscriptions per 100 inhabitants": {
        "text": "38 (July 2015 est.)"
      }
    },
    "Telephones - mobile cellular": {
      "total": {
        "text": "2.354 million"
      },
      "subscriptions per 100 inhabitants": {
        "text": "119 (July 2015 est.)"
      }
    },
    "Telephone system": {
      "general assessment": {
        "text": "well-developed telecommunications infrastructure"
      },
      "domestic": {
        "text": "combined fixed-line and mobile-cellular teledensity roughly 155 telephones per 100 persons"
      },
      "international": {
        "text": "country code - 386 (2015)"
      }
    },
    "Broadcast media": {
      "text": "public TV broadcaster, Radiotelevizija Slovenija (RTV), operates a system of national and regional TV stations; 35 domestic commercial TV stations operating nationally, regionally, and locally; about 60% of households are connected to multi-channel cable TV; public radio broadcaster operates 3 national and 4 regional stations; more than 75 regional and local commercial and non-commercial radio stations (2007)"
    },
    "Internet country code": {
      "text": ".si"
    },
    "Internet users": {
      "total": {
        "text": "1.45 million"
      },
      "percent of population": {
        "text": "73.1% (July 2015 est.)"
      }
    }
  },
  "Transportation": {
    "National air transport system": {
      "number of registered air carriers": {
        "text": "2"
      },
      "inventory of registered aircraft operated by air carriers": {
        "text": "35"
      },
      "annual passenger traffic on registered air carriers": {
        "text": "1,130,637"
      },
      "annual freight traffic on registered air carriers": {
        "text": "1,349,442 mt-km (2015)"
      }
    },
    "Civil aircraft registration country code prefix": {
      "text": "S5 (2016)"
    },
    "Airports": {
      "text": "16 (2013)"
    },
    "Airports - with paved runways": {
      "total": {
        "text": "7"
      },
      "over 3,047 m": {
        "text": "1"
      },
      "2,438 to 3,047 m": {
        "text": "1"
      },
      "1,524 to 2,437 m": {
        "text": "1"
      },
      "914 to 1,523 m": {
        "text": "3"
      },
      "under 914 m": {
        "text": "1 (2013)"
      }
    },
    "Airports - with unpaved runways": {
      "total": {
        "text": "9"
      },
      "1,524 to 2,437 m": {
        "text": "1"
      },
      "914 to 1,523 m": {
        "text": "3"
      },
      "under 914 m": {
        "text": "5 (2013)"
      }
    },
    "Pipelines": {
      "text": "gas 844 km; oil 5 km (2013)"
    },
    "Railways": {
      "total": {
        "text": "1,229 km"
      },
      "standard gauge": {
        "text": "1,229 km 1.435-m gauge (503 km electrified) (2014)"
      }
    },
    "Roadways": {
      "total": {
        "text": "38,985 km"
      },
      "paved": {
        "text": "38,985 km (includes 769 km of expressways) (2012)"
      }
    },
    "Waterways": {
      "text": "(some transport on the Drava River) (2012)"
    },
    "Merchant marine": {
      "registered in other countries": {
        "text": "24 (Cyprus 5, Liberia 7, Malta 4, Marshall Islands 6, Saint Vincent and the Grenadines 1, Slovakia 1) (2010)"
      }
    },
    "Ports and terminals": {
      "major seaport(s)": {
        "text": "Koper"
      }
    }
  },
  "Military and Security": {
    "Military branches": {
      "text": "Slovenian Armed Forces (Slovenska Vojska, SV): Forces Command (with ground units, naval element, air and air defense brigade); Administration for Civil Protection and Disaster Relief (ACPDR) (2013)"
    },
    "Military service age and obligation": {
      "text": "18-25 years of age for voluntary military service; conscription abolished in 2003 (2012)"
    },
    "Military expenditures": {
      "text": "0.97% of GDP (2015) ++ 1% of GDP (2014) ++ 1.05% of GDP (2013) ++ 1.18% of GDP (2012) ++ 1.32% of GDP (2011)"
    }
  },
  "Transnational Issues": {
    "Disputes - international": {
      "text": "since the breakup of Yugoslavia in the early 1990s, Croatia and Slovenia have each claimed sovereignty over Pirin Bay and four villages, and Slovenia has objected to Croatia's claim of an exclusive economic zone in the Adriatic Sea; in 2009, however Croatia and Slovenia signed a binding international arbitration agreement to define their disputed land and maritime borders, which led to Slovenia lifting its objections to Croatia joining the EU; as a member state that forms part of the EU's external border, Slovenia has implemented the strict Schengen border rules to curb illegal migration and commerce through southeastern Europe while encouraging close cross-border ties with Croatia; Slovenia continues to impose a hard border Schengen regime with Croatia, which joined the EU in 2013 but has not yet fulfilled Schengen requirements"
    },
    "Refugees and internally displaced persons": {
      "stateless persons": {
        "text": "4 (2015)"
      },
      "note": {
        "text": "477,791 estimated refugee and migrant arrivals (2015 - March 2016)"
      }
    },
    "Illicit drugs": {
      "text": "minor transit point for cocaine and Southwest Asian heroin bound for Western Europe, and for precursor chemicals"
    }
  }
}