{
  "Introduction": {
    "Background": {
      "text": "Following World War II, Britain withdrew from its mandate of Palestine, and the UN proposed partitioning the area into Arab and Jewish states, an arrangement rejected by the Arabs. Nonetheless, an Israeli state was declared in 1948, and Israel subsequently defeated the Arab armies in a series of wars that did not end deep tensions between the two sides. (The territories Israel has occupied since the 1967 war are not included in the Israel country profile, unless otherwise noted.) On 25 April 1982, Israel withdrew from the Sinai Peninsula pursuant to the 1979 Israel-Egypt Peace Treaty. In keeping with the framework established at the Madrid Conference in October 1991, Israel conducted bilateral negotiations with Palestinian representatives and Syria to achieve a permanent settlement with each. Israel and Palestinian officials on 13 September 1993 signed a Declaration of Principles (also known as the \"Oslo Accords\"), enshrining the idea of a two-state solution to their conflict and guiding an interim period of Palestinian self-rule. The parties achieved six additional significant interim agreements between 1994 and 1999 aimed at creating the conditions for a two-state solution, but most were never fully realized. Outstanding territorial and other disputes with Jordan were resolved in the 26 October 1994 Israel-Jordan Peace Treaty. ++ Progress toward a final status agreement with the Palestinians was undermined by Israeli-Palestinian violence between 2001 and February 2005. Israel in 2005 unilaterally disengaged from the Gaza Strip, evacuating settlers and its military while retaining control over most points of entry into the Gaza Strip. The election of HAMAS to head the Palestinian Legislative Council in 2006 temporarily froze relations between Israel and the Palestinian Authority (PA). Israel engaged in a 34-day conflict with Hizballah in Lebanon from July-August 2006 and a 23-day conflict with HAMAS in the Gaza Strip from December 2008-January 2009. In November 2012, Israel engaged in a seven-day conflict with HAMAS in the Gaza Strip. Direct talks with the Palestinians most recently launched in July 2013 but were suspended in April 2014. The talks represented the fourth concerted effort to resolve final status issues between the sides since they were first discussed at Camp David in 2000. Three months later HAMAS and other militant groups launched rockets into Israel, which led to a 51-day conflict between Israel and militants in Gaza."
    }
  },
  "Geography": {
    "Location": {
      "text": "Middle East, bordering the Mediterranean Sea, between Egypt and Lebanon"
    },
    "Geographic coordinates": {
      "text": "31 30 N, 34 45 E"
    },
    "Map references": {
      "text": "Middle East"
    },
    "Area": {
      "total": {
        "text": "20,770 sq km"
      },
      "land": {
        "text": "20,330 sq km"
      },
      "water": {
        "text": "440 sq km"
      }
    },
    "Area - comparative": {
      "text": "slightly larger than New Jersey"
    },
    "Land boundaries": {
      "total": {
        "text": "1,068 km"
      },
      "border countries": {
        "text": "Egypt 208 km, Gaza Strip 59 km, Jordan 307 km, Lebanon 81 km, Syria 83 km, West Bank 330 km"
      }
    },
    "Coastline": {
      "text": "273 km"
    },
    "Maritime claims": {
      "territorial sea": {
        "text": "12 nm"
      },
      "continental shelf": {
        "text": "to depth of exploitation"
      }
    },
    "Climate": {
      "text": "temperate; hot and dry in southern and eastern desert areas"
    },
    "Terrain": {
      "text": "Negev desert in the south; low coastal plain; central mountains; Jordan Rift Valley"
    },
    "Elevation": {
      "mean elevation": {
        "text": "508 m"
      },
      "elevation extremes": {
        "text": "lowest point: Dead Sea -408 m ++ highest point: Har Meron 1,208 m"
      }
    },
    "Natural resources": {
      "text": "timber, potash, copper ore, natural gas, phosphate rock, magnesium bromide, clays, sand"
    },
    "Land use": {
      "agricultural land": {
        "text": "23.8% ++ arable land 13.7%; permanent crops 3.8%; permanent pasture 6.3%"
      },
      "forest": {
        "text": "7.1%"
      },
      "other": {
        "text": "69.1% (2011 est.)"
      }
    },
    "Irrigated land": {
      "text": "2,250 sq km (2012)"
    },
    "Natural hazards": {
      "text": "sandstorms may occur during spring and summer; droughts; periodic earthquakes"
    },
    "Environment - current issues": {
      "text": "limited arable land and natural freshwater resources pose serious constraints; desertification; air pollution from industrial and vehicle emissions; groundwater pollution from industrial and domestic waste, chemical fertilizers, and pesticides"
    },
    "Environment - international agreements": {
      "party to": {
        "text": "Biodiversity, Climate Change, Climate Change-Kyoto Protocol, Desertification, Endangered Species, Hazardous Wastes, Ozone Layer Protection, Ship Pollution, Wetlands, Whaling"
      },
      "signed, but not ratified": {
        "text": "Marine Life Conservation"
      }
    },
    "Geography - note": {
      "text": "Lake Tiberias (Sea of Galilee) is an important freshwater source; the Dead Sea is the second saltiest body of water in the world (after Lake Assal in Djibouti); in 2014, there were 423 settlements in the Israeli-occupied territories - 42 settlements in the Golan Heights, 381 sites in the occupied Palestinian territories to include 212 settlements and 134 outposts in the West Bank, and 35 settlements in East Jerusalem; there are no Israeli settlements in the Gaza Strip because all were evacuated in 2005 (2014 est.)"
    }
  },
  "People and Society": {
    "Population": {
      "text": "8,174,527 (includes populations of the Golan Heights of Golan Sub-District and also East Jerusalem, which was annexed by Israel after 1967) (July 2016 est.)",
      "note": {
        "text": "approximately 20,500 Israeli settlers live in the Golan Heights; approximately 211,640 Israeli settlers live in East Jerusalem (2014)"
      }
    },
    "Nationality": {
      "noun": {
        "text": "Israeli(s)"
      },
      "adjective": {
        "text": "Israeli"
      }
    },
    "Ethnic groups": {
      "text": "Jewish 74.8% (of which Israel-born 75.6%, Europe/America/Oceania-born 16.6%, Africa-born 4.9%, Asia-born 2.9%), non-Jewish 25.2% (mostly Arab) (2015 est.)"
    },
    "Languages": {
      "text": "Hebrew (official), Arabic (used officially for Arab minority), English (most commonly used foreign language)"
    },
    "Religions": {
      "text": "Jewish 74.8%, Muslim 17.6%, Christian 2%, Druze 1.6%, other 4% (2015 est.)"
    },
    "Age structure": {
      "0-14 years": {
        "text": "27.73% (male 1,159,980/female 1,106,946)"
      },
      "15-24 years": {
        "text": "15.52% (male 648,199/female 620,218)"
      },
      "25-54 years": {
        "text": "37.15% (male 1,552,754/female 1,484,059)"
      },
      "55-64 years": {
        "text": "8.51% (male 340,601/female 355,382)"
      },
      "65 years and over": {
        "text": "11.09% (male 405,511/female 500,877) (2016 est.)"
      }
    },
    "Dependency ratios": {
      "total dependency ratio": {
        "text": "64.1%"
      },
      "youth dependency ratio": {
        "text": "45.7%"
      },
      "elderly dependency ratio": {
        "text": "18.4%"
      },
      "potential support ratio": {
        "text": "5.4% (2015 est.)"
      }
    },
    "Median age": {
      "total": {
        "text": "29.7 years"
      },
      "male": {
        "text": "29.1 years"
      },
      "female": {
        "text": "30.4 years (2016 est.)"
      }
    },
    "Population growth rate": {
      "text": "1.53% (2016 est.)"
    },
    "Birth rate": {
      "text": "18.3 births/1,000 population (2016 est.)"
    },
    "Death rate": {
      "text": "5.2 deaths/1,000 population (2016 est.)"
    },
    "Net migration rate": {
      "text": "2.2 migrant(s)/1,000 population (2016 est.)"
    },
    "Urbanization": {
      "urban population": {
        "text": "92.1% of total population (2015)"
      },
      "rate of urbanization": {
        "text": "1.37% annual rate of change (2010-15 est.)"
      }
    },
    "Major urban areas - population": {
      "text": "Tel Aviv-Yafo 3.608 million; Haifa 1.097 million; JERUSALEM (proclaimed capital) 839,000 (2015)"
    },
    "Sex ratio": {
      "at birth": {
        "text": "1.05 male(s)/female"
      },
      "0-14 years": {
        "text": "1.05 male(s)/female"
      },
      "15-24 years": {
        "text": "1.05 male(s)/female"
      },
      "25-54 years": {
        "text": "1.05 male(s)/female"
      },
      "55-64 years": {
        "text": "0.96 male(s)/female"
      },
      "65 years and over": {
        "text": "0.81 male(s)/female"
      },
      "total population": {
        "text": "1.01 male(s)/female (2016 est.)"
      }
    },
    "Mother's mean age at first birth": {
      "text": "27.3 (2011 est.)"
    },
    "Maternal mortality rate": {
      "text": "5 deaths/100,000 live births (2015 est.)"
    },
    "Infant mortality rate": {
      "total": {
        "text": "3.5 deaths/1,000 live births"
      },
      "male": {
        "text": "3.5 deaths/1,000 live births"
      },
      "female": {
        "text": "3.5 deaths/1,000 live births (2016 est.)"
      }
    },
    "Life expectancy at birth": {
      "total population": {
        "text": "82.4 years"
      },
      "male": {
        "text": "80.6 years"
      },
      "female": {
        "text": "84.4 years (2016 est.)"
      }
    },
    "Total fertility rate": {
      "text": "2.66 children born/woman (2016 est.)"
    },
    "Health expenditures": {
      "text": "7.8% of GDP (2014)"
    },
    "Physicians density": {
      "text": "3.34 physicians/1,000 population (2012)"
    },
    "Hospital bed density": {
      "text": "3.3 beds/1,000 population (2012)"
    },
    "Drinking water source": {
      "improved": {
        "text": " ++ urban: 100% of population ++ rural: 100% of population ++ total: 100% of population"
      },
      "unimproved": {
        "text": " ++ urban: 0% of population ++ rural: 0% of population ++ total: 0% of population (2015 est.)"
      }
    },
    "Sanitation facility access": {
      "improved": {
        "text": " ++ urban: 100% of population ++ rural: 100% of population ++ total: 100% of population"
      },
      "unimproved": {
        "text": " ++ urban: 0% of population ++ rural: 0% of population ++ total: 0% of population (2015 est.)"
      }
    },
    "HIV/AIDS - adult prevalence rate": {
      "text": "NA"
    },
    "HIV/AIDS - people living with HIV/AIDS": {
      "text": "NA"
    },
    "HIV/AIDS - deaths": {
      "text": "NA"
    },
    "Obesity - adult prevalence rate": {
      "text": "25.8% (2014)"
    },
    "Education expenditures": {
      "text": "5.9% of GDP (2013)"
    },
    "Literacy": {
      "definition": {
        "text": "age 15 and over can read and write"
      },
      "total population": {
        "text": "97.8%"
      },
      "male": {
        "text": "98.7%"
      },
      "female": {
        "text": "96.8% (2011 est.)"
      }
    },
    "School life expectancy (primary to tertiary education)": {
      "total": {
        "text": "16 years"
      },
      "male": {
        "text": "16 years"
      },
      "female": {
        "text": "16 years (2014)"
      }
    },
    "Unemployment, youth ages 15-24": {
      "total": {
        "text": "10.6%"
      },
      "male": {
        "text": "10.1%"
      },
      "female": {
        "text": "11.1% (2014 est.)"
      }
    }
  },
  "Government": {
    "Country name": {
      "conventional long form": {
        "text": "State of Israel"
      },
      "conventional short form": {
        "text": "Israel"
      },
      "local long form": {
        "text": "Medinat Yisra'el"
      },
      "local short form": {
        "text": "Yisra'el"
      },
      "etymology": {
        "text": "named after the ancient Kingdom of Israel; according to Biblical tradition, the Jewish patriarch Jacob received the name \"Israel\" (\"He who struggles with God\") after he wrestled an entire night with an angel of the Lord; Jacob's 12 sons became the ancestors of the Israelites, also known as the Twelve Tribes of Israel, who formed the Kingdom of Israel"
      }
    },
    "Government type": {
      "text": "parliamentary democracy"
    },
    "Capital": {
      "name": {
        "text": "Jerusalem: note - while Israel proclaimed Jerusalem as its capital in 1950, the international community does not recognize it as such; the US, like all other countries, maintains its embassy in Tel Aviv-Yafo"
      },
      "geographic coordinates": {
        "text": "31 46 N, 35 14 E"
      },
      "time difference": {
        "text": "UTC+2 (7 hours ahead of Washington, DC, during Standard Time)"
      },
      "daylight saving time": {
        "text": "+1hr, Friday before the last Sunday in March; ends the last Sunday in October"
      }
    },
    "Administrative divisions": {
      "text": "6 districts (mehozot, singular - mehoz); Central, Haifa, Jerusalem, Northern, Southern, Tel Aviv"
    },
    "Independence": {
      "text": "14 May 1948 (from League of Nations mandate under British administration)"
    },
    "National holiday": {
      "text": "Independence Day, 14 May (1948); note - Israel declared independence on 14 May 1948, but the Jewish calendar is lunar and the holiday may occur in April or May"
    },
    "Constitution": {
      "text": "no formal constitution; some functions of a constitution are filled mostly by the Declaration of Establishment (1948), the Basic Laws, and the Law of Return (as amended); Basic Laws amended several times, last in 2014 (2016)"
    },
    "Legal system": {
      "text": "mixed legal system of English common law, British Mandate regulations, and Jewish, Christian, and Muslim religious laws"
    },
    "International law organization participation": {
      "text": "has not submitted an ICJ jurisdiction declaration; withdrew acceptance of International Criminal Court jurisdiction in 2002"
    },
    "Citizenship": {
      "citizenship by birth": {
        "text": "no"
      },
      "citizenship by descent only": {
        "text": "at least one parent must be a citizen of Israel"
      },
      "dual citizenship recognized": {
        "text": "yes, but naturalized citizens are not allowed to maintain dual citizenship"
      },
      "residency requirement for naturalization": {
        "text": "3 out of the 5 years preceding the application for naturalization"
      },
      "note": {
        "text": "Israeli law (Law of Return, 5 July 1950) provides for the granting of citizenship to any Jew - defined as a person being born to a Jewish mother or having converted to Judaism while renouncing any other religion - who immigrates to and expresses a desire to settle in Israel on the basis of the Right of aliyah; the 1970 amendment of this act extended the right to family members including the spouse of a Jew, any child or grandchild, and the spouses of children and grandchildren"
      }
    },
    "Suffrage": {
      "text": "18 years of age; universal"
    },
    "Executive branch": {
      "chief of state": {
        "text": "President Reuven RIVLIN (since 27 July 2014)"
      },
      "head of government": {
        "text": "Prime Minister Binyamin NETANYAHU (since 31 March 2009)"
      },
      "cabinet": {
        "text": "Cabinet selected by prime minister and approved by the Knesset"
      },
      "elections/appointments": {
        "text": "president indirectly elected by the Knesset for a 7-year term (limited to 1 term); election last held on 10 June 2014 (next to be held in 2021 but can be called earlier); following legislative elections, the president, in consultation with party leaders, tasks a Knesset member (usually the member of the largest party) with forming a government"
      },
      "election results": {
        "text": "Reuven RIVLIN elected president in second round; Knesset vote - Reuven RIVLIN (Likud) 63, Meir SHEETRIT (The Movement) 53 , other/invalid 4"
      }
    },
    "Legislative branch": {
      "description": {
        "text": "unicameral Knesset (120 seats; members directly elected in a single nationwide constituency by proportional representation vote; members serve 4-year terms)"
      },
      "elections": {
        "text": "last held on 17 March 2015 (next to be held in 2019 but can be called earlier)"
      },
      "election results": {
        "text": "percent of vote by party - Likud 23.4%, Zionist Camp 18.7%, Joint List 10.6%, Yesh Atid 8.8%, Kulanu 7.5%, The Jewish Home 6.7%, Shas, 5.7%, Yisrael Beitenu 5.1%, UTJ 5.0%, Meretz 3.9%, Yachad 3.0%, other 1.6%; seats by party - Likud 30, Zionist Camp 24, Joint List 13, Yesh Atid 11, Kulanu 10, The Jewish Home 8, Shas 7, Yisrael Beitenu 6, UTJ 6, Meretz 5"
      }
    },
    "Judicial branch": {
      "highest court(s)": {
        "text": "Supreme Court (consists of the chief justice and 14 judges)"
      },
      "judge selection and term of office": {
        "text": "judges selected by the Judicial Selection Committee consisting of 3 Supreme Court judges, 2 Cabinet members including the Minister of Justice as chairman, 2 Knesset members, and 2 representatives from the Israel Bar Association; judges can serve up to mandatory retirement at age 70"
      },
      "subordinate courts": {
        "text": "district and magistrate courts; national and regional labor courts; special and religious courts"
      }
    },
    "Political parties and leaders": {
      "text": "Balad [Jamal ZAHALKA] ++ Democratic Front for Peace and Equality (HADASH) [ODEH] ++ Kulanu [Moshe KAHLON] ++ Labor [Yitzhak HERZOG] ++ Likud [Binyamin NETANYAHU] ++ Meretz [Zehava GALON] ++ SHAS [Arye DERI] ++ Tekumah/National Union (Ichud Leumi) [Uri ARIEL] ++ The Jewish Home (Habayit Hayehudi) [Naftali BENNETT] ++ The Movement (Hatnuah) [Tzipora \"Tzipi\" LIVNI] ++ United Arab List-Ta'al [Masud GANAIM] ++ United Torah Judaism or UTJ [Yaakov LITZMAN] (an alliance of three parties) ++ Yesh Atid [Yair LAPID] ++ Yisrael Beiteinu [Avigdor LIEBERMAN] ++ "
    },
    "Political pressure groups and leaders": {
      "text": "Breaking the Silence [Yehuda SHAUL, executive director] collects testimonies from soldiers who served in the West Bank and Gaza Strip ++ B'Tselem [Hagai EL-AD, executive director] monitors human rights abuses ++ Peace Now [Yariv OPPENHEIMER, secretary general] supports territorial concessions in the West Bank and Gaza Strip ++ YESHA Council [Avi ROEHD, chairman] promotes settler interests and opposes territorial compromise"
    },
    "International organization participation": {
      "text": "BIS, BSEC (observer), CE (observer), CERN, CICA, EBRD, FAO, IADB, IAEA, IBRD, ICAO, ICC (national committees), ICRM, IDA, IFAD, IFC, IFRCS, ILO, IMF, IMO, IMSO, Interpol, IOC, IOM, IPU, ISO, ITSO, ITU, ITUC (NGOs), MIGA, OAS (observer), OECD, OPCW (signatory), OSCE (partner), Pacific Alliance (observer), Paris Club, PCA, SELEC (observer), UN, UNCTAD, UNESCO, UNHCR, UNIDO, UNWTO, UPU, WCO, WHO, WIPO, WMO, WTO"
    },
    "Diplomatic representation in the US": {
      "chief of mission": {
        "text": "Ambassador Ron DERMER (since 3 December 2013)"
      },
      "chancery": {
        "text": "3514 International Drive NW, Washington, DC 20008"
      },
      "telephone": {
        "text": "[1] (202) 364-5500"
      },
      "FAX": {
        "text": "[1] (202) 364-5607"
      },
      "consulate(s) general": {
        "text": "Atlanta, Boston, Chicago, Houston, Los Angeles, Miami, New York, Philadelphia, San Francisco"
      }
    },
    "Diplomatic representation from the US": {
      "chief of mission": {
        "text": "Ambassador Daniel B. SHAPIRO (since 29 September 2011)"
      },
      "embassy": {
        "text": "71 Hayarkon Street, Tel Aviv 6343229"
      },
      "telephone": {
        "text": "[972] (3) 519-7475"
      },
      "FAX": {
        "text": "[972] (3) 516-4390"
      },
      "consulate(s) general": {
        "text": ""
      }
    },
    "Flag description": {
      "text": "white with a blue hexagram (six-pointed linear star) known as the Magen David (Star of David or Shield of David) centered between two equal horizontal blue bands near the top and bottom edges of the flag; the basic design resembles a traditional Jewish prayer shawl (tallit), which is white with blue stripes; the hexagram as a Jewish symbol dates back to medieval times"
    },
    "National symbol(s)": {
      "text": "Star of David (Magen David), menorah (seven-branched lampstand); national colors: blue, white"
    },
    "National anthem": {
      "name": {
        "text": "\"Hatikvah\" (The Hope)"
      },
      "lyrics/music": {
        "text": "Naftali Herz IMBER/traditional, arranged by Samuel COHEN"
      },
      "note": {
        "text": "adopted 2004, unofficial since 1948; used as the anthem of the Zionist movement since 1897; the 1888 arrangement by Samuel COHEN is thought to be based on the Romanian folk song \"Carul cu boi\" (The Ox Driven Cart)"
      }
    }
  },
  "Economy": {
    "Economy - overview": {
      "text": "Israel has a technologically advanced free market economy. Cut diamonds, high-technology equipment, and pharmaceuticals are among its leading exports. Its major imports include crude oil, grains, raw materials, and military equipment. Israel usually posts sizable trade deficits, which are covered by tourism and other service exports, as well as significant foreign investment inflows. ++  ++ Between 2004 and 2013, growth averaged nearly 5% per year, led by exports. The global financial crisis of 2008-09 spurred a brief recession in Israel, but the country entered the crisis with solid fundamentals, following years of prudent fiscal policy and a resilient banking sector. Israel's economy also weathered the 2011 Arab Spring because strong trade ties outside the Middle East have insulated the economy from spillover effects. ++  ++ Slowing domestic and international demand and decreased investment resulting from Israel’s uncertain security situation reduced GDP growth to an average of roughly 2.6% per year during 2014-15. Natural gas fields discovered off Israel's coast since 2009 have brightened Israel's energy security outlook. The Tamar and Leviathan fields were some of the world's largest offshore natural gas finds in the last decade. Political and regulatory issues have delayed the development of the massive Leviathan field, but production from Tamar provided a 0.8% boost to Israel's GDP in 2013 and a 0.3% boost in 2014. One of the most carbon intense OECD countries, Israel generates about 57% of its power from coal and only 2.6% from renewable sources. ++  ++ Income inequality and high housing and commodity prices continue to be a concern for many Israelis. Israel's income inequality and poverty rates are among the highest of OECD countries, and there is a broad perception among the public that a small number of \"tycoons\" have a cartel-like grip over the major parts of the economy. Government officials have called for reforms to boost the housing supply and to increase competition in the banking sector to address these public grievances. Despite calls for reforms, the restricted housing supply continues to impact the well-being of younger Israelis seeking to purchase homes. Tariffs and non-tariff barriers, coupled with guaranteed prices and customs tariffs for farmers have kept food prices high through 2015. ++  ++ In the long term, Israel faces structural issues, including low labor participation rates for its fastest growing social segments - the ultraorthodox and Arab-Israeli communities. Also, Israel's progressive, globally competitive, knowledge-based technology sector employs only about 8% of the workforce, with the rest mostly employed in manufacturing and services - sectors which face downward wage pressures from global competition. Expenditures on educational institutions remain low compared to most other OECD countries with similar GDP per capita."
    },
    "GDP (purchasing power parity)": {
      "text": "$281.9 billion (2015 est.) ++ $274.8 billion (2014 est.) ++ $268 billion (2013 est.)",
      "note": {
        "text": "data are in 2015 US dollars"
      }
    },
    "GDP (official exchange rate)": {
      "text": "$296.1 billion (2015 est.)"
    },
    "GDP - real growth rate": {
      "text": "2.6% (2015 est.) ++ 2.6% (2014 est.) ++ 3.3% (2013 est.)"
    },
    "GDP - per capita (PPP)": {
      "text": "$33,700 (2015 est.) ++ $33,500 (2014 est.) ++ $33,300 (2013 est.)",
      "note": {
        "text": "data are in 2015 US dollars"
      }
    },
    "Gross national saving": {
      "text": "24.4% of GDP (2015 est.) ++ 23.9% of GDP (2014 est.) ++ 23.5% of GDP (2013 est.)"
    },
    "GDP - composition, by end use": {
      "household consumption": {
        "text": "55.3%"
      },
      "government consumption": {
        "text": "22.3%"
      },
      "investment in fixed capital": {
        "text": "18.6%"
      },
      "investment in inventories": {
        "text": "0.9%"
      },
      "exports of goods and services": {
        "text": "31.2%"
      },
      "imports of goods and services": {
        "text": "-28.3% (2015 est.)"
      }
    },
    "GDP - composition, by sector of origin": {
      "agriculture": {
        "text": "2.1%"
      },
      "industry": {
        "text": "27.2%"
      },
      "services": {
        "text": "69.1% (2015 est.)"
      }
    },
    "Agriculture - products": {
      "text": "citrus, vegetables, cotton; beef, poultry, dairy products"
    },
    "Industries": {
      "text": "high-technology products (including aviation, communications, computer-aided design and manufactures, medical electronics, fiber optics), wood and paper products, potash and phosphates, food, beverages, and tobacco, caustic soda, cement, construction, metal products, chemical products, plastics, cut diamonds, textiles, footwear"
    },
    "Industrial production growth rate": {
      "text": "3.2% (2015 est.)"
    },
    "Labor force": {
      "text": "3.846 million (2015 est.)"
    },
    "Labor force - by occupation": {
      "agriculture": {
        "text": "1.1%"
      },
      "industry": {
        "text": "17.3%"
      },
      "services": {
        "text": "81.6% (2015)"
      }
    },
    "Unemployment rate": {
      "text": "5.3% (2015 est.) ++ 5.9% (2014 est.)"
    },
    "Population below poverty line": {
      "text": "22%",
      "note": {
        "text": "Israel's poverty line is $7.30 per person per day (2014 est.)"
      }
    },
    "Household income or consumption by percentage share": {
      "lowest 10%": {
        "text": "1.7%"
      },
      "highest 10%": {
        "text": "31.3% (2010)"
      }
    },
    "Distribution of family income - Gini index": {
      "text": "42.8 (2013) ++ 39.2 (2008)"
    },
    "Budget": {
      "revenues": {
        "text": "$77.22 billion"
      },
      "expenditures": {
        "text": "$83.53 billion (2015 est.)"
      }
    },
    "Taxes and other revenues": {
      "text": "26.1% of GDP (2015 est.)"
    },
    "Budget surplus (+) or deficit (-)": {
      "text": "-2.1% of GDP (2015 est.)"
    },
    "Public debt": {
      "text": "63.3% of GDP (2015 est.) ++ 65.9% of GDP (2014 est.)"
    },
    "Fiscal year": {
      "text": "calendar year"
    },
    "Inflation rate (consumer prices)": {
      "text": "-0.6% (2015 est.) ++ 0.5% (2014 est.)"
    },
    "Central bank discount rate": {
      "text": "0.1% (15 December 2015) ++ 0.25% (31 December 2014)"
    },
    "Commercial bank prime lending rate": {
      "text": "3.46% (31 December 2015 est.) ++ 3.91% (31 December 2014 est.)"
    },
    "Stock of narrow money": {
      "text": "$63.41 billion (31 December 2015 est.) ++ $43.13 billion (31 December 2014 est.)"
    },
    "Stock of broad money": {
      "text": "$246 billion (31 December 2014 est.) ++ $155.6 billion (31 December 2013 est.)"
    },
    "Stock of domestic credit": {
      "text": "$211.6 billion (31 December 2015 est.) ++ $201.2 billion (31 December 2014 est.)"
    },
    "Market value of publicly traded shares": {
      "text": "$183.4 billion (31 December 2015 est.) ++ $148.8 billion (31 December 2014 est.) ++ $122.9 billion (31 December 2013 est.)"
    },
    "Current account balance": {
      "text": "$12.27 billion (2015 est.) ++ $11.54 billion (2014 est.)"
    },
    "Exports": {
      "text": "$56.29 billion (2015 est.) ++ $63.76 billion (2014 est.)"
    },
    "Exports - commodities": {
      "text": "machinery and equipment, software, cut diamonds, agricultural products, chemicals, textiles and apparel"
    },
    "Exports - partners": {
      "text": "US 27.5%, Hong Kong 8%, UK 6.1%, China 4.9% (2015)"
    },
    "Imports": {
      "text": "$59.49 billion (2015 est.) ++ $70.36 billion (2014 est.)"
    },
    "Imports - commodities": {
      "text": "raw materials, military equipment, investment goods, rough diamonds, fuels, grain, consumer goods"
    },
    "Imports - partners": {
      "text": "US 13%, China 9.3%, Switzerland 7.1%, Germany 6.1%, Belgium 5.3%, Italy 4% (2015)"
    },
    "Reserves of foreign exchange and gold": {
      "text": "$90.58 billion (31 December 2015 est.) ++ $86.1 billion (31 December 2014 est.)"
    },
    "Debt - external": {
      "text": "$89.36 billion (31 December 2015 est.) ++ $96.13 billion (31 December 2014 est.)"
    },
    "Stock of direct foreign investment - at home": {
      "text": "$104.1 billion (31 December 2015 est.) ++ $93.28 billion (31 December 2014 est.)"
    },
    "Stock of direct foreign investment - abroad": {
      "text": "$89.39 billion (31 December 2015 est.) ++ $79.69 billion (31 December 2014 est.)"
    },
    "Exchange rates": {
      "text": "new Israeli shekels (ILS) per US dollar - ++ 3.8869 (2015 est.) ++ 3.5779 (2014 est.) ++ 3.5779 (2013 est.) ++ 3.86 (2012 est.) ++ 3.5781 (2011 est.)"
    }
  },
  "Energy": {
    "Electricity access": {
      "electrification - total population": {
        "text": "100% (2016)"
      }
    },
    "Electricity - production": {
      "text": "57 billion kWh (2014 est.)"
    },
    "Electricity - consumption": {
      "text": "59.83 billion kWh (2014 est.)"
    },
    "Electricity - exports": {
      "text": "4.8 billion kWh (2014 est.)"
    },
    "Electricity - imports": {
      "text": "0 kWh (2013 est.)"
    },
    "Electricity - installed generating capacity": {
      "text": "16.25 million kW (2014 est.)"
    },
    "Electricity - from fossil fuels": {
      "text": "97.4% of total installed capacity (2014 est.)"
    },
    "Electricity - from nuclear fuels": {
      "text": "0% of total installed capacity (2014 est.)"
    },
    "Electricity - from hydroelectric plants": {
      "text": "0% of total installed capacity (2014 est.)"
    },
    "Electricity - from other renewable sources": {
      "text": "2.6% of total installed capacity (2014 est.)"
    },
    "Crude oil - production": {
      "text": "390 bbl/day (2015 est.)"
    },
    "Crude oil - exports": {
      "text": "0 bbl/day (2015 est.)"
    },
    "Crude oil - imports": {
      "text": "285,600 bbl/day (2015 est.)"
    },
    "Crude oil - proved reserves": {
      "text": "13.95 million bbl (1 January 2016 es)"
    },
    "Refined petroleum products - production": {
      "text": "309,600 bbl/day (2015 est.)"
    },
    "Refined petroleum products - consumption": {
      "text": "224,700 bbl/day (2015 est.)"
    },
    "Refined petroleum products - exports": {
      "text": "144,000 bbl/day (2015 est.)"
    },
    "Refined petroleum products - imports": {
      "text": "68,920 bbl/day (2015 est.)"
    },
    "Natural gas - production": {
      "text": "7.9 billion cu m (2014 est.)"
    },
    "Natural gas - consumption": {
      "text": "7.98 billion cu m (2014 est.)"
    },
    "Natural gas - exports": {
      "text": "2.605 billion cu m (2011 est.)"
    },
    "Natural gas - imports": {
      "text": "80 million cu m (2014 est.)"
    },
    "Natural gas - proved reserves": {
      "text": "199 billion cu m (1 January 2016 es)"
    },
    "Carbon dioxide emissions from consumption of energy": {
      "text": "62.5 million Mt (2014 est.)"
    }
  },
  "Communications": {
    "Telephones - fixed lines": {
      "total subscriptions": {
        "text": "3.412 million"
      },
      "subscriptions per 100 inhabitants": {
        "text": "42 (July 2015 est.)"
      }
    },
    "Telephones - mobile cellular": {
      "total": {
        "text": "10.57 million"
      },
      "subscriptions per 100 inhabitants": {
        "text": "131 (July 2015 est.)"
      }
    },
    "Telephone system": {
      "general assessment": {
        "text": "most highly developed system in the Middle East"
      },
      "domestic": {
        "text": "good system of coaxial cable and microwave radio relay; all systems are digital; competition among both fixed-line and mobile cellular providers results in good coverage countrywide"
      },
      "international": {
        "text": "country code - 972; submarine cables provide links to Europe, Cyprus, and parts of the Middle East; satellite earth stations - 3 Intelsat (2 Atlantic Ocean and 1 Indian Ocean) (2015)"
      }
    },
    "Broadcast media": {
      "text": "state broadcasting network, operated by the Israel Broadcasting Authority (IBA), broadcasts on 2 channels, one in Hebrew and the other in Arabic; 5 commercial channels including a channel broadcasting in Russian, a channel broadcasting Knesset proceedings, and a music channel supervised by a public body; multi-channel satellite and cable TV packages provide access to foreign channels; IBA broadcasts on 8 radio networks with multiple repeaters and Israel Defense Forces Radio broadcasts over multiple stations; about 15 privately owned radio stations; overall more than 100 stations and repeater stations (2008)"
    },
    "Internet country code": {
      "text": ".il"
    },
    "Internet users": {
      "total": {
        "text": "6.35 million"
      },
      "percent of population": {
        "text": "78.9% (July 2015 est.)"
      }
    }
  },
  "Transportation": {
    "National air transport system": {
      "number of registered air carriers": {
        "text": "6"
      },
      "inventory of registered aircraft operated by air carriers": {
        "text": "60"
      },
      "annual passenger traffic on registered air carriers": {
        "text": "6,064,478"
      },
      "annual freight traffic on registered air carriers": {
        "text": "758,633,996 mt-km (2015)"
      }
    },
    "Civil aircraft registration country code prefix": {
      "text": "4X (2016)"
    },
    "Airports": {
      "text": "47 (2013)"
    },
    "Airports - with paved runways": {
      "total": {
        "text": "29"
      },
      "over 3,047 m": {
        "text": "2"
      },
      "2,438 to 3,047 m": {
        "text": "5"
      },
      "1,524 to 2,437 m": {
        "text": "6"
      },
      "914 to 1,523 m": {
        "text": "11"
      },
      "under 914 m": {
        "text": "5 (2013)"
      }
    },
    "Airports - with unpaved runways": {
      "total": {
        "text": "18"
      },
      "1,524 to 2,437 m": {
        "text": "1"
      },
      "914 to 1,523 m": {
        "text": "3"
      },
      "under 914 m": {
        "text": "14 (2013)"
      }
    },
    "Heliports": {
      "text": "3 (2013)"
    },
    "Pipelines": {
      "text": "gas 763 km; oil 442 km; refined products 261 km (2013)"
    },
    "Railways": {
      "total": {
        "text": "1,250 km"
      },
      "standard gauge": {
        "text": "1,250 km 1.435-m gauge (2014)"
      }
    },
    "Roadways": {
      "total": {
        "text": "18,566 km"
      },
      "paved": {
        "text": "18,566 km (includes 449 km of expressways) (2011)"
      }
    },
    "Merchant marine": {
      "total": {
        "text": "8"
      },
      "by type": {
        "text": "cargo 1, container 7"
      },
      "registered in other countries": {
        "text": "48 (Bermuda 3, Georgia 1, Honduras 1, Liberia 34, Malta 3, Moldova 2, Panama 1, Saint Vincent and the Grenadines 3) (2010)"
      }
    },
    "Ports and terminals": {
      "major seaport(s)": {
        "text": "Ashdod, Elat (Eilat), Hadera, Haifa"
      },
      "container port(s) TEUs)": {
        "text": "Ashdod (1,176,000), Haifa (1,238,000)"
      }
    }
  },
  "Military and Security": {
    "Military branches": {
      "text": "Israel Defense Forces (IDF), Israel Naval Force (IN), Israel Air Force (IAF) (2010)"
    },
    "Military service age and obligation": {
      "text": "18 years of age for compulsory (Jews, Druze) military service; 17 years of age for voluntary (Christians, Muslims, Circassians) military service; both sexes are obligated to military service; conscript service obligation - 32 months for enlisted men and 24 months for enlisted women (varies based on military occupation), 48 months for officers; pilots commit to 9 years service; reserve obligation to age 41-51 (men), age 24 (women) (2015)"
    },
    "Military expenditures": {
      "text": "5.58% of GDP (2014) ++ 5.53% of GDP (2013) ++ 5.69% of GDP (2012) ++ 5.87% of GDP (2011) ++ 5.69% of GDP (2010)"
    }
  },
  "Transnational Issues": {
    "Disputes - international": {
      "text": "West Bank and Gaza Strip are Israeli-occupied with current status subject to the Israeli-Palestinian Interim Agreement - permanent status to be determined through further negotiation; Israel continues construction of a \"seam line\" separation barrier along parts of the Green Line and within the West Bank; Israel withdrew its settlers and military from the Gaza Strip and from four settlements in the West Bank in August 2005; Golan Heights is Israeli-occupied (Lebanon claims the Shab'a Farms area of Golan Heights); since 1948, about 350 peacekeepers from the UN Truce Supervision Organization headquartered in Jerusalem monitor ceasefires, supervise armistice agreements, prevent isolated incidents from escalating, and assist other UN personnel in the region"
    },
    "Refugees and internally displaced persons": {
      "refugees (country of origin)": {
        "text": "31,708 (Eritrea); 6,333 (Sudan) (2015)"
      },
      "stateless persons": {
        "text": "15 (2015)"
      }
    },
    "Illicit drugs": {
      "text": "increasingly concerned about ecstasy, cocaine, and heroin abuse; drugs arrive in country from Lebanon and, increasingly, from Jordan; money-laundering center"
    }
  }
}