{
  "Introduction": {
    "Background": {
      "text": "The inhabitants of the area of Oman have long prospered on Indian Ocean trade. In the late 18th century, the nascent sultanate in Muscat signed the first in a series of friendship treaties with Britain. Over time, Oman's dependence on British political and military advisors increased, but it never became a British colony. In 1970, QABOOS bin Said Al-Said overthrew his father, and has since ruled as sultan, but he has never designated a successor. His extensive modernization program has opened the country to the outside world while preserving the longstanding close ties with the UK and US. Oman's moderate, independent foreign policy has sought to maintain good relations with its neighbors and to avoid external entanglements. Inspired by the popular uprisings that swept the Middle East and North Africa beginning in January 2011, some Omanis staged demonstrations, calling for more jobs and economic benefits and an end to corruption. In response to those protester demands, QABOOS in 2011 pledged to implement economic and political reforms, such as granting legislative and regulatory powers to the Majlis al-Shura and increasing unemployment benefits. Additionally, in August 2012, the Sultan announced a royal directive mandating the speedy implementation of a national job creation plan for thousands of public and private sector jobs. As part of the government's efforts to decentralize authority and allow greater citizen participation in local governance, Oman successfully conducted its first municipal council elections in December 2012. Announced by the Sultan in 2011, the municipal councils will have the power to advise the Royal Court on the needs of local districts across Oman's 11 governorates. The Sultan returned to Oman in March 2015 after eight months in Germany, where he received medical treatment and has since appeared publicly on a few occasions."
    }
  },
  "Geography": {
    "Location": {
      "text": "Middle East, bordering the Arabian Sea, Gulf of Oman, and Persian Gulf, between Yemen and the UAE"
    },
    "Geographic coordinates": {
      "text": "21 00 N, 57 00 E"
    },
    "Map references": {
      "text": "Middle East"
    },
    "Area": {
      "total": {
        "text": "309,500 sq km"
      },
      "land": {
        "text": "309,500 sq km"
      },
      "water": {
        "text": "0 sq km"
      }
    },
    "Area - comparative": {
      "text": "twice the size of Georgia; slightly smaller than Kansas"
    },
    "Land boundaries": {
      "total": {
        "text": "1,561 km"
      },
      "border countries": {
        "text": "Saudi Arabia 658 km, UAE 609 km, Yemen 294 km"
      }
    },
    "Coastline": {
      "text": "2,092 km"
    },
    "Maritime claims": {
      "territorial sea": {
        "text": "12 nm"
      },
      "contiguous zone": {
        "text": "24 nm"
      },
      "exclusive economic zone": {
        "text": "200 nm"
      }
    },
    "Climate": {
      "text": "dry desert; hot, humid along coast; hot, dry interior; strong southwest summer monsoon (May to September) in far south"
    },
    "Terrain": {
      "text": "central desert plain, rugged mountains in north and south"
    },
    "Elevation": {
      "mean elevation": {
        "text": "310 m"
      },
      "elevation extremes": {
        "text": "lowest point: Arabian Sea 0 m ++ highest point: Jabal Shams 2,980 m"
      }
    },
    "Natural resources": {
      "text": "petroleum, copper, asbestos, some marble, limestone, chromium, gypsum, natural gas"
    },
    "Land use": {
      "agricultural land": {
        "text": "4.7% ++ arable land 0.1%; permanent crops 0.1%; permanent pasture 4.5%"
      },
      "forest": {
        "text": "0%"
      },
      "other": {
        "text": "95.3% (2011 est.)"
      }
    },
    "Irrigated land": {
      "text": "590 sq km (2012)"
    },
    "Natural hazards": {
      "text": "summer winds often raise large sandstorms and dust storms in interior; periodic droughts"
    },
    "Environment - current issues": {
      "text": "rising soil salinity; beach pollution from oil spills; limited natural freshwater resources"
    },
    "Environment - international agreements": {
      "party to": {
        "text": "Biodiversity, Climate Change, Climate Change-Kyoto Protocol, Desertification, Hazardous Wastes, Law of the Sea, Marine Dumping, Ozone Layer Protection, Ship Pollution, Whaling"
      },
      "signed, but not ratified": {
        "text": "none of the selected agreements"
      }
    },
    "Geography - note": {
      "text": "consists of Oman proper and two northern exclaves, Musandam and Al Madhah; the former is a peninsula that occupies a strategic location adjacent to the Strait of Hormuz, a vital transit point for world crude oil"
    }
  },
  "People and Society": {
    "Population": {
      "text": "3,355,262 (July 2016 est.)",
      "note": {
        "text": "immigrants make up over 40% of the total population, according to UN data (2015)"
      }
    },
    "Nationality": {
      "noun": {
        "text": "Omani(s)"
      },
      "adjective": {
        "text": "Omani"
      }
    },
    "Ethnic groups": {
      "text": "Arab, Baluchi, South Asian (Indian, Pakistani, Sri Lankan, Bangladeshi), African"
    },
    "Languages": {
      "text": "Arabic (official), English, Baluchi, Urdu, Indian dialects"
    },
    "Religions": {
      "text": "Muslim (official; majority are Ibadhi, lesser numbers of Sunni and Shia) 85.9%, Christian 6.5%, Hindu 5.5%, Buddhist 0.8%, Jewish <0.1, other 1%, unaffiliated 0.2% (2010 est.)",
      "note": {
        "text": "approximately 75% of Omani citizens, who compose almost 70% of the country's total population, are Ibadhi Muslims; the Omani government does not keep statistics on religious affiliation (2013)"
      }
    },
    "Age structure": {
      "0-14 years": {
        "text": "30.14% (male 518,600/female 492,782)"
      },
      "15-24 years": {
        "text": "19.11% (male 336,310/female 304,871)"
      },
      "25-54 years": {
        "text": "43.41% (male 843,531/female 613,004)"
      },
      "55-64 years": {
        "text": "3.91% (male 69,904/female 61,248)"
      },
      "65 years and over": {
        "text": "3.43% (male 56,816/female 58,196) (2016 est.)"
      }
    },
    "Dependency ratios": {
      "total dependency ratio": {
        "text": "30%"
      },
      "youth dependency ratio": {
        "text": "26.7%"
      },
      "elderly dependency ratio": {
        "text": "3.4%"
      },
      "potential support ratio": {
        "text": "29.8% (2015 est.)"
      }
    },
    "Median age": {
      "total": {
        "text": "25.4 years"
      },
      "male": {
        "text": "26.5 years"
      },
      "female": {
        "text": "24 years (2016 est.)"
      }
    },
    "Population growth rate": {
      "text": "2.05% (2016 est.)"
    },
    "Birth rate": {
      "text": "24.3 births/1,000 population (2016 est.)"
    },
    "Death rate": {
      "text": "3.3 deaths/1,000 population (2016 est.)"
    },
    "Net migration rate": {
      "text": "-0.4 migrant(s)/1,000 population (2016 est.)"
    },
    "Urbanization": {
      "urban population": {
        "text": "77.6% of total population (2015)"
      },
      "rate of urbanization": {
        "text": "8.54% annual rate of change (2010-15 est.)"
      }
    },
    "Major urban areas - population": {
      "text": "MUSCAT (capital) 838,000 (2015)"
    },
    "Sex ratio": {
      "at birth": {
        "text": "1.05 male(s)/female"
      },
      "0-14 years": {
        "text": "1.05 male(s)/female"
      },
      "15-24 years": {
        "text": "1.1 male(s)/female"
      },
      "25-54 years": {
        "text": "1.38 male(s)/female"
      },
      "55-64 years": {
        "text": "1.14 male(s)/female"
      },
      "65 years and over": {
        "text": "0.99 male(s)/female"
      },
      "total population": {
        "text": "1.19 male(s)/female (2016 est.)"
      }
    },
    "Maternal mortality rate": {
      "text": "17 deaths/100,000 live births (2015 est.)"
    },
    "Infant mortality rate": {
      "total": {
        "text": "13.2 deaths/1,000 live births"
      },
      "male": {
        "text": "13.5 deaths/1,000 live births"
      },
      "female": {
        "text": "12.8 deaths/1,000 live births (2016 est.)"
      }
    },
    "Life expectancy at birth": {
      "total population": {
        "text": "75.5 years"
      },
      "male": {
        "text": "73.5 years"
      },
      "female": {
        "text": "77.5 years (2016 est.)"
      }
    },
    "Total fertility rate": {
      "text": "2.84 children born/woman (2016 est.)"
    },
    "Contraceptive prevalence rate": {
      "text": "24.4% (2007/08)"
    },
    "Health expenditures": {
      "text": "3.6% of GDP (2014)"
    },
    "Physicians density": {
      "text": "2.43 physicians/1,000 population (2012)"
    },
    "Hospital bed density": {
      "text": "1.7 beds/1,000 population (2012)"
    },
    "Drinking water source": {
      "improved": {
        "text": " ++ urban: 95.5% of population ++ rural: 86.1% of population ++ total: 93.4% of population"
      },
      "unimproved": {
        "text": " ++ urban: 4.5% of population ++ rural: 13.9% of population ++ total: 6.6% of population (2015 est.)"
      }
    },
    "Sanitation facility access": {
      "improved": {
        "text": " ++ urban: 97.3% of population ++ rural: 94.7% of population ++ total: 96.7% of population"
      },
      "unimproved": {
        "text": " ++ urban: 2.7% of population ++ rural: 5.3% of population ++ total: 3.3% of population (2015 est.)"
      }
    },
    "HIV/AIDS - adult prevalence rate": {
      "text": "0.16% (2014 est.)"
    },
    "HIV/AIDS - people living with HIV/AIDS": {
      "text": "2,400 (2014 est.)"
    },
    "HIV/AIDS - deaths": {
      "text": "less than 100 (2014 est.)"
    },
    "Obesity - adult prevalence rate": {
      "text": "26.5% (2014)"
    },
    "Children under the age of 5 years underweight": {
      "text": "9.7% (2014)"
    },
    "Education expenditures": {
      "text": "5% of GDP (2013)"
    },
    "Literacy": {
      "definition": {
        "text": "age 15 and over can read and write"
      },
      "total population": {
        "text": "91.1%"
      },
      "male": {
        "text": "93.6%"
      },
      "female": {
        "text": "85.6% (2015 est.)"
      }
    },
    "School life expectancy (primary to tertiary education)": {
      "total": {
        "text": "14 years"
      },
      "male": {
        "text": "14 years"
      },
      "female": {
        "text": "14 years (2011)"
      }
    }
  },
  "Government": {
    "Country name": {
      "conventional long form": {
        "text": "Sultanate of Oman"
      },
      "conventional short form": {
        "text": "Oman"
      },
      "local long form": {
        "text": "Saltanat Uman"
      },
      "local short form": {
        "text": "Uman"
      },
      "former": {
        "text": "Sultanate of Muscat and Oman"
      },
      "etymology": {
        "text": "the origin of the name is uncertain, but it apparently dates back at least 2,000 years since an \"Omana\" is mentioned by Pliny the Elder (1st century A.D.) and an \"Omanon\" by Ptolemy (2nd century A.D.)"
      }
    },
    "Government type": {
      "text": "absolute monarchy"
    },
    "Capital": {
      "name": {
        "text": "Muscat"
      },
      "geographic coordinates": {
        "text": "23 37 N, 58 35 E"
      },
      "time difference": {
        "text": "UTC+4 (9 hours ahead of Washington, DC, during Standard Time)"
      }
    },
    "Administrative divisions": {
      "text": "11 governorates (muhafazat, singular - muhafazat); Ad Dakhiliyah, Al Buraymi, Al Wusta, Az Zahirah, Janub al Batinah (Al Batinah South), Janub ash Sharqiyah (Ash Sharqiyah South), Masqat (Muscat), Musandam, Shamal al Batinah (Al Batinah North), Shamal ash Sharqiyah (Ash Sharqiyah North), Zufar (Dhofar)"
    },
    "Independence": {
      "text": "1650 (expulsion of the Portuguese)"
    },
    "National holiday": {
      "text": "Birthday of Sultan QABOOS, 18 November (1940)"
    },
    "Constitution": {
      "text": "1996 (the Basic Law of the Sultanate of Oman serves as the constitution); amended by royal decree in 2011 (2016)"
    },
    "Legal system": {
      "text": "mixed legal system of Anglo-Saxon law and Islamic law"
    },
    "International law organization participation": {
      "text": "has not submitted an ICJ jurisdiction declaration; non-party state to the ICCt"
    },
    "Citizenship": {
      "citizenship by birth": {
        "text": "no"
      },
      "citizenship by descent only": {
        "text": "the father must be a citizen of Oman"
      },
      "dual citizenship recognized": {
        "text": "no"
      },
      "residency requirement for naturalization": {
        "text": "unknown"
      }
    },
    "Suffrage": {
      "text": "21 years of age; universal; note - members of the military and security forces by law cannot vote"
    },
    "Executive branch": {
      "chief of state": {
        "text": "Sultan and Prime Minister QABOOS bin Said Al-Said (sultan since 23 July 1970 and prime minister since 23 July 1972); note - the monarch is both chief of state and head of government"
      },
      "head of government": {
        "text": "Sultan and Prime Minister QABOOS bin Said Al-Said (sultan since 23 July 1970 and prime minister since 23 July 1972)"
      },
      "cabinet": {
        "text": "Cabinet appointed by the monarch"
      },
      "elections/appointments": {
        "text": "the Ruling Family Council determines a successor from the sultan's extended family; if the Council cannot form a consensus within 3 days of the sultan's death or incapacitation, the Defense Council will relay a predetermined heir as chosen by the sultan"
      }
    },
    "Legislative branch": {
      "description": {
        "text": "bicameral Council of Oman or Majlis Oman consists of the Council of State or Majlis al-Dawla (85 seats including the chairman; members appointed by the sultan from among former government officials and prominent educators, businessmen, and citizens) and the Consultative Council or Majlis al-Shura (85 seats; members directly elected in single- and two-seat constituencies by simple majority popular vote to serve renewable 4-year terms); note - following political reforms in 2011, legislation from the Consultative Council is submitted to the Council of State for review by the Royal Court"
      },
      "elections": {
        "text": "Consultative Assembly - last held on 25 October 2015 (next to be held in October 2019)"
      },
      "election results": {
        "text": "percent of vote by party - NA; seats by party - NA"
      }
    },
    "Judicial branch": {
      "highest court(s)": {
        "text": "Supreme Court (consists of 5 judges)"
      },
      "judge selection and term of office": {
        "text": "judges nominated by the 9-member Supreme Judicial Council (chaired by the monarch) and appointed by the monarch; judges appointed for life"
      },
      "subordinate courts": {
        "text": "Courts of Appeal; Administrative Court; Courts of First Instance; sharia courts; magistrates' courts; military courts"
      }
    },
    "Political parties and leaders": {
      "text": "political parties are illegal"
    },
    "Political pressure groups and leaders": {
      "text": "none"
    },
    "International organization participation": {
      "text": "ABEDA, AFESD, AMF, CAEU, FAO, G-77, GCC, IAEA, IBRD, ICAO, ICC (NGOs), IDA, IDB, IFAD, IFC, IHO, ILO, IMF, IMO, IMSO, Interpol, IOC, IPU, ISO, ITSO, ITU, LAS, MIGA, NAM, OIC, OPCW, UN, UNCTAD, UNESCO, UNIDO, UNWTO, UPU, WCO, WFTU (NGOs), WHO, WIPO, WMO, WTO"
    },
    "Diplomatic representation in the US": {
      "chief of mission": {
        "text": "Ambassador Hunaina bint Sultan bin Ahmad al-MUGHAIRI (since 9 November 2005)"
      },
      "chancery": {
        "text": "2535 Belmont Road, NW, Washington, DC 20008"
      },
      "telephone": {
        "text": "[1] (202) 387-1980"
      },
      "FAX": {
        "text": "[1] (202) 745-4933"
      }
    },
    "Diplomatic representation from the US": {
      "chief of mission": {
        "text": "Ambassador Marc J. SIEVERS (since 7 January 2016)"
      },
      "embassy": {
        "text": "Jamait Ad Duwal Al Arabiyya Street, Al Khuwair area, Muscat"
      },
      "mailing address": {
        "text": "P. O. Box 202, P.C. 115, Madinat Al Sultan Qaboos, Muscat"
      },
      "telephone": {
        "text": "[968] 24-643-400"
      },
      "FAX": {
        "text": "[968] 24-643-740"
      }
    },
    "Flag description": {
      "text": "three horizontal bands of white, red, and green of equal width with a broad, vertical, red band on the hoist side; the national emblem (a khanjar dagger in its sheath superimposed on two crossed swords in scabbards) in white is centered near the top of the vertical band; white represents peace and prosperity, red recalls battles against foreign invaders, and green symbolizes the Jebel Akhdar (Green Mountains) and fertility"
    },
    "National symbol(s)": {
      "text": "khanjar dagger superimposed on two crossed swords; national colors: red, white, green"
    },
    "National anthem": {
      "name": {
        "text": "\"Nashid as-Salaam as-Sultani\" (The Sultan's Anthem)"
      },
      "lyrics/music": {
        "text": "Rashid bin Uzayyiz al KHUSAIDI/James Frederick MILLS, arranged by Bernard EBBINGHAUS"
      },
      "note": {
        "text": "adopted 1932; new lyrics written after QABOOS bin Said al Said gained power in 1970; first performed by the band of a British ship as a salute to the Sultan during a 1932 visit to Muscat; the bandmaster of the HMS Hawkins was asked to write a salutation to the Sultan on the occasion of his ship visit"
      }
    }
  },
  "Economy": {
    "Economy - overview": {
      "text": "Oman is heavily dependent on its dwindling oil resources, which generate 84% of government revenue. In 2015, low global oil prices drove Oman’s budget deficit to $6.5 billion, or nearly 11% of GDP. Oman has limited foreign assets and is issuing debt to cover its deficit. ++  ++ Oman is using enhanced oil recovery techniques to boost production and has actively pursued a development plan that focuses on diversification, industrialization, and privatization, with the objective of reducing the oil sector's contribution to GDP from 46% at present to 9% by 2020. Tourism and gas-based industries are key components of the government's diversification strategy. ++  ++ Muscat also is focused on creating more jobs to employ the rising number of Omanis entering the workforce. Increases in social welfare benefits, however, particularly since the Arab Spring, dating to 2011, have challenged the government's ability to effectively balance its budget, as oil prices decline. Omani officials intend to reduce social entitlements to cut the deficit but have faced stiff public opposition to spending cuts, hindering their implementation."
    },
    "GDP (purchasing power parity)": {
      "text": "$171.4 billion (2015 est.) ++ $164.6 billion (2014 est.) ++ $159.9 billion (2013 est.)",
      "note": {
        "text": "data are in 2015 US dollars"
      }
    },
    "GDP (official exchange rate)": {
      "text": "$58.49 billion (2015 est.)"
    },
    "GDP - real growth rate": {
      "text": "4.1% (2015 est.) ++ 2.9% (2014 est.) ++ 4.7% (2013 est.)"
    },
    "GDP - per capita (PPP)": {
      "text": "$44,600 (2015 est.) ++ $44,300 (2014 est.) ++ $44,500 (2013 est.)",
      "note": {
        "text": "data are in 2015 US dollars"
      }
    },
    "Gross national saving": {
      "text": "13.8% of GDP (2015 est.) ++ 26.9% of GDP (2014 est.) ++ 32.5% of GDP (2013 est.)"
    },
    "GDP - composition, by end use": {
      "household consumption": {
        "text": "37.3%"
      },
      "government consumption": {
        "text": "28.7%"
      },
      "investment in fixed capital": {
        "text": "33.9%"
      },
      "investment in inventories": {
        "text": "-1.3%"
      },
      "exports of goods and services": {
        "text": "53%"
      },
      "imports of goods and services": {
        "text": "-51.6% (2015 est.)"
      }
    },
    "GDP - composition, by sector of origin": {
      "agriculture": {
        "text": "1.5%"
      },
      "industry": {
        "text": "55.1%"
      },
      "services": {
        "text": "47.2% (2015 est.)"
      }
    },
    "Agriculture - products": {
      "text": "dates, limes, bananas, alfalfa, vegetables; camels, cattle; fish"
    },
    "Industries": {
      "text": "crude oil production and refining, natural and liquefied natural gas (LNG) production; construction, cement, copper, steel, chemicals, optic fiber"
    },
    "Industrial production growth rate": {
      "text": "1.3% (2015 est.)"
    },
    "Labor force": {
      "text": "968,800",
      "note": {
        "text": "about 60% of the labor force is non-national (2007 est.)"
      }
    },
    "Labor force - by occupation": {
      "agriculture": {
        "text": "NA%"
      },
      "industry": {
        "text": "NA%"
      },
      "services": {
        "text": "NA%"
      }
    },
    "Unemployment rate": {
      "text": "15% (2004 est.)"
    },
    "Population below poverty line": {
      "text": "NA%"
    },
    "Household income or consumption by percentage share": {
      "lowest 10%": {
        "text": "NA%"
      },
      "highest 10%": {
        "text": "NA%"
      }
    },
    "Budget": {
      "revenues": {
        "text": "$23.58 billion"
      },
      "expenditures": {
        "text": "$35.63 billion (2015 est.)"
      }
    },
    "Taxes and other revenues": {
      "text": "40.3% of GDP (2015 est.)"
    },
    "Budget surplus (+) or deficit (-)": {
      "text": "-20.6% of GDP (2015 est.)"
    },
    "Public debt": {
      "text": "8.3% of GDP (2015 est.) ++ 4.9% of GDP (2014 est.)"
    },
    "Fiscal year": {
      "text": "calendar year"
    },
    "Inflation rate (consumer prices)": {
      "text": "0.1% (2015 est.) ++ 1% (2014 est.)"
    },
    "Central bank discount rate": {
      "text": "2% (31 December 2010) ++ 0.05% (31 December 2009)"
    },
    "Commercial bank prime lending rate": {
      "text": "4.76% (31 December 2015 est.) ++ 5.08% (31 December 2014 est.)"
    },
    "Stock of narrow money": {
      "text": "$13.96 billion (31 December 2015 est.) ++ $12.5 billion (31 December 2014 est.)"
    },
    "Stock of broad money": {
      "text": "$39.85 billion (31 December 2015 est.) ++ $35.8 billion (31 December 2014 est.)"
    },
    "Stock of domestic credit": {
      "text": "$45.1 billion (31 December 2015 est.) ++ $33.69 billion (31 December 2014 est.)"
    },
    "Market value of publicly traded shares": {
      "text": "$20.19 billion (31 December 2015 est.) ++ $19.07 billion (31 December 2014 est.) ++ $20.27 billion (31 December 2013 est.)"
    },
    "Current account balance": {
      "text": "-$7.373 billion (2015 est.) ++ $4.699 billion (2014 est.)"
    },
    "Exports": {
      "text": "$34.43 billion (2015 est.) ++ $53.22 billion (2014 est.)"
    },
    "Exports - commodities": {
      "text": "petroleum, reexports, fish, metals, textiles"
    },
    "Exports - partners": {
      "text": "China 35.4%, UAE 15.3%, South Korea 6.8%, Saudi Arabia 5.8%, Pakistan 4.2% (2015)"
    },
    "Imports": {
      "text": "$28.27 billion (2015 est.) ++ $27.89 billion (2014 est.)"
    },
    "Imports - commodities": {
      "text": "machinery and transport equipment, manufactured goods, food, livestock, lubricants"
    },
    "Imports - partners": {
      "text": "UAE 29.7%, Japan 10.2%, US 7.5%, China 6.7%, India 6.3% (2015)"
    },
    "Reserves of foreign exchange and gold": {
      "text": "$17.54 billion (31 December 2015 est.) ++ $16.32 billion (31 December 2014 est.)"
    },
    "Debt - external": {
      "text": "$12.94 billion (31 December 2015 est.) ++ $10.66 billion (31 December 2014 est.)"
    },
    "Stock of direct foreign investment - at home": {
      "text": "$NA"
    },
    "Stock of direct foreign investment - abroad": {
      "text": "$NA"
    },
    "Exchange rates": {
      "text": "Omani rials (OMR) per US dollar - ++ 0.3845 (2015 est.) ++ 0.3845 (2014 est.) ++ 0.3845 (2013 est.) ++ 0.3845 (2012 est.) ++ 0.3845 (2011 est.)"
    }
  },
  "Energy": {
    "Electricity access": {
      "population without electricity": {
        "text": "100,000"
      },
      "electrification - total population": {
        "text": "98%"
      },
      "electrification - urban areas": {
        "text": "99%"
      },
      "electrification - rural areas": {
        "text": "93% (2013)"
      }
    },
    "Electricity - production": {
      "text": "28 billion kWh (2014 est.)"
    },
    "Electricity - consumption": {
      "text": "25 billion kWh (2014 est.)"
    },
    "Electricity - exports": {
      "text": "0 kWh (2013 est.)"
    },
    "Electricity - imports": {
      "text": "0 kWh (2013 est.)"
    },
    "Electricity - installed generating capacity": {
      "text": "8.2 million kW (2014 est.)"
    },
    "Electricity - from fossil fuels": {
      "text": "100% of total installed capacity (2012 est.)"
    },
    "Electricity - from nuclear fuels": {
      "text": "0% of total installed capacity (2012 est.)"
    },
    "Electricity - from hydroelectric plants": {
      "text": "0% of total installed capacity (2012 est.)"
    },
    "Electricity - from other renewable sources": {
      "text": "0% of total installed capacity (2012 est.)"
    },
    "Crude oil - production": {
      "text": "982,000 bbl/day (2015 est.)"
    },
    "Crude oil - exports": {
      "text": "806,000 bbl/day (2013 est.)"
    },
    "Crude oil - imports": {
      "text": "7,060 bbl/day (2013 est.)"
    },
    "Crude oil - proved reserves": {
      "text": "5.3 billion bbl (1 January 2016 es)"
    },
    "Refined petroleum products - production": {
      "text": "158,600 bbl/day (2013 est.)"
    },
    "Refined petroleum products - consumption": {
      "text": "160,000 bbl/day (2014 est.)"
    },
    "Refined petroleum products - exports": {
      "text": "33,450 bbl/day (2013 est.)"
    },
    "Refined petroleum products - imports": {
      "text": "14,810 bbl/day (2013 est.)"
    },
    "Natural gas - production": {
      "text": "30.9 billion cu m (2014 est.)"
    },
    "Natural gas - consumption": {
      "text": "22.6 billion cu m (2014 est.)"
    },
    "Natural gas - exports": {
      "text": "10.27 billion cu m (2014 est.)"
    },
    "Natural gas - imports": {
      "text": "1.97 billion cu m (2014 est.)"
    },
    "Natural gas - proved reserves": {
      "text": "688.1 billion cu m (1 January 2016 es)"
    },
    "Carbon dioxide emissions from consumption of energy": {
      "text": "69 million Mt (2013 est.)"
    }
  },
  "Communications": {
    "Telephones - fixed lines": {
      "total subscriptions": {
        "text": "434,932"
      },
      "subscriptions per 100 inhabitants": {
        "text": "13 (July 2015 est.)"
      }
    },
    "Telephones - mobile cellular": {
      "total": {
        "text": "6.647 million"
      },
      "subscriptions per 100 inhabitants": {
        "text": "202 (July 2015 est.)"
      }
    },
    "Telephone system": {
      "general assessment": {
        "text": "modern system consisting of open-wire, microwave, and radiotelephone communication stations; limited coaxial cable; domestic satellite system with 8 earth stations"
      },
      "domestic": {
        "text": "fixed-line and mobile-cellular subscribership both increasing with fixed-line phone service gradually being introduced to remote villages using wireless local loop systems"
      },
      "international": {
        "text": "country code - 968; the Fiber-Optic Link Around the Globe (FLAG) and the SEA-ME-WE-3 submarine cable provide connectivity to Asia, the Middle East, and Europe; satellite earth stations - 2 Intelsat (Indian Ocean), 1 Arabsat (2015)"
      }
    },
    "Broadcast media": {
      "text": "1 state-run TV broadcaster; TV stations transmitting from Saudi Arabia, the UAE, and Yemen available via satellite TV; state-run radio operates multiple stations; first private radio station began operating in 2007 and 2 additional stations now operating (2007)"
    },
    "Internet country code": {
      "text": ".om"
    },
    "Internet users": {
      "total": {
        "text": "2.438 million"
      },
      "percent of population": {
        "text": "74.2% (July 2015 est.)"
      }
    }
  },
  "Transportation": {
    "National air transport system": {
      "number of registered air carriers": {
        "text": "1"
      },
      "inventory of registered aircraft operated by air carriers": {
        "text": "45"
      },
      "annual passenger traffic on registered air carriers": {
        "text": "6,365,784"
      },
      "annual freight traffic on registered air carriers": {
        "text": "412,234,008 mt-km (2015)"
      }
    },
    "Civil aircraft registration country code prefix": {
      "text": "A4O (2016)"
    },
    "Airports": {
      "text": "132 (2013)"
    },
    "Airports - with paved runways": {
      "total": {
        "text": "13"
      },
      "over 3,047 m": {
        "text": "7"
      },
      "2,438 to 3,047 m": {
        "text": "5"
      },
      "914 to 1,523 m": {
        "text": "1 (2013)"
      }
    },
    "Airports - with unpaved runways": {
      "total": {
        "text": "119"
      },
      "over 3,047 m": {
        "text": "2"
      },
      "2,438 to 3,047 m": {
        "text": "7"
      },
      "1,524 to 2,437 m": {
        "text": "51"
      },
      "914 to 1,523 m": {
        "text": "33"
      },
      "under 914 m": {
        "text": "26 (2013)"
      }
    },
    "Heliports": {
      "text": "3 (2013)"
    },
    "Pipelines": {
      "text": "condensate 106 km; gas 4,224 km; oil 3,558 km; oil/gas/water 33 km; refined products 264 km (2013)"
    },
    "Roadways": {
      "total": {
        "text": "60,230 km"
      },
      "paved": {
        "text": "29,685 km (includes 1,943 km of expressways)"
      },
      "unpaved": {
        "text": "30,545 km (2012)"
      }
    },
    "Merchant marine": {
      "total": {
        "text": "5"
      },
      "by type": {
        "text": "chemical tanker 1, passenger 1, passenger/cargo 3"
      },
      "registered in other countries": {
        "text": "15 (Malta 5, Panama 10) (2010)"
      }
    },
    "Ports and terminals": {
      "major seaport(s)": {
        "text": "Mina' Qabus, Salalah, Suhar"
      },
      "container port(s) (TEUs)": {
        "text": "Salalah (3,200,000)"
      },
      "LNG terminal(s) (export)": {
        "text": "Qalhat"
      }
    }
  },
  "Military and Security": {
    "Military branches": {
      "text": "Sultan's Armed Forces (SAF): Royal Army of Oman, Royal Navy of Oman, Royal Air Force of Oman (al-Quwwat al-Jawwiya al-Sultanat Oman) (2013)"
    },
    "Military service age and obligation": {
      "text": "18-30 years of age for voluntary military service; no conscription (2012)"
    },
    "Military expenditures": {
      "text": "11.8% of GDP (2014) ++ 15% of GDP (2013) ++ 8.61% of GDP (2012) ++ 6.13% of GDP (2011) ++ 8.61% of GDP (2010)"
    }
  },
  "Transnational Issues": {
    "Disputes - international": {
      "text": "boundary agreement reportedly signed and ratified with UAE in 2003 for entire border, including Oman's Musandam Peninsula and Al Madhah exclave, but details of the alignment have not been made public"
    },
    "Refugees and internally displaced persons": {
      "refugees (country of origin)": {
        "text": "5,000 (Yemen) (2016)"
      }
    }
  }
}