{
  "Introduction": {
    "Background": {
      "text": "Ruled by the Al Thani family since the mid-1800s, Qatar transformed itself from a poor British protectorate noted mainly for pearling into an independent state with significant oil and natural gas revenues. During the late 1980s and early 1990s, the Qatari economy was crippled by a continuous siphoning off of petroleum revenues by the amir, who had ruled the country since 1972. His son, HAMAD bin Khalifa Al Thani, overthrew the father in a bloodless coup in 1995. In short order, HAMAD oversaw the creation of the pan-Arab satellite news network Al-Jazeera and Qatar's pursuit of a leadership role in mediating regional conflicts. In the 2000s, Qatar resolved its longstanding border disputes with both Bahrain and Saudi Arabia. As of 2007, oil and natural gas revenues had enabled Qatar to attain the highest per capita income in the world. Qatar has not experienced domestic unrest or violence like that seen in other Near Eastern and North African countries in 2010-11, due in part to its immense wealth. Since the outbreak of regional unrest, however, Doha has prided itself on its support for many of these popular revolutions, particularly in Libya and Syria. In mid-2013, HAMAD transferred power to his 33 year-old son, the current Amir TAMIM bin Hamad - a peaceful abdication rare in the history of Arab Gulf states. TAMIM has prioritized improving the domestic welfare of Qataris, including establishing advanced healthcare and education systems and expanding the country's infrastructure in anticipation of Doha's hosting of the 2022 World Cup."
    }
  },
  "Geography": {
    "Location": {
      "text": "Middle East, peninsula bordering the Persian Gulf and Saudi Arabia"
    },
    "Geographic coordinates": {
      "text": "25 30 N, 51 15 E"
    },
    "Map references": {
      "text": "Middle East"
    },
    "Area": {
      "total": {
        "text": "11,586 sq km"
      },
      "land": {
        "text": "11,586 sq km"
      },
      "water": {
        "text": "0 sq km"
      }
    },
    "Area - comparative": {
      "text": "almost twice the size of Delaware; slightly smaller than Connecticut"
    },
    "Land boundaries": {
      "total": {
        "text": "87 km"
      },
      "border countries": {
        "text": "Saudi Arabia 87 km"
      }
    },
    "Coastline": {
      "text": "563 km"
    },
    "Maritime claims": {
      "territorial sea": {
        "text": "12 nm"
      },
      "contiguous zone": {
        "text": "24 nm"
      },
      "exclusive economic zone": {
        "text": "as determined by bilateral agreements or the median line"
      }
    },
    "Climate": {
      "text": "arid; mild, pleasant winters; very hot, humid summers"
    },
    "Terrain": {
      "text": "mostly flat and barren desert"
    },
    "Elevation": {
      "mean elevation": {
        "text": "28 m"
      },
      "elevation extremes": {
        "text": "lowest point: Persian Gulf 0 m ++ highest point: Tuwayyir al Hamir 103 m"
      }
    },
    "Natural resources": {
      "text": "petroleum, natural gas, fish"
    },
    "Land use": {
      "agricultural land": {
        "text": "5.6% ++ arable land 1.1%; permanent crops 0.2%; permanent pasture 4.3%"
      },
      "forest": {
        "text": "0%"
      },
      "other": {
        "text": "94.4% (2011 est.)"
      }
    },
    "Irrigated land": {
      "text": "130 sq km (2012)"
    },
    "Natural hazards": {
      "text": "haze, dust storms, sandstorms common"
    },
    "Environment - current issues": {
      "text": "limited natural freshwater resources are increasing dependence on large-scale desalination facilities"
    },
    "Environment - international agreements": {
      "party to": {
        "text": "Biodiversity, Climate Change, Climate Change-Kyoto Protocol, Desertification, Endangered Species, Hazardous Wastes, Law of the Sea, Ozone Layer Protection, Ship Pollution"
      },
      "signed, but not ratified": {
        "text": "none of the selected agreements"
      }
    },
    "Geography - note": {
      "text": "the peninsula occupies a strategic location in the central Persian Gulf near major petroleum deposits"
    }
  },
  "People and Society": {
    "Population": {
      "text": "2,258,283 (July 2016 est.)"
    },
    "Nationality": {
      "noun": {
        "text": "Qatari(s)"
      },
      "adjective": {
        "text": "Qatari"
      }
    },
    "Ethnic groups": {
      "text": "Arab 40%, Indian 18%, Pakistani 18%, Iranian 10%, other 14%"
    },
    "Languages": {
      "text": "Arabic (official), English commonly used as a second language"
    },
    "Religions": {
      "text": "Muslim 77.5%, Christian 8.5%, other (includes mainly Hindu and other Indian religions) 14% (2004 est.)"
    },
    "Age structure": {
      "0-14 years": {
        "text": "12.57% (male 143,859/female 140,027)"
      },
      "15-24 years": {
        "text": "12.62% (male 206,775/female 78,271)"
      },
      "25-54 years": {
        "text": "70.45% (male 1,321,973/female 269,072)"
      },
      "55-64 years": {
        "text": "3.41% (male 59,418/female 17,578)"
      },
      "65 years and over": {
        "text": "0.94% (male 13,610/female 7,700) (2016 est.)"
      }
    },
    "Dependency ratios": {
      "total dependency ratio": {
        "text": "20.1%"
      },
      "youth dependency ratio": {
        "text": "18.6%"
      },
      "elderly dependency ratio": {
        "text": "1.4%"
      },
      "potential support ratio": {
        "text": "70.4% (2015 est.)"
      }
    },
    "Median age": {
      "total": {
        "text": "33 years"
      },
      "male": {
        "text": "24.1 years"
      },
      "female": {
        "text": "28.1 years (2016 est.)"
      }
    },
    "Population growth rate": {
      "text": "2.64% (2016 est.)"
    },
    "Birth rate": {
      "text": "9.7 births/1,000 population (2016 est.)"
    },
    "Death rate": {
      "text": "1.5 deaths/1,000 population (2016 est.)"
    },
    "Net migration rate": {
      "text": "18.2 migrant(s)/1,000 population (2016 est.)"
    },
    "Urbanization": {
      "urban population": {
        "text": "99.2% of total population (2015)"
      },
      "rate of urbanization": {
        "text": "6.02% annual rate of change (2010-15 est.)"
      }
    },
    "Major urban areas - population": {
      "text": "DOHA (capital) 718,000 (2015)"
    },
    "Sex ratio": {
      "at birth": {
        "text": "1.02 male(s)/female"
      },
      "0-14 years": {
        "text": "1.03 male(s)/female"
      },
      "15-24 years": {
        "text": "2.64 male(s)/female"
      },
      "25-54 years": {
        "text": "4.91 male(s)/female"
      },
      "55-64 years": {
        "text": "3.38 male(s)/female"
      },
      "65 years and over": {
        "text": "1.71 male(s)/female"
      },
      "total population": {
        "text": "3.41 male(s)/female (2016 est.)"
      }
    },
    "Maternal mortality rate": {
      "text": "13 deaths/100,000 live births (2015 est.)"
    },
    "Infant mortality rate": {
      "total": {
        "text": "6.2 deaths/1,000 live births"
      },
      "male": {
        "text": "6.4 deaths/1,000 live births"
      },
      "female": {
        "text": "6 deaths/1,000 live births (2016 est.)"
      }
    },
    "Life expectancy at birth": {
      "total population": {
        "text": "78.7 years"
      },
      "male": {
        "text": "76.7 years"
      },
      "female": {
        "text": "80.8 years (2016 est.)"
      }
    },
    "Total fertility rate": {
      "text": "1.9 children born/woman (2016 est.)"
    },
    "Contraceptive prevalence rate": {
      "text": "38% (2012)"
    },
    "Health expenditures": {
      "text": "2.2% of GDP (2014)"
    },
    "Physicians density": {
      "text": "7.74 physicians/1,000 population (2010)"
    },
    "Hospital bed density": {
      "text": "1.2 beds/1,000 population (2012)"
    },
    "Drinking water source": {
      "improved": {
        "text": " ++ urban: 100% of population ++ rural: 100% of population ++ total: 100% of population"
      },
      "unimproved": {
        "text": " ++ urban: 0% of population ++ rural: 0% of population ++ total: 0% of population (2015 est.)"
      }
    },
    "Sanitation facility access": {
      "improved": {
        "text": " ++ urban: 98% of population ++ rural: 98% of population ++ total: 98% of population"
      },
      "unimproved": {
        "text": " ++ urban: 2% of population ++ rural: 2% of population ++ total: 2% of population (2015 est.)"
      }
    },
    "HIV/AIDS - adult prevalence rate": {
      "text": "NA"
    },
    "HIV/AIDS - people living with HIV/AIDS": {
      "text": "NA"
    },
    "HIV/AIDS - deaths": {
      "text": "NA"
    },
    "Obesity - adult prevalence rate": {
      "text": "41% (2014)"
    },
    "Education expenditures": {
      "text": "3.5% of GDP (2014)"
    },
    "Literacy": {
      "definition": {
        "text": "age 15 and over can read and write"
      },
      "total population": {
        "text": "97.3%"
      },
      "male": {
        "text": "97.4%"
      },
      "female": {
        "text": "96.8% (2015 est.)"
      }
    },
    "School life expectancy (primary to tertiary education)": {
      "total": {
        "text": "13 years"
      },
      "male": {
        "text": "13 years"
      },
      "female": {
        "text": "14 years (2011)"
      }
    },
    "Unemployment, youth ages 15-24": {
      "total": {
        "text": "1.1%"
      },
      "male": {
        "text": "0.4%"
      },
      "female": {
        "text": "6.2% (2013 est.)"
      }
    }
  },
  "Government": {
    "Country name": {
      "conventional long form": {
        "text": "State of Qatar"
      },
      "conventional short form": {
        "text": "Qatar"
      },
      "local long form": {
        "text": "Dawlat Qatar"
      },
      "local short form": {
        "text": "Qatar"
      },
      "note": {
        "text": "closest approximation of the native pronunciation is cutter"
      },
      "etymology": {
        "text": "the origin of the name is uncertain, but it dates back at least 2,000 years since a term \"Catharrei\" was used to describe the inhabitants of the peninsula by Pliny the Elder (1st century A.D.), and a \"Catara\" peninsula is depicted on a map by Ptolemy (2nd century A.D.)"
      }
    },
    "Government type": {
      "text": "absolute monarchy"
    },
    "Capital": {
      "name": {
        "text": "Doha"
      },
      "geographic coordinates": {
        "text": "25 17 N, 51 32 E"
      },
      "time difference": {
        "text": "UTC+3 (8 hours ahead of Washington, DC, during Standard Time)"
      }
    },
    "Administrative divisions": {
      "text": "7 municipalities (baladiyat, singular - baladiyah); Ad Dawhah, Al Khawr wa adh Dhakhirah, Al Wakrah, Ar Rayyan, Ash Shamal, Az Za'ayin, Umm Salal"
    },
    "Independence": {
      "text": "3 September 1971 (from the UK)"
    },
    "National holiday": {
      "text": "National Day, 18 December (1878), anniversary of Al Thani family accession to the throne; Independence Day, 3 September (1971)"
    },
    "Constitution": {
      "text": "previous 1972 (provisional); latest drafted 2 July 2002, approved by referendum 29 April 2003, endorsed 8 June 2004, effective 9 June 2005 (2016)"
    },
    "Legal system": {
      "text": "mixed legal system of civil law and Islamic law (in family and personal matters)"
    },
    "International law organization participation": {
      "text": "has not submitted an ICJ jurisdiction declaration; non-party state to the ICCt"
    },
    "Citizenship": {
      "citizenship by birth": {
        "text": "no"
      },
      "citizenship by descent only": {
        "text": "the father must be a citizen of Qatar"
      },
      "dual citizenship recognized": {
        "text": "no"
      },
      "residency requirement for naturalization": {
        "text": "20 years; 15 years if an Arab national"
      }
    },
    "Suffrage": {
      "text": "18 years of age; universal"
    },
    "Executive branch": {
      "chief of state": {
        "text": "Amir TAMIM bin Hamad Al Thani (since 25 June 2013)"
      },
      "head of government": {
        "text": "Prime Minister ABDALLAH bin Nasir bin Khalifa Al Thani (since 26 June 2013); Deputy Prime Minister Ahmad bin Abdallah al-MAHMUD (since 20 September 2011)"
      },
      "cabinet": {
        "text": "Council of Ministers appointed by the amir"
      },
      "elections/appointments": {
        "text": "the monarchy is hereditary; prime minister and deputy prime minister appointed by the amir"
      }
    },
    "Legislative branch": {
      "description": {
        "text": "unicameral Advisory Council or Majlis al-Shura (15 seats; members appointed by the monarch); note - the 2003 constitutional referendum called for the election of 30 members, however; the first election scheduled for 2013 was postponed and the current term was initially extended until 2016, but in June 2016, the Amir extended it until at least 2019"
      },
      "note": {
        "text": "although the Advisory Council has limited legislative authority to draft and approve laws, the Amir has final vote on all legislation; Qatar's first legislative elections were expected to be held in 2013, but HAMAD postponed them in a final legislative act prior to handing over power to TAMIM; in principle, the public would elect 30 members and the Amir would appoint 15; the Advisory Council would have authority to approve the national budget, hold ministers accountable through no-confidence votes, and propose legislation; the 29-member Central Municipal Council - first elected in 1999 - has limited consultative authority aimed at improving municipal services; members elected for a 4-year term; next election scheduled for May 2019"
      }
    },
    "Judicial branch": {
      "highest court(s)": {
        "text": "Supreme Court or Court of Cassation (consists of the court president and several judges); Supreme Constitutional Court (consists of the chief justice and 6 members)"
      },
      "judge selection and term of office": {
        "text": "Supreme Court judges nominated by the Supreme Judiciary Council, a 9-member independent body consisting of judiciary heads appointed by the Amir; judges appointed for 3-year renewable terms; Supreme Constitutional Court members nominated by the Supreme Judiciary Council and appointed by the monarch; term of appointment NA"
      },
      "subordinate courts": {
        "text": "Courts of Appeal; Administrative Court; courts of first instance; sharia courts; Courts of Justice; Qatar International Court and Dispute Resolution Center, established in 2009, provides dispute services for institutions and bodies in Qatar, as well as internationally"
      }
    },
    "Political parties and leaders": {
      "text": "political parties are banned"
    },
    "Political pressure groups and leaders": {
      "text": "none"
    },
    "International organization participation": {
      "text": "ABEDA, AFESD, AMF, CAEU, CD, CICA (observer), EITI (implementing country), FAO, G-77, GCC, IAEA, IBRD, ICAO, ICC (national committees), ICRM, IDA, IDB, IFAD, IFC, IFRCS, IHO, ILO, IMF, IMO, IMSO, Interpol, IOC, IOM (observer), IPU, ISO, ITSO, ITU, LAS, MIGA, NAM, OAPEC, OAS (observer), OIC, OIF, OPCW, OPEC, PCA, UN, UNCTAD, UNESCO, UNIDO, UNIFIL, UNWTO, UPU, WCO, WHO, WIPO, WMO, WTO"
    },
    "Diplomatic representation in the US": {
      "chief of mission": {
        "text": "Ambassador Muhammad bin Jaham Abd al-Aziz al-KUWARI (since 10 March 2014)"
      },
      "chancery": {
        "text": "2555 M Street NW, Washington, DC 20037"
      },
      "telephone": {
        "text": "[1] (202) 274-1600 and 274-1603"
      },
      "FAX": {
        "text": "[1] (202) 237-0061"
      },
      "consulate(s) general": {
        "text": "Houston, Los Angeles"
      }
    },
    "Diplomatic representation from the US": {
      "chief of mission": {
        "text": "Ambassador Dana Shell SMITH (since 8 September 2014)"
      },
      "embassy": {
        "text": "22 February Road, Al-Luqta District, Doha"
      },
      "mailing address": {
        "text": "P. O. Box 2399, Doha"
      },
      "telephone": {
        "text": "[974] 4496-6000"
      },
      "FAX": {
        "text": "[974] 4488-4298"
      }
    },
    "Flag description": {
      "text": "maroon with a broad white serrated band (nine white points) on the hoist side; maroon represents the blood shed in Qatari wars, white stands for peace; the nine-pointed serrated edge signifies Qatar as the ninth member of the \"reconciled emirates\" in the wake of the Qatari-British treaty of 1916",
      "note": {
        "text": "the other eight emirates are the seven that compose the UAE and Bahrain; according to some sources, the dominant color was formerly red, but this darkened to maroon upon exposure to the sun and the new shade was eventually adopted"
      }
    },
    "National symbol(s)": {
      "text": "a maroon field surmounted by a white serrated band with nine white points; national colors: maroon, white"
    },
    "National anthem": {
      "name": {
        "text": "\"Al-Salam Al-Amiri\" (The Peace for the Anthem)"
      },
      "lyrics/music": {
        "text": "Sheikh MUBARAK bin Saif al-Thani/Abdul Aziz Nasser OBAIDAN"
      },
      "note": {
        "text": "adopted 1996; anthem first performed that year at a meeting of the Gulf Cooperative Council hosted by Qatar"
      }
    }
  },
  "Economy": {
    "Economy - overview": {
      "text": "Qatar has prospered in the last several years with continued high real GDP growth, but low oil prices have dampened the outlook. Qatar was the only Gulf Cooperation Council member that avoided a budget deficit in 2015, but it projects a $12.8 billion deficit, 6% of GDP in 2016. ++  ++ GDP is driven largely by the oil and gas sector; however, growth in manufacturing, construction, and financial services have lifted the non-oil sectors to just over half of Qatar’s nominal GDP. Economic policy is focused on sustaining Qatar's non-associated natural gas reserves and increasing private and foreign investment in non-energy sectors, but oil and gas still account for roughly 92% of export earnings, and 56% of government revenues. Oil and gas have made Qatar the world's highest per-capita income country and the country with the lowest unemployment. Proved oil reserves in excess of 25 billion barrels should enable continued output at current levels for about 56 years. Qatar's proved reserves of natural gas exceed 25 trillion cubic meters, about 13% of the world total and third largest in the world. ++  ++ Qatar's successful 2022 World Cup bid is accelerating large-scale infrastructure projects such as its metro system, light rail system, construction of a new port, roads, stadiums and related sporting infrastructure."
    },
    "GDP (purchasing power parity)": {
      "text": "$319.8 billion (2015 est.) ++ $309.7 billion (2014 est.) ++ $297.8 billion (2013 est.)",
      "note": {
        "text": "data are in 2015 US dollars"
      }
    },
    "GDP (official exchange rate)": {
      "text": "$185.4 billion (2015 est.)"
    },
    "GDP - real growth rate": {
      "text": "3.3% (2015 est.) ++ 4% (2014 est.) ++ 4.6% (2013 est.)"
    },
    "GDP - per capita (PPP)": {
      "text": "$132,100 (2015 est.) ++ $138,600 (2014 est.) ++ $145,600 (2013 est.)",
      "note": {
        "text": "data are in 2015 US dollars"
      }
    },
    "Gross national saving": {
      "text": "47% of GDP (2015 est.) ++ 57.6% of GDP (2014 est.) ++ 59.7% of GDP (2013 est.)"
    },
    "GDP - composition, by end use": {
      "household consumption": {
        "text": "22%"
      },
      "government consumption": {
        "text": "19.4%"
      },
      "investment in fixed capital": {
        "text": "37.2%"
      },
      "investment in inventories": {
        "text": "1.5%"
      },
      "exports of goods and services": {
        "text": "55.4%"
      },
      "imports of goods and services": {
        "text": "-35.5% (2015 est.)"
      }
    },
    "GDP - composition, by sector of origin": {
      "agriculture": {
        "text": "0.1%"
      },
      "industry": {
        "text": "55.7%"
      },
      "services": {
        "text": "44.1% (2015 est.)"
      }
    },
    "Agriculture - products": {
      "text": "fruits, vegetables; poultry, dairy products, beef; fish"
    },
    "Industries": {
      "text": "liquefied natural gas, crude oil production and refining, ammonia, fertilizers, petrochemicals, steel reinforcing bars, cement, commercial ship repair"
    },
    "Industrial production growth rate": {
      "text": "2% (2015 est.)"
    },
    "Labor force": {
      "text": "1.644 million (2015 est.)"
    },
    "Unemployment rate": {
      "text": "0.4% (2015 est.) ++ 0.4% (2014 est.)"
    },
    "Population below poverty line": {
      "text": "NA%"
    },
    "Household income or consumption by percentage share": {
      "lowest 10%": {
        "text": "1.3%"
      },
      "highest 10%": {
        "text": "35.9% (2007)"
      }
    },
    "Budget": {
      "revenues": {
        "text": "$57.45 billion"
      },
      "expenditures": {
        "text": "$56.44 billion (2015 est.)"
      }
    },
    "Taxes and other revenues": {
      "text": "31% of GDP (2015 est.)"
    },
    "Budget surplus (+) or deficit (-)": {
      "text": "0.5% of GDP (2015 est.)"
    },
    "Public debt": {
      "text": "41.6% of GDP (2015 est.) ++ 31.9% of GDP (2014 est.)"
    },
    "Fiscal year": {
      "text": "1 April - 31 March"
    },
    "Inflation rate (consumer prices)": {
      "text": "1.7% (2015 est.) ++ 3.3% (2014 est.)"
    },
    "Central bank discount rate": {
      "text": "4.5% (31 December 2012) ++ 4.93% (31 December 2011)"
    },
    "Commercial bank prime lending rate": {
      "text": "4.5% (31 December 2015 est.) ++ 4.5% (31 December 2014 est.)"
    },
    "Stock of narrow money": {
      "text": "$34.87 billion (31 December 2015 est.) ++ $34.14 billion (31 December 2014 est.)"
    },
    "Stock of broad money": {
      "text": "$155.8 billion (31 December 2015 est.) ++ $138.5 billion (31 December 2014 est.)"
    },
    "Stock of domestic credit": {
      "text": "$200.6 billion (31 December 2015 est.) ++ $168.9 billion (31 December 2014 est.)"
    },
    "Market value of publicly traded shares": {
      "text": "$126.4 billion (31 December 2015 est.) ++ $125.4 billion (31 December 2014 est.) ++ $123.6 billion (31 December 2013 est.)"
    },
    "Current account balance": {
      "text": "$9.146 billion (2015 est.) ++ $49.66 billion (2014 est.)"
    },
    "Exports": {
      "text": "$77.29 billion (2015 est.) ++ $126.7 billion (2014 est.)"
    },
    "Exports - commodities": {
      "text": "liquefied natural gas (LNG), petroleum products, fertilizers, steel"
    },
    "Exports - partners": {
      "text": "Japan 25.4%, India 14.6%, China 8.4%, UAE 6.8%, Singapore 5.6%, UK 5.5%, Thailand 4.2% (2015)"
    },
    "Imports": {
      "text": "$28.5 billion (2015 est.) ++ $31.15 billion (2014 est.)"
    },
    "Imports - commodities": {
      "text": "machinery and transport equipment, food, chemicals"
    },
    "Imports - partners": {
      "text": "China 11.9%, US 11.3%, UAE 9%, Germany 7.7%, Japan 6.7%, UK 5.9%, Italy 4.6%, Saudi Arabia 4.4% (2015)"
    },
    "Reserves of foreign exchange and gold": {
      "text": "$37.26 billion (31 December 2015 est.) ++ $43.32 billion (31 December 2014 est.)"
    },
    "Debt - external": {
      "text": "$141.6 billion (31 December 2015 est.) ++ $138.2 billion (31 December 2014 est.)"
    },
    "Stock of direct foreign investment - at home": {
      "text": "$34.53 billion (31 December 2015 est.) ++ $33.46 billion (31 December 2014 est.)"
    },
    "Stock of direct foreign investment - abroad": {
      "text": "$49.73 billion (31 December 2015 est.) ++ $45.71 billion (31 December 2014 est.)"
    },
    "Exchange rates": {
      "text": "Qatari rials (QAR) per US dollar - ++ 3.64 (2015 est.) ++ 3.64 (2014 est.) ++ 3.64 (2013 est.) ++ 3.64 (2012 est.) ++ 3.64 (2011 est.)"
    }
  },
  "Energy": {
    "Electricity access": {
      "population without electricity": {
        "text": "45,165"
      },
      "electrification - total population": {
        "text": "98%"
      },
      "electrification - urban areas": {
        "text": "98%"
      },
      "electrification - rural areas": {
        "text": "93% (2012)"
      }
    },
    "Electricity - production": {
      "text": "36 billion kWh (2014 est.)"
    },
    "Electricity - consumption": {
      "text": "34 billion kWh (2014 est.)"
    },
    "Electricity - exports": {
      "text": "0 kWh (2013 est.)"
    },
    "Electricity - imports": {
      "text": "0 kWh (2013 est.)"
    },
    "Electricity - installed generating capacity": {
      "text": "8.8 million kW (2014 est.)"
    },
    "Electricity - from fossil fuels": {
      "text": "98.5% of total installed capacity (2012 est.)"
    },
    "Electricity - from nuclear fuels": {
      "text": "0% of total installed capacity (2012 est.)"
    },
    "Electricity - from hydroelectric plants": {
      "text": "0% of total installed capacity (2012 est.)"
    },
    "Electricity - from other renewable sources": {
      "text": "1.5% of total installed capacity (2012 est.)"
    },
    "Crude oil - production": {
      "text": "1.532 million bbl/day (2015 est.)"
    },
    "Crude oil - exports": {
      "text": "1.303 million bbl/day (2013 est.)"
    },
    "Crude oil - imports": {
      "text": "0 bbl/day (2013 est.)"
    },
    "Crude oil - proved reserves": {
      "text": "25 billion bbl (1 January 2016 es)"
    },
    "Refined petroleum products - production": {
      "text": "286,800 bbl/day (2013 est.)"
    },
    "Refined petroleum products - consumption": {
      "text": "238,000 bbl/day (2014 est.)"
    },
    "Refined petroleum products - exports": {
      "text": "542,900 bbl/day (2013 est.)"
    },
    "Refined petroleum products - imports": {
      "text": "2,555 bbl/day (2013 est.)"
    },
    "Natural gas - production": {
      "text": "160 billion cu m (2014 est.)"
    },
    "Natural gas - consumption": {
      "text": "41.07 billion cu m (2014 est.)"
    },
    "Natural gas - exports": {
      "text": "118.9 billion cu m (2014 est.)"
    },
    "Natural gas - imports": {
      "text": "0 cu m (2013 est.)"
    },
    "Natural gas - proved reserves": {
      "text": "24.53 trillion cu m (1 January 2016 es)"
    },
    "Carbon dioxide emissions from consumption of energy": {
      "text": "92 million Mt (2013 est.)"
    }
  },
  "Communications": {
    "Telephones - fixed lines": {
      "total subscriptions": {
        "text": "428,858"
      },
      "subscriptions per 100 inhabitants": {
        "text": "20 (July 2015 est.)"
      }
    },
    "Telephones - mobile cellular": {
      "total": {
        "text": "3.61 million"
      },
      "subscriptions per 100 inhabitants": {
        "text": "164 (July 2015 est.)"
      }
    },
    "Telephone system": {
      "general assessment": {
        "text": "modern system centered in Doha"
      },
      "domestic": {
        "text": "combined fixed-line and mobile-cellular telephone subscribership exceeds 180 telephones per 100 persons"
      },
      "international": {
        "text": "country code - 974; landing point for the Fiber-Optic Link Around the Globe (FLAG) submarine cable network that provides links to Asia, Middle East, Europe, and the US; tropospheric scatter to Bahrain; microwave radio relay to Saudi Arabia and the UAE; satellite earth stations - 2 Intelsat (1 Atlantic Ocean and 1 Indian Ocean) and 1 Arabsat (2015)"
      }
    },
    "Broadcast media": {
      "text": "TV and radio broadcast licensing and access to local media markets are state controlled; home of the satellite TV channel Al-Jazeera, which was originally owned and financed by the Qatari government but has evolved to independent corporate status; Al-Jazeera claims editorial independence in broadcasting; local radio transmissions include state, private, and international broadcasters on FM frequencies in Doha; in August 2013, Qatar's satellite company Es'hailSat launched its first communications satellite Es'hail 1 (manufactured in the US), which entered commercial service in December 2013 to provide improved television broadcasting capability and expand availability of voice and internet; Es'hailSat released a request for proposals in March 2014 for its second satellite to launch in 2016 (2014)"
    },
    "Internet country code": {
      "text": ".qa"
    },
    "Internet users": {
      "total": {
        "text": "2.039 million"
      },
      "percent of population": {
        "text": "92.9% (July 2015 est.)"
      }
    }
  },
  "Transportation": {
    "National air transport system": {
      "number of registered air carriers": {
        "text": "2"
      },
      "inventory of registered aircraft operated by air carriers": {
        "text": "199"
      },
      "annual passenger traffic on registered air carriers": {
        "text": "25,263,224"
      },
      "annual freight traffic on registered air carriers": {
        "text": "7,563,307,390 mt-km (2015)"
      }
    },
    "Civil aircraft registration country code prefix": {
      "text": "A7 (2016)"
    },
    "Airports": {
      "text": "6 (2013)"
    },
    "Airports - with paved runways": {
      "total": {
        "text": "4"
      },
      "over 3,047 m": {
        "text": "3"
      },
      "1,524 to 2,437 m": {
        "text": "1 (2013)"
      }
    },
    "Airports - with unpaved runways": {
      "total": {
        "text": "2"
      },
      "914 to 1,523 m": {
        "text": "1"
      },
      "under 914 m": {
        "text": "1 (2013)"
      }
    },
    "Heliports": {
      "text": "1 (2013)"
    },
    "Pipelines": {
      "text": "condensate 288 km; condensate/gas 221 km; gas 2,383 km; liquid petroleum gas 90 km; oil 745 km; refined products 103 km (2013)"
    },
    "Roadways": {
      "total": {
        "text": "9,830 km (2010)"
      }
    },
    "Merchant marine": {
      "total": {
        "text": "28"
      },
      "by type": {
        "text": "bulk carrier 3, chemical tanker 2, container 13, liquefied gas 6, petroleum tanker 4"
      },
      "foreign-owned": {
        "text": "6 (Kuwait 6)"
      },
      "registered in other countries": {
        "text": "35 (Liberia 5, Marshall Islands 29, Panama 1) (2010)"
      }
    },
    "Ports and terminals": {
      "major seaport(s)": {
        "text": "Doha, Mesaieed (Umaieed), Ra's Laffan"
      },
      "LNG terminal(s) (export)": {
        "text": "Ras Laffan"
      }
    }
  },
  "Military and Security": {
    "Military branches": {
      "text": "Qatari Emiri Land Force (QELF), Qatari Emiri Navy (QEN), Qatari Emiri Air Force (QEAF) (2013)"
    },
    "Military service age and obligation": {
      "text": "conscription for males aged 18-35; 4-month general obligation, 3 months for graduates (2014)"
    }
  },
  "Transnational Issues": {
    "Disputes - international": {
      "text": "none"
    },
    "Refugees and internally displaced persons": {
      "stateless persons": {
        "text": "1,200 (2015)"
      }
    },
    "Trafficking in persons": {
      "current situation": {
        "text": "Qatar is a destination country for men, women, and children subjected to forced labor, and, to a much lesser extent, forced prostitution; the predominantly foreign workforce migrates to Qatar legally for low- and semi-skilled work but often experiences situations of forced labor, including debt bondage, delayed or nonpayment of salaries, confiscation of passports, abuse, hazardous working conditions, and squalid living arrangements; foreign female domestic workers are particularly vulnerable to trafficking because of their isolation in private homes and lack of protection under Qatari labor laws; some women who migrate for work are also forced into prostitution"
      },
      "tier rating": {
        "text": "Tier 2 Watch List – Qatar does not fully comply with the minimum standards for the elimination of trafficking; however, it is making significant efforts to do so; the government investigated 11 trafficking cases but did not prosecute or convict any offenders, including exploitative employers and recruitment agencies; the primary solution for resolving labor violations was to transfer a worker’s sponsorship to a new employer with minimal effort to investigate whether a forced labor violation had occurred; authorities increased their efforts to protect some trafficking victims, although many victims of forced labor, particularly domestic workers, remained unidentified and unprotected and were sometimes punished for immigration violations or running away from an employer or sponsor; authorities visited worksites throughout the country to meet and educate workers and employers on trafficking regulations, but the government failed to abolish or reform the sponsorship system, perpetuating Qatar’s forced labor problem (2015)"
      }
    }
  }
}