{
  "Introduction": {
    "Background": {
      "text": "From the early 16th century through 1917, the area now known as the West Bank fell under Ottoman rule. Following World War I, the Allied powers (France, UK, Russia) allocated the area to the British Mandate of Palestine. After World War II, the UN passed a resolution to establish two states within the Mandate, and designated a territory including what is now known as the West Bank as part of the proposed Arab state. Following the 1948 Arab-Israeli War, the area was captured by Transjordan (later renamed Jordan). Jordan annexed the West Bank in 1950. In June 1967, Israel captured the West Bank and East Jerusalem during the 1967 Six-Day War. With the exception of East Jerusalem, roughly 60% of the West Bank remains under Israeli military control. Israel transferred security and civilian responsibility for a number of Palestinian-populated areas of the West Bank and Gaza Strip to the Palestinian Authority (PA) under a series of agreements signed between 1994 and 1999, the so-called “Oslo Accords.” Negotiations to determine the permanent status of the West Bank and Gaza Strip stalled after the outbreak of an intifada in mid-2000. In early 2003, the \"Quartet\" of the US, EU, UN, and Russia, presented a roadmap to a final peace settlement by 2005, calling for two states - Israel and a democratic Palestine. ++  ++ Following Palestinian leader Yassir ARAFAT's death in late 2004 and the subsequent election of Mahmoud ABBAS (head of the Fatah political faction) as PA president, Israel and the Palestinians agreed to move the peace process forward. Israel in late 2005 unilaterally withdrew all of its settlers and soldiers and dismantled its military facilities in the Gaza Strip and redeployed its military from several West Bank settlements but continues to control maritime, airspace, and other access. In early 2006, the Islamic Resistance Movement, HAMAS, won the Palestinian Legislative Council election and took control of the PA government. Attempts to form a unity government failed, and violent clashes between Fatah and HAMAS supporters ensued, culminating in HAMAS's violent seizure of all military and governmental institutions in the Gaza Strip. Fatah and HAMAS have made several attempts at reconciliation, but the factions have been unable to implement details on governance and security. In an attempt to reenergize peace talks between the Israelis and Palestinians, France in June 2016 hosted a ministerial meeting that included participants from 29 countries, although not Israel or the Palestinians, to lay the groundwork for an envisioned \"multilateral peace conference\" later in the year."
    }
  },
  "Geography": {
    "Location": {
      "text": "Middle East, west of Jordan, east of Israel"
    },
    "Geographic coordinates": {
      "text": "32 00 N, 35 15 E"
    },
    "Map references": {
      "text": "Middle East"
    },
    "Area": {
      "total": {
        "text": "5,860 sq km"
      },
      "land": {
        "text": "5,640 sq km"
      },
      "water": {
        "text": "220 sq km"
      },
      "note": {
        "text": "includes West Bank, Latrun Salient, and the northwest quarter of the Dead Sea, but excludes Mt. Scopus; East Jerusalem and Jerusalem No Man's Land are also included only as a means of depicting the entire area occupied by Israel in 1967"
      }
    },
    "Area - comparative": {
      "text": "slightly smaller than Delaware"
    },
    "Land boundaries": {
      "total": {
        "text": "478 km"
      },
      "border countries": {
        "text": "Israel 330 km, Jordan 148 km"
      }
    },
    "Coastline": {
      "text": "0 km (landlocked)"
    },
    "Maritime claims": {
      "text": "none (landlocked)"
    },
    "Climate": {
      "text": "temperate; temperature and precipitation vary with altitude, warm to hot summers, cool to mild winters"
    },
    "Terrain": {
      "text": "mostly rugged, dissected upland in west, flat plains descending to Jordan River Valley to the east"
    },
    "Elevation": {
      "mean elevation": {
        "text": "NA"
      },
      "elevation extremes": {
        "text": "lowest point: Dead Sea -408 m ++ highest point: Tall Asur 1,022 m"
      }
    },
    "Natural resources": {
      "text": "arable land"
    },
    "Land use": {
      "agricultural land": {
        "text": "43.3% ++ arable land 7.4%; permanent crops 11%; permanent pasture 24.9%"
      },
      "forest": {
        "text": "1.5%"
      },
      "other": {
        "text": "55.2%"
      },
      "note": {
        "text": "includes Gaza Strip (2011 est.)"
      }
    },
    "Irrigated land": {
      "text": "240 sq km; note - includes Gaza Strip (2012)"
    },
    "Natural hazards": {
      "text": "droughts"
    },
    "Environment - current issues": {
      "text": "adequacy of freshwater supply; sewage treatment"
    },
    "Geography - note": {
      "text": "landlocked; highlands are main recharge area for Israel's coastal aquifers; there are about 381 Israeli civilian sites, including about 212 settlements and 134 small outpost communities in the West Bank and 35 sites in East Jerusalem (2014 est.)"
    }
  },
  "People and Society": {
    "Population": {
      "text": "2,697,687 (represents Palestinian population only) (July 2016 est.)",
      "note": {
        "text": "approximately 371,000 Israeli settlers live in the West Bank; approximately 211,640 Israeli settlers live in East Jerusalem (2014)"
      }
    },
    "Nationality": {
      "noun": {
        "text": "NA"
      },
      "adjective": {
        "text": "NA"
      }
    },
    "Ethnic groups": {
      "text": "Palestinian Arab and other 83%, Jewish 17%"
    },
    "Languages": {
      "text": "Arabic, Hebrew (spoken by Israeli settlers and many Palestinians), English (widely understood)"
    },
    "Religions": {
      "text": "Muslim 80-85% (predominantly Sunni), Jewish 12-14%, Christian 1-2.5% (mainly Greek Orthodox), other, unaffiliated, unspecified <1%",
      "note": {
        "text": "the proportion of Christians continues to fall mainly as a result of the growth of the Muslim population but also because of migration and the declining birth rate of the Christian population (2012 est.)"
      }
    },
    "Age structure": {
      "0-14 years": {
        "text": "36.91% (male 511,026/female 484,808)"
      },
      "15-24 years": {
        "text": "21.56% (male 297,058/female 284,677)"
      },
      "25-54 years": {
        "text": "33.71% (male 462,201/female 447,200)"
      },
      "55-64 years": {
        "text": "4.35% (male 60,360/female 56,936)"
      },
      "65 years and over": {
        "text": "3.46% (male 41,587/female 51,834) (2016 est.)"
      }
    },
    "Dependency ratios": {
      "total dependency ratio": {
        "text": "76%"
      },
      "youth dependency ratio": {
        "text": "70.8%"
      },
      "elderly dependency ratio": {
        "text": "5.2%"
      },
      "potential support ratio": {
        "text": "19.2%"
      },
      "note": {
        "text": "data represent Gaza Strip and the West Bank (2015 est.)"
      }
    },
    "Median age": {
      "total": {
        "text": "20.8 years"
      },
      "male": {
        "text": "20.7 years"
      },
      "female": {
        "text": "21 years (2016 est.)"
      }
    },
    "Population growth rate": {
      "text": "1.86% (2016 est.)"
    },
    "Birth rate": {
      "text": "26.7 births/1,000 population (2016 est.)"
    },
    "Death rate": {
      "text": "3.5 deaths/1,000 population (2016 est.)"
    },
    "Net migration rate": {
      "text": "-4.6 migrant(s)/1,000 population (2016 est.)"
    },
    "Urbanization": {
      "urban population": {
        "text": "75.3% of total population (2015)"
      },
      "rate of urbanization": {
        "text": "2.81% annual rate of change (2010-15 est.)"
      },
      "note": {
        "text": "data represent Gaza Strip and West Bank"
      }
    },
    "Sex ratio": {
      "at birth": {
        "text": "1.06 male(s)/female"
      },
      "0-14 years": {
        "text": "1.05 male(s)/female"
      },
      "15-24 years": {
        "text": "1.04 male(s)/female"
      },
      "25-54 years": {
        "text": "1.03 male(s)/female"
      },
      "55-64 years": {
        "text": "1.06 male(s)/female"
      },
      "65 years and over": {
        "text": "0.73 male(s)/female"
      },
      "total population": {
        "text": "1.04 male(s)/female (2016 est.)"
      }
    },
    "Maternal mortality rate": {
      "text": "45 deaths/100,000 live births",
      "note": {
        "text": "data represent Gaza Strip and West Bank (2015 est.)"
      }
    },
    "Infant mortality rate": {
      "total": {
        "text": "14.6 deaths/1,000 live births"
      },
      "male": {
        "text": "16.4 deaths/1,000 live births"
      },
      "female": {
        "text": "12.7 deaths/1,000 live births (2016 est.)"
      }
    },
    "Life expectancy at birth": {
      "total population": {
        "text": "75 years"
      },
      "male": {
        "text": "73 years"
      },
      "female": {
        "text": "77.1 years (2016 est.)"
      }
    },
    "Total fertility rate": {
      "text": "3.33 children born/woman (2016 est.)"
    },
    "Contraceptive prevalence rate": {
      "text": "52.5% (includes Gaza Strip and West Bank) (2010)"
    },
    "Physicians density": {
      "text": "1.3 physicians/1,000 population (2013)"
    },
    "Hospital bed density": {
      "text": "1.2 beds/1,000 population (2010)"
    },
    "Drinking water source": {
      "improved": {
        "text": " ++ urban: 50.7% of population ++ rural: 81.5% of population ++ total: 58.4% of population"
      },
      "unimproved": {
        "text": " ++ urban: 49.3% of population ++ rural: 18.5% of population ++ total: 41.6% of population"
      },
      "note": {
        "text": "includes Gaza Strip and the West Bank (2015 est.)"
      }
    },
    "Sanitation facility access": {
      "improved": {
        "text": " ++ urban: 93% of population ++ rural: 90.2% of population ++ total: 92.3% of population"
      },
      "unimproved": {
        "text": " ++ urban: 7% of population ++ rural: 9.8% of population ++ total: 7.7% of population"
      },
      "note": {
        "text": "includes Gaza Strip and the West Bank (2015 est.)"
      }
    },
    "HIV/AIDS - adult prevalence rate": {
      "text": "NA"
    },
    "HIV/AIDS - people living with HIV/AIDS": {
      "text": "NA"
    },
    "HIV/AIDS - deaths": {
      "text": "NA"
    },
    "Literacy": {
      "definition": {
        "text": "age 15 and over can read and write"
      },
      "total population": {
        "text": "96.5%"
      },
      "male": {
        "text": "98.4%"
      },
      "female": {
        "text": "94.5%"
      },
      "note": {
        "text": "estimates are for Gaza and West Bank (2015 est.)"
      }
    },
    "School life expectancy (primary to tertiary education)": {
      "total": {
        "text": "13 years"
      },
      "male": {
        "text": "12 years"
      },
      "female": {
        "text": "14 years"
      },
      "note": {
        "text": "data represent Gaza and West Bank (2014)"
      }
    },
    "Unemployment, youth ages 15-24": {
      "total": {
        "text": "41%"
      },
      "male": {
        "text": "37%"
      },
      "female": {
        "text": "64.7%"
      },
      "note": {
        "text": "includes Gaza Strip (2013 est.)"
      }
    }
  },
  "Government": {
    "Country name": {
      "conventional long form": {
        "text": "none"
      },
      "conventional short form": {
        "text": "West Bank"
      },
      "etymology": {
        "text": "name refers to the location of the region - occupied and administered by Jordan after 1948 - that fell on the far side (west bank) of the Jordan River in relation to Jordan proper; the designation was retained following the 1967 Six-Day War and the subsequent changes in government"
      }
    }
  },
  "Economy": {
    "Economy - overview": {
      "text": "Israeli-Palestinian violence in 2015 exacerbated challenges to economic growth in the West Bank - the larger of the two areas comprising the Palestinian Territories. Increased security restrictions and political instability slowed economic activity, and Israel’s four-month withholding of taxes and other fees it collects on the Palestinian Authority’s (PA) behalf caused the PA to delay salary payments to its employees, which in turn had broader effects on business activity and consumer demand. ++  ++ Longstanding Israeli closure policies continue to disrupt labor and trade flows and the territory’s industrial capacity, limit imports and exports, and constrain private sector development. The PA for the foreseeable future will continue to rely heavily on donor aid for its budgetary needs and economic activity."
    },
    "GDP (purchasing power parity)": {
      "text": "$21.22 billion (2014 est.) ++ $20.15 billion (2013 est.) ++ $19.95 billion (2012 est.)",
      "note": {
        "text": "data are in 2014 US dollars; includes Gaza Strip"
      }
    },
    "GDP (official exchange rate)": {
      "text": "$9.828 billion (2014 est.)",
      "note": {
        "text": "excludes Gaza Strip"
      }
    },
    "GDP - real growth rate": {
      "text": "5.3% (2014 est.) ++ 1% (2013 est.) ++ 6% (2012 est.)",
      "note": {
        "text": "excludes Gaza Strip"
      }
    },
    "GDP - per capita (PPP)": {
      "text": "$4,300 (2014 est.) ++ $4,400 (2013 est.) ++ $4,600 (2012 est.)",
      "note": {
        "text": "includes Gaza Strip"
      }
    },
    "Gross national saving": {
      "text": "7.8% of GDP (2014 est.) ++ 9.5% of GDP (2013 est.) ++ 5% of GDP (2012 est.)",
      "note": {
        "text": "includes Gaza Strip"
      }
    },
    "GDP - composition, by end use": {
      "household consumption": {
        "text": "85.7%"
      },
      "government consumption": {
        "text": "21.9%"
      },
      "investment in fixed capital": {
        "text": "26%"
      },
      "investment in inventories": {
        "text": "2.3%"
      },
      "exports of goods and services": {
        "text": "24.5%"
      },
      "imports of goods and services": {
        "text": "-60.4%"
      },
      "note": {
        "text": "excludes Gaza Strip (2014 est.)"
      }
    },
    "GDP - composition, by sector of origin": {
      "agriculture": {
        "text": "3.5%"
      },
      "industry": {
        "text": "25.2%"
      },
      "services": {
        "text": "71.4%"
      },
      "note": {
        "text": "excludes Gaza Strip (2014 est.)"
      }
    },
    "Agriculture - products": {
      "text": "olives, citrus fruit, vegetables; beef, dairy products"
    },
    "Industries": {
      "text": "small-scale manufacturing, quarrying, textiles, soap, olive-wood carvings, and mother-of-pearl souvenirs"
    },
    "Industrial production growth rate": {
      "text": "-1.7%",
      "note": {
        "text": "includes Gaza Strip (2015 est.)"
      }
    },
    "Labor force": {
      "text": "828,000",
      "note": {
        "text": "excludes Gaza Strip (2015 est.)"
      }
    },
    "Labor force - by occupation": {
      "agriculture": {
        "text": "11.5%"
      },
      "industry": {
        "text": "34.4%"
      },
      "services": {
        "text": "54.1%"
      },
      "note": {
        "text": "excludes Gaza Strip (2013 est.)"
      }
    },
    "Unemployment rate": {
      "text": "17.7% (2014 est.) ++ 18.6% (2013 est.)",
      "note": {
        "text": "excludes Gaza Strip"
      }
    },
    "Population below poverty line": {
      "text": "18% (2011 est.)"
    },
    "Household income or consumption by percentage share": {
      "lowest 10%": {
        "text": "3.2%"
      },
      "highest 10%": {
        "text": "28.2%"
      },
      "note": {
        "text": "includes Gaza Strip (2009 est.)"
      }
    },
    "Distribution of family income - Gini index": {
      "text": "34.5 (2009 est.) ++ 38.7 (2007 est.)",
      "note": {
        "text": "includes Gaza Strip"
      }
    },
    "Budget": {
      "revenues": {
        "text": "$2.75 billion"
      },
      "expenditures": {
        "text": "$4.077 billion"
      },
      "note": {
        "text": "includes Palestinian Authority expenditures in the Gaza Strip (2014 est.)"
      }
    },
    "Taxes and other revenues": {
      "text": "28% of GDP (2014 est.)"
    },
    "Budget surplus (+) or deficit (-)": {
      "text": "-13.5% of GDP (2014 est.)"
    },
    "Public debt": {
      "text": "24.4% of GDP (2014 est.) ++ 23.8% of GDP (2013 est.)"
    },
    "Fiscal year": {
      "text": "calendar year"
    },
    "Inflation rate (consumer prices)": {
      "text": "1.2% (2014 est.) ++ 3.1% (2013 est.)",
      "note": {
        "text": "excludes Gaza Strip"
      }
    },
    "Commercial bank prime lending rate": {
      "text": "6.8% (31 December 2015 est.) ++ 6.41% (31 December 2014 est.)"
    },
    "Stock of narrow money": {
      "text": "$265.5 million (31 December 2015 est.) ++ $234.8 million (31 December 2014 est.)"
    },
    "Stock of broad money": {
      "text": "$2.399 billion (31 December 2014 est.) ++ $2.16 billion (31 December 2013 est.)"
    },
    "Stock of domestic credit": {
      "text": "$1.418 billion (31 December 2015 est.) ++ $1.147 billion (31 December 2014 est.)"
    },
    "Market value of publicly traded shares": {
      "text": "$2.634 billion (31 December 2015 est.) ++ $2.532 billion (31 December 2014 est.) ++ $2.45 billion (31 December 2013 est.)"
    },
    "Current account balance": {
      "text": "-$2.149 billion (2014 est.) ++ -$2.383 billion (2013 est.)"
    },
    "Exports": {
      "text": "$937.4 million (2014 est.) ++ $1.692 billion (2013 est.)",
      "note": {
        "text": "excludes Gaza Strip"
      }
    },
    "Exports - commodities": {
      "text": "stone, olives, fruit, vegetables, limestone"
    },
    "Imports": {
      "text": "$5.683 billion (2014 est.) ++ $6.261 billion (2013 est.)",
      "note": {
        "text": "data include the Gaza Strip"
      }
    },
    "Imports - commodities": {
      "text": "food, consumer goods, construction materials, petroleum, chemicals"
    },
    "Debt - external": {
      "text": "$1.089 billion (2014 est.) ++ $1.191 billion (2013 est.)",
      "note": {
        "text": "data include the Gaza Strip"
      }
    },
    "Exchange rates": {
      "text": "new Israeli shekels (ILS) per US dollar - ++ 3.8869 (2015 est.) ++ 3.578 (2014 est.) ++ 3.578 (2013 est.) ++ 3.86 (2012 est.) ++ 3.5781 (2011 est.)"
    }
  },
  "Energy": {
    "Electricity access": {
      "population without electricity": {
        "text": "80,930"
      },
      "electrification - total population": {
        "text": "98%"
      },
      "electrification - urban areas": {
        "text": "99%"
      },
      "electrification - rural areas": {
        "text": "93%"
      },
      "note": {
        "text": "data for West Bank and Gaza Strip combined (2012)"
      }
    },
    "Electricity - production": {
      "text": "300 million kWh (2014 est.)"
    },
    "Electricity - consumption": {
      "text": "5.2 billion kWh (2014 est.)"
    },
    "Electricity - exports": {
      "text": "0 kWh (2013)"
    },
    "Electricity - imports": {
      "text": "4.9 billion kWh (2014 est.)"
    },
    "Electricity - installed generating capacity": {
      "text": "100,000 kW",
      "note": {
        "text": "includes Gaza Strip (2014 est.)"
      }
    },
    "Electricity - from fossil fuels": {
      "text": "100% of total installed capacity (2012 est.)"
    },
    "Electricity - from nuclear fuels": {
      "text": "0% of total installed capacity (2012 est.)"
    },
    "Electricity - from hydroelectric plants": {
      "text": "0% of total installed capacity (2012 est.)"
    },
    "Electricity - from other renewable sources": {
      "text": "0% of total installed capacity (2012 est.)"
    },
    "Crude oil - production": {
      "text": "0 bbl/day (2015 est.)"
    },
    "Crude oil - exports": {
      "text": "0 bbl/day (2013 est.)"
    },
    "Crude oil - imports": {
      "text": "0 bbl/day (2013 est.)"
    },
    "Crude oil - proved reserves": {
      "text": "0 bbl (1 January 2009 es)"
    },
    "Refined petroleum products - production": {
      "text": "0 bbl/day (2013 est.)"
    },
    "Refined petroleum products - consumption": {
      "text": "16,000 bbl/day (2014 est.)"
    },
    "Refined petroleum products - exports": {
      "text": "0 bbl/day (2013 est.)"
    },
    "Refined petroleum products - imports": {
      "text": "18,690 bbl/day (2013 est.)"
    },
    "Natural gas - production": {
      "text": "0 cu m (2013 est.)"
    },
    "Natural gas - consumption": {
      "text": "0 cu m (2013 est.)"
    },
    "Natural gas - exports": {
      "text": "0 cu m (2013 est.)"
    },
    "Natural gas - imports": {
      "text": "0 cu m (2013 est.)"
    },
    "Natural gas - proved reserves": {
      "text": "0 cu m (1 January 2014 es)"
    },
    "Carbon dioxide emissions from consumption of energy": {
      "text": "3 million Mt (2013 est.)"
    }
  },
  "Communications": {
    "Telephones - fixed lines": {
      "total subscriptions": {
        "text": "406,500 (includes Gaza Strip)"
      },
      "subscriptions per 100 inhabitants": {
        "text": "9 (July 2015 est.)"
      }
    },
    "Telephones - mobile cellular": {
      "total": {
        "text": "3.531 million (includes Gaza Strip)"
      },
      "subscriptions per 100 inhabitants": {
        "text": "76 (includes Gaza Strip) (July 2015 est.)"
      }
    },
    "Telephone system": {
      "general assessment": {
        "text": "continuing political and economic instability has impeded significant liberalization of the telecommunications industry"
      },
      "domestic": {
        "text": "Israeli company BEZEK and the Palestinian company PALTEL are responsible for fixed-line services; PALTEL plans to establish a fiber-optic connection to Jordan to route domestic mobile calls; the Palestinian JAWWAL company and WATANIYA PALESTINE provide cellular services"
      },
      "international": {
        "text": "country code - 970; 1 international switch in Ramallah (2010)"
      }
    },
    "Broadcast media": {
      "text": "the Palestinian Authority operates 1 TV and 1 radio station; about 20 private TV and 40 radio stations; both Jordanian TV and satellite TV are accessible (2013)"
    },
    "Internet country code": {
      "text": ".ps; note - same as Gaza Strip"
    },
    "Internet users": {
      "total": {
        "text": "2.673 million (includes Gaza Strip)"
      },
      "percent of population": {
        "text": "57.4% (includes Gaza Strip) (July 2015 est.)"
      }
    }
  },
  "Transportation": {
    "Airports": {
      "text": "2 (2013)"
    },
    "Airports - with paved runways": {
      "total": {
        "text": "2"
      },
      "1,524 to 2,437 m": {
        "text": "1"
      },
      "under 914 m": {
        "text": "1 (2013)"
      }
    },
    "Heliports": {
      "text": "1 (2013)"
    },
    "Roadways": {
      "total": {
        "text": "4,686 km"
      },
      "paved": {
        "text": "4,686 km"
      },
      "note": {
        "text": "includes Gaza Strip (2010)"
      }
    }
  },
  "Transnational Issues": {
    "Disputes - international": {
      "text": "the current status of the West Bank is subject to the Israeli-Palestinian Interim Agreement - permanent status to be determined through further negotiation; Israel continues construction of a \"seam line\" separation barrier along parts of the Green Line and within the West Bank; Israel withdrew from Gaza and four settlements in the northern West Bank in August 2005; since 1948, about 350 peacekeepers from the UN Truce Supervision Organization (UNTSO), headquartered in Jerusalem, monitor ceasefires, supervise armistice agreements, prevent isolated incidents from escalating, and assist other UN personnel in the region"
    },
    "Refugees and internally displaced persons": {
      "refugees (country of origin)": {
        "text": "774,167 (Palestinian refugees) (2015)"
      },
      "IDPs": {
        "text": "221,000 (includes persons displaced within the Gaza strip due to the intensification of the Israeli-Palestinian conflict since June 2014 and other Palestinian IDPs in the Gaza Strip and West Bank who fled as long ago as 1967, although confirmed cumulative data do not go back beyond 2006) (2015)"
      }
    }
  }
}