{
  "Introduction": {
    "Background": {
      "text": "Settled as early as 1000 B.C., Samoa was not reached by European explorers until the 18th century. International rivalries in the latter half of the 19th century were settled by an 1899 treaty in which Germany and the US divided the Samoan archipelago. The US formally occupied its portion - a smaller group of eastern islands with the excellent harbor of Pago Pago - the following year."
    }
  },
  "Geography": {
    "Location": {
      "text": "Oceania, group of islands in the South Pacific Ocean, about halfway between Hawaii and New Zealand"
    },
    "Geographic coordinates": {
      "text": "14 20 S, 170 00 W"
    },
    "Map references": {
      "text": "Oceania"
    },
    "Area": {
      "total": {
        "text": "199 sq km"
      },
      "land": {
        "text": "199 sq km"
      },
      "water": {
        "text": "0 sq km"
      },
      "note": {
        "text": "includes Rose Island and Swains Island"
      }
    },
    "Area - comparative": {
      "text": "slightly larger than Washington, DC"
    },
    "Land boundaries": {
      "text": "0 km"
    },
    "Coastline": {
      "text": "116 km"
    },
    "Maritime claims": {
      "territorial sea": {
        "text": "12 nm"
      },
      "exclusive economic zone": {
        "text": "200 nm"
      }
    },
    "Climate": {
      "text": "tropical marine, moderated by southeast trade winds; annual rainfall averages about 3 m; rainy season (November to April), dry season (May to October); little seasonal temperature variation"
    },
    "Terrain": {
      "text": "five volcanic islands with rugged peaks and limited coastal plains, two coral atolls (Rose Island, Swains Island)"
    },
    "Elevation": {
      "mean elevation": {
        "text": "NA"
      },
      "elevation extremes": {
        "text": "lowest point: Pacific Ocean 0 m ++ highest point: Lata Mountain 964 m"
      }
    },
    "Natural resources": {
      "text": "pumice, pumicite"
    },
    "Land use": {
      "agricultural land": {
        "text": "21.7% ++ arable land 13.3%; permanent crops 8.4%; permanent pasture 0%"
      },
      "forest": {
        "text": "78.3%"
      },
      "other": {
        "text": "0% (2011 est.)"
      }
    },
    "Irrigated land": {
      "text": "0 sq km (2012)"
    },
    "Natural hazards": {
      "text": "typhoons common from December to March",
      "volcanism": {
        "text": "limited volcanic activity on the Ofu and Olosega Islands; neither has erupted since the 19th century"
      }
    },
    "Environment - current issues": {
      "text": "limited natural freshwater resources; the water division of the government has spent substantial funds in the past few years to improve water catchments and pipelines"
    },
    "Geography - note": {
      "text": "Pago Pago has one of the best natural deepwater harbors in the South Pacific Ocean, sheltered by shape from rough seas and protected by peripheral mountains from high winds; strategic location in the South Pacific Ocean"
    }
  },
  "People and Society": {
    "Population": {
      "text": "54,194 (July 2016 est.)"
    },
    "Nationality": {
      "noun": {
        "text": "American Samoan(s) (US nationals)"
      },
      "adjective": {
        "text": "American Samoan"
      }
    },
    "Ethnic groups": {
      "text": "Pacific Islander 92.6% (includes Samoan 88.9%, Tongan 2.9%, other .8%), Asian 3.6% (includes Filipino 2.2%, other 1.4%), mixed 2.7%, other 1.2% (2010 est.)"
    },
    "Languages": {
      "text": "Samoan 88.6% (closely related to Hawaiian and other Polynesian languages), English 3.9%, Tongan 2.7%, other Pacific islander 3%, other 1.8%",
      "note": {
        "text": "most people are bilingual (2010 est.)"
      }
    },
    "Religions": {
      "text": "Christian 98.3%, other 1%, unaffiliated 0.7% (2010 est.)"
    },
    "Age structure": {
      "0-14 years": {
        "text": "24.04% (male 6,381/female 6,646)"
      },
      "15-24 years": {
        "text": "18.76% (male 4,983/female 5,185)"
      },
      "25-54 years": {
        "text": "42.62% (male 11,907/female 11,188)"
      },
      "55-64 years": {
        "text": "9.18% (male 2,438/female 2,535)"
      },
      "65 years and over": {
        "text": "5.41% (male 1,342/female 1,589) (2016 est.)"
      }
    },
    "Median age": {
      "total": {
        "text": "29.4 years"
      },
      "male": {
        "text": "29.9 years"
      },
      "female": {
        "text": "28.8 years (2016 est.)"
      }
    },
    "Population growth rate": {
      "text": "-0.25% (2016 est.)"
    },
    "Birth rate": {
      "text": "22.9 births/1,000 population (2016 est.)"
    },
    "Death rate": {
      "text": "4.8 deaths/1,000 population (2016 est.)"
    },
    "Net migration rate": {
      "text": "-20.6 migrant(s)/1,000 population (2016 est.)"
    },
    "Urbanization": {
      "urban population": {
        "text": "87.2% of total population (2015)"
      },
      "rate of urbanization": {
        "text": "-0.13% annual rate of change (2010-15 est.)"
      }
    },
    "Major urban areas - population": {
      "text": "PAGO PAGO (capital) 48,000 (2014)"
    },
    "Sex ratio": {
      "at birth": {
        "text": "1.06 male(s)/female"
      },
      "0-14 years": {
        "text": "0.96 male(s)/female"
      },
      "15-24 years": {
        "text": "0.96 male(s)/female"
      },
      "25-54 years": {
        "text": "1.06 male(s)/female"
      },
      "55-64 years": {
        "text": "0.96 male(s)/female"
      },
      "65 years and over": {
        "text": "0.85 male(s)/female"
      },
      "total population": {
        "text": "1 male(s)/female (2016 est.)"
      }
    },
    "Infant mortality rate": {
      "total": {
        "text": "8.5 deaths/1,000 live births"
      },
      "male": {
        "text": "10.9 deaths/1,000 live births"
      },
      "female": {
        "text": "6 deaths/1,000 live births (2016 est.)"
      }
    },
    "Life expectancy at birth": {
      "total population": {
        "text": "75.4 years"
      },
      "male": {
        "text": "72.4 years"
      },
      "female": {
        "text": "78.5 years (2016 est.)"
      }
    },
    "Total fertility rate": {
      "text": "2.87 children born/woman (2016 est.)"
    },
    "Drinking water source": {
      "improved": {
        "text": " ++ urban: 100% of population ++ rural: 100% of population ++ total: 100% of population"
      },
      "unimproved": {
        "text": " ++ urban: 0% of population ++ rural: 0% of population ++ total: 0% of population (2015 est.)"
      }
    },
    "Sanitation facility access": {
      "improved": {
        "text": " ++ urban: 62.5% of population ++ rural: 62.5% of population ++ total: 62.5% of population"
      },
      "unimproved": {
        "text": " ++ urban: 37.5% of population ++ rural: 37.5% of population ++ total: 37.5% of population (2015 est.)"
      }
    },
    "HIV/AIDS - adult prevalence rate": {
      "text": "NA"
    },
    "HIV/AIDS - people living with HIV/AIDS": {
      "text": "NA"
    },
    "HIV/AIDS - deaths": {
      "text": "NA"
    },
    "Major infectious diseases": {
      "note": {
        "text": "active local transmission of Zika virus by Aedes species mosquitoes has been identified in this country (as of August 2016); it poses an important risk (a large number of cases possible) among US citizens if bitten by an infective mosquito; other less common ways to get Zika are through sex, via blood transfusion, or during pregnancy, in which the pregnant woman passes Zika virus to her fetus (2016)"
      }
    },
    "Education expenditures": {
      "text": "NA"
    }
  },
  "Government": {
    "Country name": {
      "conventional long form": {
        "text": "Territory of American Samoa"
      },
      "conventional short form": {
        "text": "American Samoa"
      },
      "abbreviation": {
        "text": "AS"
      },
      "etymology": {
        "text": "the name Samoa is composed of two parts, \"sa\" meaning \"sacred\" and \"moa\" meaning \"center,\" so the name can mean Holy Center; alternatively, it can mean \"place of the sacred moa bird\" of Polynesian mythology"
      }
    },
    "Dependency status": {
      "text": "unincorporated and unorganized territory of the US; administered by the Office of Insular Affairs, US Department of the Interior"
    },
    "Government type": {
      "text": "presidential democracy; a self-governing territory of the US"
    },
    "Capital": {
      "name": {
        "text": "Pago Pago"
      },
      "geographic coordinates": {
        "text": "14 16 S, 170 42 W"
      },
      "time difference": {
        "text": "UTC-11 (6 hours behind Washington, DC, during Standard Time)"
      }
    },
    "Administrative divisions": {
      "text": "none (territory of the US); there are no first-order administrative divisions as defined by the US Government, but there are 3 districts and 2 islands* at the second order; Eastern, Manu'a, Rose Island*, Swains Island*, Western"
    },
    "Independence": {
      "text": "none (territory of the US)"
    },
    "National holiday": {
      "text": "Flag Day, 17 April (1900)"
    },
    "Constitution": {
      "text": "adopted 17 October 1960; revised 1 July 1967; amended several times, last in 2013 (2016)"
    },
    "Legal system": {
      "text": "mixed legal system of US common law and customary law"
    },
    "Citizenship": {
      "text": "see United States"
    },
    "Suffrage": {
      "text": "18 years of age; universal"
    },
    "Executive branch": {
      "chief of state": {
        "text": "President Barack H. OBAMA (since 20 January 2009); Vice President Joseph R. BIDEN (since 20 January 2009)"
      },
      "head of government": {
        "text": "Governor Lolo Matalasi MOLIGA (since 3 January 2013)"
      },
      "cabinet": {
        "text": "Cabinet consists of 12 department directors appointed by the governor with the consent of the Legislative Assembly"
      },
      "elections/appointments": {
        "text": "president and vice president indirectly elected on the same ballot by an Electoral College of 'electors' chosen from each state to serve a 4-year term (eligible for a second term); under the US Constitution, residents of unincorporated territories, such as American Samoa, do not vote in elections for US president and vice president; however, they may vote in Democratic and Republican presidential primary elections; governor and lieutenant governor directly elected on the same ballot by absolute majority popular vote in 2 rounds if needed for a 4-year term (eligible for a second term); election last held on 8 November 2016 (next to be held in November 2020)"
      },
      "election results": {
        "text": "Lolo Matalasi MOLIGA re-elected governor; percent of vote - Lolo Matalasi MOLIGA (independent) 60.2%, Faoa Aitofele SUNIA (Democratic Party) 35.8%"
      }
    },
    "Legislative branch": {
      "description": {
        "text": "bicameral Fono or Legislative Assembly consists of the Senate (18 seats; members indirectly selected by regional governing councils to serve 4-year terms) and the House of Representatives (21 seats; 20 members directly elected by simple majority vote and 1 decided by public meeting on Swains Island; members serve 2-year terms)"
      },
      "elections": {
        "text": "House of Representatives - last held on 4 November 2014 (next to be held in November 2016); Senate - last held on 6 November 2012 (next to be held in November 2016)"
      },
      "election results": {
        "text": "Senate - percent of vote by party - NA; seats by party - independents 18; House of Representatives - percent of vote by party - NA; seats by party - independents 20"
      },
      "note": {
        "text": "American Samoa elects 1 member by simple majority vote to serve a 2-year term as a delegate to the US House of Representatives; the delegate can vote when serving on a committee and when the House meets as the Committee of the Whole House, but not when legislation is submitted for a “full floor” House vote; election of delegate last held on 4 November 2014 (next to be held on November 2016)"
      }
    },
    "Judicial branch": {
      "highest court(s)": {
        "text": "High Court of American Samoa (consists of the chief justice, associate chief justice, and 6 Samoan associate judges and organized into trial, family, drug, and appellate divisions); note - American Samoa has no US federal courts"
      },
      "judge selection and term of office": {
        "text": "chief justice and associate chief justice appointed by the US Secretary of the Interior to serve for life; Samoan associate judges appointed by the governor to serve for life"
      },
      "subordinate courts": {
        "text": "district and village courts"
      }
    },
    "Political parties and leaders": {
      "text": "Democratic Party [Oreta M. TOGAFAU] ++ Republican Party [Tautai A. F. FAALEVAO]"
    },
    "International organization participation": {
      "text": "AOSIS (observer), Interpol (subbureau), IOC, PIF (observer), SPC"
    },
    "Diplomatic representation in the US": {
      "text": "none (territory of the US)"
    },
    "Diplomatic representation from the US": {
      "text": "none (territory of the US)"
    },
    "Flag description": {
      "text": "blue, with a white triangle edged in red that is based on the fly side and extends to the hoist side; a brown and white American bald eagle flying toward the hoist side is carrying two traditional Samoan symbols of authority, a war club known as a \"fa'alaufa'i\" (upper; left talon), and a coconut fiber fly whisk known as a \"fue\" (lower; right talon); the combination of symbols broadly mimics that seen on the US Great Seal and reflects the relationship between the US and American Samoa"
    },
    "National symbol(s)": {
      "text": "a fue (coconut fiber fly whisk) crossed with a to'oto'o (staff); national colors: red, white, blue"
    },
    "National anthem": {
      "name": {
        "text": "\"Amerika Samoa\" (American Samoa)"
      },
      "lyrics/music": {
        "text": "Mariota Tiumalu TUIASOSOPO/Napoleon Andrew TUITELELEAPAGA"
      },
      "note": {
        "text": "local anthem adopted 1950; as a territory of the United States, \"The Star-Spangled Banner\" is official (see United States)"
      }
    }
  },
  "Economy": {
    "Economy - overview": {
      "text": "American Samoa has a traditional Polynesian economy in which more than 90% of the land is communally owned. Economic activity is strongly linked to the US with which American Samoa conducts most of its commerce. Tuna fishing and tuna processing plants are the backbone of the private sector with canned tuna the primary export. The two tuna canneries accounted for 13.1% of employment in 2013. ++  ++ In late September 2009, an earthquake and the resulting tsunami devastated American Samoa and nearby Samoa, disrupting transportation and power generation, and resulting in about 200 deaths. The US Federal Emergency Management Agency oversaw a relief program of nearly $25 million. Transfers from the US Government add substantially to American Samoa's economic well-being. ++  ++ Attempts by the government to develop a larger and broader economy are restrained by Samoa's remote location, its limited transportation, and its devastating hurricanes. Tourism is a promising developing sector. In 2015, a new fish processing company completed refurbishing the processing facilities left behind by one of the two canneries that closed in 2009 and opened a new cannery. With two operating canneries once again, fish processing and exports will rise in the coming years."
    },
    "GDP (purchasing power parity)": {
      "text": "$711 million (2013 est.) ++ $718 million (2012 est.) ++ $647 million (2012 est.)"
    },
    "GDP (official exchange rate)": {
      "text": "$748.6 million (2005)"
    },
    "GDP - real growth rate": {
      "text": "-2.4% (2013 est.) ++ -2.7% (2012 est.) ++ 0.6% (2012 est.)"
    },
    "GDP - per capita (PPP)": {
      "text": "$13,000 (2013 est.) ++ $13,100 (2012 est.) ++ $11,700 (2011 est.)"
    },
    "GDP - composition, by end use": {
      "household consumption": {
        "text": "54.6%"
      },
      "government consumption": {
        "text": "52.8%"
      },
      "investment in fixed capital": {
        "text": "2.7%"
      },
      "investment in inventories": {
        "text": "2.3%"
      },
      "exports of goods and services": {
        "text": "54.4%"
      },
      "imports of goods and services": {
        "text": "-66.8% (2012)"
      }
    },
    "GDP - composition, by sector of origin": {
      "agriculture": {
        "text": "27.4%"
      },
      "industry": {
        "text": "12.4%"
      },
      "services": {
        "text": "60.2% (2012)"
      }
    },
    "Agriculture - products": {
      "text": "bananas, coconuts, vegetables, taro, breadfruit, yams, copra, pineapples, papayas; dairy products, livestock"
    },
    "Industries": {
      "text": "tuna canneries (largely supplied by foreign fishing vessels), handicrafts"
    },
    "Industrial production growth rate": {
      "text": "NA%"
    },
    "Labor force": {
      "text": "16,090 (2013)"
    },
    "Labor force - by occupation": {
      "agriculture": {
        "text": "NA"
      },
      "industry": {
        "text": "13.1%"
      },
      "services": {
        "text": "86.9% (2013)"
      }
    },
    "Unemployment rate": {
      "text": "29.8% (2005)"
    },
    "Population below poverty line": {
      "text": "NA%"
    },
    "Household income or consumption by percentage share": {
      "lowest 10%": {
        "text": "NA%"
      },
      "highest 10%": {
        "text": "NA%"
      }
    },
    "Budget": {
      "revenues": {
        "text": "$241.2 million"
      },
      "expenditures": {
        "text": "$243.7 million (2013 est.)"
      }
    },
    "Taxes and other revenues": {
      "text": "32.2% of GDP (2013 est.)"
    },
    "Budget surplus (+) or deficit (-)": {
      "text": "-0.3% of GDP (2013 est.)"
    },
    "Fiscal year": {
      "text": "1 October - 30 September"
    },
    "Inflation rate (consumer prices)": {
      "text": "2.1% (2013) ++ 3.5% (2012)"
    },
    "Exports": {
      "text": "$459 million (2013 est.) ++ $489 million (2012)"
    },
    "Exports - commodities": {
      "text": "canned tuna 93%"
    },
    "Exports - partners": {
      "text": "US 100%"
    },
    "Imports": {
      "text": "$564 million (2013 est.) ++ $508 million (2012)"
    },
    "Imports - commodities": {
      "text": "raw materials for canneries, food, petroleum products, machinery and parts"
    },
    "Debt - external": {
      "text": "$NA"
    },
    "Exchange rates": {
      "text": "the US dollar is used"
    }
  },
  "Energy": {
    "Electricity access": {
      "population without electricity": {
        "text": "22,219"
      },
      "electrification - total population": {
        "text": "59%"
      },
      "electrification - urban areas": {
        "text": "60%"
      },
      "electrification - rural areas": {
        "text": "45% (2012)"
      }
    },
    "Electricity - production": {
      "text": "200 million kWh (2014 est.)"
    },
    "Electricity - consumption": {
      "text": "100 million kWh (2014 est.)"
    },
    "Electricity - exports": {
      "text": "0 kWh (2013 est.)"
    },
    "Electricity - imports": {
      "text": "0 kWh (2013 est.)"
    },
    "Electricity - installed generating capacity": {
      "text": "41,000 kW (2014 est.)"
    },
    "Electricity - from fossil fuels": {
      "text": "100% of total installed capacity (2012 est.)"
    },
    "Electricity - from nuclear fuels": {
      "text": "0% of total installed capacity (2012 est.)"
    },
    "Electricity - from hydroelectric plants": {
      "text": "0% of total installed capacity (2012 est.)"
    },
    "Electricity - from other renewable sources": {
      "text": "0% of total installed capacity (2012 est.)"
    },
    "Crude oil - production": {
      "text": "0 bbl/day (2015 est.)"
    },
    "Crude oil - exports": {
      "text": "0 bbl/day (2013 est.)"
    },
    "Crude oil - imports": {
      "text": "0 bbl/day (2013 est.)"
    },
    "Crude oil - proved reserves": {
      "text": "0 bbl (1 January 2016 es)"
    },
    "Refined petroleum products - production": {
      "text": "0 bbl/day (2013 est.)"
    },
    "Refined petroleum products - consumption": {
      "text": "2,375 bbl/day (2014 est.)"
    },
    "Refined petroleum products - exports": {
      "text": "0.09 bbl/day (2013 est.)"
    },
    "Refined petroleum products - imports": {
      "text": "2,346 bbl/day (2013 est.)"
    },
    "Natural gas - production": {
      "text": "0 cu m (2013 est.)"
    },
    "Natural gas - consumption": {
      "text": "0 cu m (2013 est.)"
    },
    "Natural gas - exports": {
      "text": "0 cu m (2013 est.)"
    },
    "Natural gas - imports": {
      "text": "0 cu m (2013 est.)"
    },
    "Natural gas - proved reserves": {
      "text": "0 cu m (1 January 2014 es)"
    },
    "Carbon dioxide emissions from consumption of energy": {
      "text": "600,000 Mt (2013 est.)"
    }
  },
  "Communications": {
    "Telephones - fixed lines": {
      "total subscriptions": {
        "text": "10,000"
      },
      "subscriptions per 100 inhabitants": {
        "text": "18 (July 2015 est.)"
      }
    },
    "Telephone system": {
      "general assessment": {
        "text": "good telex, telegraph, facsimile, and cellular telephone services"
      },
      "domestic": {
        "text": "domestic satellite system with 1 Comsat earth station"
      },
      "international": {
        "text": "country code - 1-684; satellite earth station - 1 (Intelsat-Pacific Ocean)"
      }
    },
    "Broadcast media": {
      "text": "3 TV stations; multi-channel pay TV services are available; about a dozen radio stations, some of which are repeater stations (2009)"
    },
    "Internet country code": {
      "text": ".as"
    },
    "Internet users": {
      "total": {
        "text": "17,000"
      },
      "percent of population": {
        "text": "31.3% (July 2015 est.)"
      }
    }
  },
  "Transportation": {
    "Airports": {
      "text": "3 (2016)"
    },
    "Airports - with paved runways": {
      "total": {
        "text": "3"
      },
      "over 3,047 m": {
        "text": "1"
      },
      "914 to 1,523 m": {
        "text": "1"
      },
      "under 914 m": {
        "text": "1 (2013)"
      }
    },
    "Roadways": {
      "total": {
        "text": "241 km (2008)"
      }
    },
    "Ports and terminals": {
      "major seaport(s)": {
        "text": "Pago Pago"
      }
    }
  },
  "Military and Security": {
    "Military - note": {
      "text": "defense is the responsibility of the US"
    }
  },
  "Transnational Issues": {
    "Disputes - international": {
      "text": "Tokelau included American Samoa's Swains Island (Olosega) in its 2006 draft independence constitution"
    }
  }
}