{
  "Introduction": {
    "Background": {
      "text": "The exact origins of the Nauruans are unclear since their language does not resemble any other in the Pacific region. Germany annexed the island in 1888. A German-British consortium began mining the island's phosphate deposits early in the 20th century. Australian forces occupied Nauru in World War I; it subsequently became a League of Nations mandate. After the Second World War - and a brutal occupation by Japan - Nauru became a UN trust territory. It achieved independence in 1968 and joined the UN in 1999 as the world's smallest independent republic."
    }
  },
  "Geography": {
    "Location": {
      "text": "Oceania, island in the South Pacific Ocean, south of the Marshall Islands"
    },
    "Geographic coordinates": {
      "text": "0 32 S, 166 55 E"
    },
    "Map references": {
      "text": "Oceania"
    },
    "Area": {
      "total": {
        "text": "21 sq km"
      },
      "land": {
        "text": "21 sq km"
      },
      "water": {
        "text": "0 sq km"
      }
    },
    "Area - comparative": {
      "text": "about 0.1 times the size of Washington, DC"
    },
    "Land boundaries": {
      "text": "0 km"
    },
    "Coastline": {
      "text": "30 km"
    },
    "Maritime claims": {
      "territorial sea": {
        "text": "12 nm"
      },
      "contiguous zone": {
        "text": "24 nm"
      },
      "exclusive economic zone": {
        "text": "200 nm"
      }
    },
    "Climate": {
      "text": "tropical with a monsoonal pattern; rainy season (November to February)"
    },
    "Terrain": {
      "text": "sandy beach rises to fertile ring around raised coral reefs with phosphate plateau in center"
    },
    "Elevation": {
      "mean elevation": {
        "text": "NA"
      },
      "elevation extremes": {
        "text": "lowest point: Pacific Ocean 0 m ++ highest point: unnamed elevation along plateau rim 61 m"
      }
    },
    "Natural resources": {
      "text": "phosphates, fish"
    },
    "Land use": {
      "agricultural land": {
        "text": "20% ++ arable land 0%; permanent crops 20%; permanent pasture 0%"
      },
      "forest": {
        "text": "0%"
      },
      "other": {
        "text": "80% (2011 est.)"
      }
    },
    "Irrigated land": {
      "text": "0 sq km (2012)"
    },
    "Natural hazards": {
      "text": "periodic droughts"
    },
    "Environment - current issues": {
      "text": "limited natural freshwater resources, roof storage tanks collect rainwater but mostly dependent on a single, aging desalination plant; a century of intensive phosphate mining beginning in 1906 - mainly by a UK, Australia, and NZ consortium - left the central 90% of Nauru a wasteland and threatens limited remaining land resources"
    },
    "Environment - international agreements": {
      "party to": {
        "text": "Biodiversity, Climate Change, Climate Change-Kyoto Protocol, Desertification, Hazardous Wastes, Law of the Sea, Marine Dumping, Ozone Layer Protection, Whaling"
      },
      "signed, but not ratified": {
        "text": "none of the selected agreements"
      }
    },
    "Geography - note": {
      "text": "world's smallest island country; situated just 53 km south of the Equator; Nauru is one of the three great phosphate rock islands in the Pacific Ocean - the others are Banaba (Ocean Island) in Kiribati and Makatea in French Polynesia"
    }
  },
  "People and Society": {
    "Population": {
      "text": "9,591 (July 2016 est.)"
    },
    "Nationality": {
      "noun": {
        "text": "Nauruan(s)"
      },
      "adjective": {
        "text": "Nauruan"
      }
    },
    "Ethnic groups": {
      "text": "Nauruan 58%, other Pacific Islander 26%, Chinese 8%, European 8%"
    },
    "Languages": {
      "text": "Nauruan 93% (official, a distinct Pacific Island language), English 2% (widely understood, spoken, and used for most government and commercial purposes), other 5% (includes I-Kiribati 2% and Chinese 2%)",
      "note": {
        "text": "percentages represent main language spoken at home; Nauruan is spoken by 95% of the population, English by 66%, and other languages by 12% (2011 est.)"
      }
    },
    "Religions": {
      "text": "Protestant 60.4% (includes Nauru Congregational 35.7%, Assembly of God 13%, Nauru Independent Church 9.5%, Baptist 1.5%, and Seventh Day Adventist 0.7%), Roman Catholic 33%, other 3.7%, none 1.8%, unspecified 1.1% (2011 est.)"
    },
    "Age structure": {
      "0-14 years": {
        "text": "31.93% (male 1,336/female 1,726)"
      },
      "15-24 years": {
        "text": "16.09% (male 779/female 764)"
      },
      "25-54 years": {
        "text": "43.33% (male 2,085/female 2,071)"
      },
      "55-64 years": {
        "text": "6.29% (male 236/female 367)"
      },
      "65 years and over": {
        "text": "2.37% (male 89/female 138) (2016 est.)"
      }
    },
    "Median age": {
      "total": {
        "text": "26.1 years"
      },
      "male": {
        "text": "26.5 years"
      },
      "female": {
        "text": "25.5 years (2016 est.)"
      }
    },
    "Population growth rate": {
      "text": "0.52% (2016 est.)"
    },
    "Birth rate": {
      "text": "24.4 births/1,000 population (2016 est.)"
    },
    "Death rate": {
      "text": "5.9 deaths/1,000 population (2016 est.)"
    },
    "Net migration rate": {
      "text": "-13.2 migrant(s)/1,000 population (2016 est.)"
    },
    "Urbanization": {
      "urban population": {
        "text": "100% of total population (2015)"
      },
      "rate of urbanization": {
        "text": "0.19% annual rate of change (2010-15 est.)"
      }
    },
    "Sex ratio": {
      "at birth": {
        "text": "0.83 male(s)/female"
      },
      "0-14 years": {
        "text": "0.77 male(s)/female"
      },
      "15-24 years": {
        "text": "1.02 male(s)/female"
      },
      "25-54 years": {
        "text": "1.01 male(s)/female"
      },
      "55-64 years": {
        "text": "0.64 male(s)/female"
      },
      "65 years and over": {
        "text": "0.63 male(s)/female"
      },
      "total population": {
        "text": "0.89 male(s)/female (2016 est.)"
      }
    },
    "Mother's mean age at first birth": {
      "text": "22.1",
      "note": {
        "text": "median age at first birth among women 25-29 (2007 est.)"
      }
    },
    "Infant mortality rate": {
      "total": {
        "text": "7.9 deaths/1,000 live births"
      },
      "male": {
        "text": "10.2 deaths/1,000 live births"
      },
      "female": {
        "text": "6.1 deaths/1,000 live births (2016 est.)"
      }
    },
    "Life expectancy at birth": {
      "total population": {
        "text": "67.1 years"
      },
      "male": {
        "text": "63 years"
      },
      "female": {
        "text": "70.5 years (2016 est.)"
      }
    },
    "Total fertility rate": {
      "text": "2.84 children born/woman (2016 est.)"
    },
    "Contraceptive prevalence rate": {
      "text": "35.6% (2007)"
    },
    "Health expenditures": {
      "text": "3.3% of GDP (2014)"
    },
    "Physicians density": {
      "text": "0.71 physicians/1,000 population (2010)"
    },
    "Hospital bed density": {
      "text": "5 beds/1,000 population (2010)"
    },
    "Drinking water source": {
      "improved": {
        "text": " ++ urban: 96.5% of population ++ total: 96.5% of population"
      },
      "unimproved": {
        "text": " ++ urban: 3.5% of population ++ total: 3.5% of population (2015 est.)"
      }
    },
    "Sanitation facility access": {
      "improved": {
        "text": " ++ urban: 65.6% of population ++ total: 65.6% of population"
      },
      "unimproved": {
        "text": " ++ urban: 34.4% of population ++ total: 34.4% of population (2015 est.)"
      }
    },
    "HIV/AIDS - adult prevalence rate": {
      "text": "NA"
    },
    "HIV/AIDS - people living with HIV/AIDS": {
      "text": "NA"
    },
    "HIV/AIDS - deaths": {
      "text": "NA"
    },
    "Obesity - adult prevalence rate": {
      "text": "45.1% (2014)"
    },
    "Children under the age of 5 years underweight": {
      "text": "4.8% (2007)"
    },
    "Education expenditures": {
      "text": "NA"
    },
    "School life expectancy (primary to tertiary education)": {
      "total": {
        "text": "9 years"
      },
      "male": {
        "text": "9 years"
      },
      "female": {
        "text": "10 years (2008)"
      }
    }
  },
  "Government": {
    "Country name": {
      "conventional long form": {
        "text": "Republic of Nauru"
      },
      "conventional short form": {
        "text": "Nauru"
      },
      "local long form": {
        "text": "Republic of Nauru"
      },
      "local short form": {
        "text": "Nauru"
      },
      "former": {
        "text": "Pleasant Island"
      },
      "etymology": {
        "text": "the island name may derive from the Nauruan word \"anaoero\" meaning \"I go to the beach\""
      }
    },
    "Government type": {
      "text": "parliamentary republic"
    },
    "Capital": {
      "text": "no official capital; government offices in Yaren District",
      "time difference": {
        "text": "UTC+12 (17 hours ahead of Washington, DC, during Standard Time)"
      }
    },
    "Administrative divisions": {
      "text": "14 districts; Aiwo, Anabar, Anetan, Anibare, Baiti, Boe, Buada, Denigomodu, Ewa, Ijuw, Meneng, Nibok, Uaboe, Yaren"
    },
    "Independence": {
      "text": "31 January 1968 (from the Australia-, NZ-, and UK-administered UN trusteeship)"
    },
    "National holiday": {
      "text": "Independence Day, 31 January (1968)"
    },
    "Constitution": {
      "text": "effective 29 January 1968; amended 1968, 2009, 2014 (2016)"
    },
    "Legal system": {
      "text": "mixed legal system of common law based on the English model and customary law"
    },
    "International law organization participation": {
      "text": "has not submitted an ICJ jurisdiction declaration; accepts ICCt jurisdiction"
    },
    "Suffrage": {
      "text": "20 years of age; universal and compulsory"
    },
    "Executive branch": {
      "chief of state": {
        "text": "President Baron WAQA (since 11 June 2013); note - the president is both chief of state and head of government"
      },
      "head of government": {
        "text": "President Baron WAQA (since 11 June 2013)"
      },
      "cabinet": {
        "text": "Cabinet appointed by the president from among members of Parliament"
      },
      "elections/appointments": {
        "text": "president indirectly elected by Parliament for a 3-year renewable term; election last held on 11 June 2013 (next to be held in 2016)"
      },
      "election results": {
        "text": "Baron WAQA reelected president on 11 June 2013; Parliament vote - Baron WAQA (independent) 13, Roland KUN (Nauru First)  5"
      }
    },
    "Legislative branch": {
      "description": {
        "text": "unicameral parliament (19 seats; members directly elected in multi-seat constituencies by majority vote; members serve 3-year terms)"
      },
      "elections": {
        "text": "last held on 9 July 2016 (next to be held in 2019)"
      },
      "election results": {
        "text": "percent of vote - NA; seats - independent 19"
      }
    },
    "Judicial branch": {
      "highest court(s)": {
        "text": "Supreme Court (consists of a chief justice and 1 judge)"
      },
      "judge selection and term of office": {
        "text": "judges appointed by the president to serve until age 65"
      },
      "subordinate courts": {
        "text": "District Court, Family Court"
      }
    },
    "Political parties and leaders": {
      "text": "Democratic Party [Kennan ADEANG] ++ Nauru First (Naoero Amo) Party ++ Nauru Party (informal)",
      "note": {
        "text": "loose multiparty system"
      }
    },
    "Political pressure groups and leaders": {
      "text": "Woman Information and News Agency (women's issues)"
    },
    "International organization participation": {
      "text": "ACP, ADB, AOSIS, C, FAO, G-77, ICAO, ICCt, IFAD, Interpol, IOC, IOM, ITU, OPCW, PIF, Sparteca, SPC, UN, UNCTAD, UNESCO, UPU, WHO"
    },
    "Diplomatic representation in the US": {
      "chief of mission": {
        "text": "Ambassador Marlene Inemwin MOSES (since 10 February 2006)"
      },
      "chancery": {
        "text": "800 2nd Avenue, Suite 400 D, New York, NY 10017"
      },
      "telephone": {
        "text": "[1] (212) 937-0074"
      },
      "FAX": {
        "text": "[1] (212) 937-0079"
      }
    },
    "Diplomatic representation from the US": {
      "text": "the US does not have an embassy in Nauru; the US Ambassador to Fiji is accredited to Nauru"
    },
    "Flag description": {
      "text": "blue with a narrow, horizontal, yellow stripe across the center and a large white 12-pointed star below the stripe on the hoist side; blue stands for the Pacific Ocean, the star indicates the country's location in relation to the Equator (the yellow stripe) and the 12 points symbolize the 12 original tribes of Nauru"
    },
    "National symbol(s)": {
      "text": "frigatebird, calophyllum flower; national colors: blue, yellow, white"
    },
    "National anthem": {
      "name": {
        "text": "\"Nauru Bwiema\" (Song of Nauru)"
      },
      "lyrics/music": {
        "text": "Margaret HENDRIE/Laurence Henry HICKS"
      },
      "note": {
        "text": "adopted 1968"
      }
    }
  },
  "Economy": {
    "Economy - overview": {
      "text": "Revenues of this tiny island - a coral atoll with a land area of 21 square kilometers - traditionally have come from exports of phosphates. Few other resources exist, with most necessities being imported, mainly from Australia, its former occupier and later major source of support. Primary reserves of phosphates were exhausted and mining ceased in 2006, but mining of a deeper layer of \"secondary phosphate\" in the interior of the island began the following year. The secondary phosphate deposits may last another 30 years. Earnings from Nauru’s export of phosphate remains an important source of income. Few comprehensive statistics on the Nauru economy exist; estimates of Nauru's GDP vary widely. ++  ++ The rehabilitation of mined land and the replacement of income from phosphates are serious long-term problems. In anticipation of the exhaustion of Nauru's phosphate deposits, substantial amounts of phosphate income were invested in trust funds to help cushion the transition and provide for Nauru's economic future. ++  ++ Although revenue sources for government are limited, the opening of the Australian Regional Processing Center for asylum seekers since 2012 has sparked growth in the economy. Revenue derived from fishing licenses under the \"vessel day scheme\" has also boosted government income. Housing, hospitals, and other capital plant are deteriorating. The cost to Australia of keeping the government and economy afloat continues to climb."
    },
    "GDP (purchasing power parity)": {
      "text": "$150.8 million (2015 est.) ++ $139.7 million (2014 est.) ++ $127 million (2013 est.)"
    },
    "GDP (official exchange rate)": {
      "text": "$150.8 million (2015 est.)"
    },
    "GDP - real growth rate": {
      "text": "8% (2015 est.) ++ 10% (2014 est.) ++ 4.5% (2013 est.)"
    },
    "GDP - per capita (PPP)": {
      "text": "$14,800 (2015 est.) ++ $13,700 (2014 est.) ++ $12,500 (2013 est.)",
      "note": {
        "text": "data are in 2015 US dollars"
      }
    },
    "GDP - composition, by sector of origin": {
      "agriculture": {
        "text": "6.1%"
      },
      "industry": {
        "text": "33%"
      },
      "services": {
        "text": "60.8% (2009 est.)"
      }
    },
    "Agriculture - products": {
      "text": "coconuts"
    },
    "Industries": {
      "text": "phosphate mining, offshore banking, coconut products"
    },
    "Industrial production growth rate": {
      "text": "NA%"
    },
    "Labor force": {
      "text": "NA"
    },
    "Labor force - by occupation": {
      "note": {
        "text": "most of the labor force is employed in phosphate mining, public administration, education, and transportation"
      }
    },
    "Unemployment rate": {
      "text": "23% (2011 est.) ++ 90% (2004 est.)"
    },
    "Population below poverty line": {
      "text": "NA%"
    },
    "Household income or consumption by percentage share": {
      "lowest 10%": {
        "text": "NA%"
      },
      "highest 10%": {
        "text": "NA%"
      }
    },
    "Budget": {
      "revenues": {
        "text": "$57.8 million"
      },
      "expenditures": {
        "text": "$51.8 million (2010 est.)"
      }
    },
    "Fiscal year": {
      "text": "1 July - 30 June"
    },
    "Inflation rate (consumer prices)": {
      "text": "8% (2015 est.) ++ 5% (2015 est.)"
    },
    "Exports": {
      "text": "$125 million (2013 est.) ++ $110.3 million (2012 est.)"
    },
    "Exports - commodities": {
      "text": "phosphates"
    },
    "Imports": {
      "text": "$143.1 million (2013 est.) ++ $41.2 million (2012 est.)"
    },
    "Imports - commodities": {
      "text": "food, fuel, manufactures, building materials, machinery"
    },
    "Debt - external": {
      "text": "$33.3 million (2004 est.)"
    },
    "Exchange rates": {
      "text": "Australian dollars (AUD) per US dollar - ++ 1.3291 (2015 est.) ++ 1.1078 (2014 est.) ++ 1.0358 (2013 est.) ++ 0.97 (2012 est.) ++ 0.9695 (2011 est.)"
    }
  },
  "Energy": {
    "Electricity - production": {
      "text": "25 million kWh (2014 est.)"
    },
    "Electricity - consumption": {
      "text": "23.25 million kWh (2014 est.)"
    },
    "Electricity - exports": {
      "text": "0 kWh (2013 est.)"
    },
    "Electricity - imports": {
      "text": "0 kWh (2013 est.)"
    },
    "Electricity - installed generating capacity": {
      "text": "5,000 kW (2014 est.)"
    },
    "Electricity - from fossil fuels": {
      "text": "100% of total installed capacity (2012 est.)"
    },
    "Electricity - from nuclear fuels": {
      "text": "0% of total installed capacity (2012 est.)"
    },
    "Electricity - from hydroelectric plants": {
      "text": "0% of total installed capacity (2012 est.)"
    },
    "Electricity - from other renewable sources": {
      "text": "0% of total installed capacity (2012 est.)"
    },
    "Crude oil - production": {
      "text": "0 bbl/day (2015 est.)"
    },
    "Crude oil - exports": {
      "text": "0 bbl/day (2013 est.)"
    },
    "Crude oil - imports": {
      "text": "0 bbl/day (2013 est.)"
    },
    "Crude oil - proved reserves": {
      "text": "0 bbl (1 January 2016 es)"
    },
    "Refined petroleum products - production": {
      "text": "0 bbl/day (2013 est.)"
    },
    "Refined petroleum products - consumption": {
      "text": "400 bbl/day (2014 est.)"
    },
    "Refined petroleum products - exports": {
      "text": "0 bbl/day (2013 est.)"
    },
    "Refined petroleum products - imports": {
      "text": "394.8 bbl/day (2013 est.)"
    },
    "Natural gas - production": {
      "text": "0 cu m (2013 est.)"
    },
    "Natural gas - consumption": {
      "text": "0 cu m (2013 est.)"
    },
    "Natural gas - exports": {
      "text": "0 cu m (2013 est.)"
    },
    "Natural gas - imports": {
      "text": "0 cu m (2013 est.)"
    },
    "Natural gas - proved reserves": {
      "text": "0 cu m (1 January 2014 es)"
    },
    "Carbon dioxide emissions from consumption of energy": {
      "text": "200,000 Mt (2013 est.)"
    }
  },
  "Communications": {
    "Telephones - fixed lines": {
      "total subscriptions": {
        "text": "1,900"
      },
      "subscriptions per 100 inhabitants": {
        "text": "14 (July 2009 est.)"
      }
    },
    "Telephones - mobile cellular": {
      "total": {
        "text": "6,800"
      },
      "subscriptions per 100 inhabitants": {
        "text": "73 (July 2012 est.)"
      }
    },
    "Telephone system": {
      "general assessment": {
        "text": "adequate local and international radiotelephone communication provided via Australian facilities"
      },
      "international": {
        "text": "country code - 674; satellite earth station - 1 Intelsat (Pacific Ocean)"
      }
    },
    "Broadcast media": {
      "text": "1 government-owned TV station broadcasting programs from New Zealand sent via satellite or on videotape; 1 government-owned radio station, broadcasting on AM and FM, utilizes Australian and British programs (2009)"
    },
    "Internet country code": {
      "text": ".nr"
    },
    "Internet users": {
      "total": {
        "text": "5,100"
      },
      "percent of population": {
        "text": "53.5% (July 2015 est.)"
      }
    }
  },
  "Transportation": {
    "National air transport system": {
      "number of registered air carriers": {
        "text": "1"
      },
      "inventory of registered aircraft operated by air carriers": {
        "text": "5"
      },
      "annual passenger traffic on registered air carriers": {
        "text": "38,858"
      },
      "annual freight traffic on registered air carriers": {
        "text": "7,793,474 mt-km (2015)"
      }
    },
    "Civil aircraft registration country code prefix": {
      "text": "C2 (2016)"
    },
    "Airports": {
      "text": "1 (2013)"
    },
    "Airports - with paved runways": {
      "total": {
        "text": "1"
      },
      "1,524 to 2,437 m": {
        "text": "1 (2013)"
      }
    },
    "Roadways": {
      "total": {
        "text": "30 km"
      },
      "paved": {
        "text": "24 km"
      },
      "unpaved": {
        "text": "6 km (2002)"
      }
    },
    "Ports and terminals": {
      "major seaport(s)": {
        "text": "Nauru"
      }
    }
  },
  "Military and Security": {
    "Military branches": {
      "text": "no regular military forces (2012)"
    },
    "Military - note": {
      "text": "Nauru maintains no defense forces; under an informal agreement, defense is the responsibility of Australia"
    }
  },
  "Transnational Issues": {
    "Disputes - international": {
      "text": "none"
    }
  }
}