{
  "Introduction": {
    "Background": {
      "text": "Muslim conversions and settlement in the region now referred to as Bangladesh began in the 10th century, primarily from Arab and Persian traders and preachers. Europeans established trading posts in the area in the 16th century. Eventually the area known as Bengal, primarily Hindu in the western section and mostly Muslim in the eastern half, became part of British India. Partition in 1947 resulted in an eastern wing of Pakistan in the Muslim-majority area, which became East Pakistan. Calls for greater autonomy and animosity between the eastern and western wings of Pakistan led to a Bengali independence movement. That movement, led by the Awami League (AL) and supported by India, won the independence war for Bangladesh in 1971, during which at least 300,000 civilians died. ++ The post-independence AL government faced daunting challenges and in 1975 was overthrown by the military, triggering a series of military coups that resulted in a military-backed government and subsequent creation of the Bangladesh Nationalist Party (BNP) in 1978. That government also ended in a coup in 1981, followed by military-backed rule until democratic elections occurred in 1991. The BNP and AL alternated in power between 1991 and 2013, with the exception of a military-backed, emergency caretaker regime that suspended parliamentary elections planned for January 2007 in an effort to reform the political system and root out corruption. That government returned the country to fully democratic rule in December 2008 with the election of the AL and Prime Minister Sheikh HASINA. In January 2014, the incumbent AL won the national election by an overwhelming majority after the BNP boycotted, extending HASINA's term as prime minister. With the help of international development assistance, Bangladesh has reduced the poverty rate from over half of the population to less than a third, achieved Millennium Development Goals for maternal and child health, and made great progress in food security since independence. The economy has grown at an annual average of about 6% over the last two decades and the country reached World Bank lower-middle income status in 2015."
    }
  },
  "Geography": {
    "Location": {
      "text": "Southern Asia, bordering the Bay of Bengal, between Burma and India"
    },
    "Geographic coordinates": {
      "text": "24 00 N, 90 00 E"
    },
    "Map references": {
      "text": "Asia"
    },
    "Area": {
      "total": {
        "text": "148,460 sq km"
      },
      "land": {
        "text": "130,170 sq km"
      },
      "water": {
        "text": "18,290 sq km"
      }
    },
    "Area - comparative": {
      "text": "slightly smaller than Iowa"
    },
    "Land boundaries": {
      "total": {
        "text": "4,413 km"
      },
      "border countries": {
        "text": "Burma 271 km, India 4,142 km"
      }
    },
    "Coastline": {
      "text": "580 km"
    },
    "Maritime claims": {
      "territorial sea": {
        "text": "12 nm"
      },
      "contiguous zone": {
        "text": "18 nm"
      },
      "exclusive economic zone": {
        "text": "200 nm"
      },
      "continental shelf": {
        "text": "to the outer limits of the continental margin"
      }
    },
    "Climate": {
      "text": "tropical; mild winter (October to March); hot, humid summer (March to June); humid, warm rainy monsoon (June to October)"
    },
    "Terrain": {
      "text": "mostly flat alluvial plain; hilly in southeast"
    },
    "Elevation": {
      "mean elevation": {
        "text": "85 m"
      },
      "elevation extremes": {
        "text": "lowest point: Indian Ocean 0 m ++ highest point: Keokradong 1,230 m"
      }
    },
    "Natural resources": {
      "text": "natural gas, arable land, timber, coal"
    },
    "Land use": {
      "agricultural land": {
        "text": "70.1% ++ arable land 59%; permanent crops 6.5%; permanent pasture 4.6%"
      },
      "forest": {
        "text": "11.1%"
      },
      "other": {
        "text": "18.8% (2011 est.)"
      }
    },
    "Irrigated land": {
      "text": "53,000 sq km (2012)"
    },
    "Natural hazards": {
      "text": "droughts; cyclones; much of the country routinely inundated during the summer monsoon season"
    },
    "Environment - current issues": {
      "text": "many people are landless and forced to live on and cultivate flood-prone land; waterborne diseases prevalent in surface water; water pollution, especially of fishing areas, results from the use of commercial pesticides; ground water contaminated by naturally occurring arsenic; intermittent water shortages because of falling water tables in the northern and central parts of the country; soil degradation and erosion; deforestation; severe overpopulation"
    },
    "Environment - international agreements": {
      "party to": {
        "text": "Biodiversity, Climate Change, Climate Change-Kyoto Protocol, Desertification, Endangered Species, Environmental Modification, Hazardous Wastes, Law of the Sea, Ozone Layer Protection, Ship Pollution, Wetlands"
      },
      "signed, but not ratified": {
        "text": "none of the selected agreements"
      }
    },
    "Geography - note": {
      "text": "most of the country is situated on deltas of large rivers flowing from the Himalayas: the Ganges unites with the Jamuna (main channel of the Brahmaputra) and later joins the Meghna to eventually empty into the Bay of Bengal"
    }
  },
  "People and Society": {
    "Population": {
      "text": "156,186,882 (July 2016 est.)"
    },
    "Nationality": {
      "noun": {
        "text": "Bangladeshi(s)"
      },
      "adjective": {
        "text": "Bangladeshi"
      }
    },
    "Ethnic groups": {
      "text": "Bengali at least 98%, ethnic groups 1.1%",
      "note": {
        "text": "Bangladesh's government recognizes 27 ethnic groups under the 2010 Cultural Institution for Small Anthropological Groups Act; other sources estimate there are about 75 ethnic groups; critics of the 2011 census claim that it underestimates the size of Bangladesh's ethnic population (2011 est.)"
      }
    },
    "Languages": {
      "text": "Bangla 98.8% (official, also known as Bengali), other 1.2% (2011 est.)"
    },
    "Religions": {
      "text": "Muslim 89.1%, Hindu 10%, other 0.9% (includes Buddhist, Christian) (2013 est.)"
    },
    "Age structure": {
      "0-14 years": {
        "text": "28.27% (male 22,456,564/female 21,695,491)"
      },
      "15-24 years": {
        "text": "19.53% (male 15,261,363/female 15,247,635)"
      },
      "25-54 years": {
        "text": "39.39% (male 29,565,250/female 31,951,537)"
      },
      "55-64 years": {
        "text": "6.77% (male 5,232,828/female 5,342,822)"
      },
      "65 years and over": {
        "text": "6.04% (male 4,493,557/female 4,939,835) (2016 est.)"
      }
    },
    "Dependency ratios": {
      "total dependency ratio": {
        "text": "52.5%"
      },
      "youth dependency ratio": {
        "text": "44.9%"
      },
      "elderly dependency ratio": {
        "text": "7.6%"
      },
      "potential support ratio": {
        "text": "13.2% (2015 est.)"
      }
    },
    "Median age": {
      "total": {
        "text": "26.3 years"
      },
      "male": {
        "text": "25.6 years"
      },
      "female": {
        "text": "26.9 years (2016 est.)"
      }
    },
    "Population growth rate": {
      "text": "1.05% (2016 est.)"
    },
    "Birth rate": {
      "text": "19 births/1,000 population (2016 est.)"
    },
    "Death rate": {
      "text": "5.3 deaths/1,000 population (2016 est.)"
    },
    "Net migration rate": {
      "text": "-3.1 migrant(s)/1,000 population (2016 est.)"
    },
    "Urbanization": {
      "urban population": {
        "text": "34.3% of total population (2015)"
      },
      "rate of urbanization": {
        "text": "3.55% annual rate of change (2010-15 est.)"
      }
    },
    "Major urban areas - population": {
      "text": "DHAKA (capital) 17.598 million; Chittagong 4.539 million; Khulna 1.022 million; Rajshahi 844,000 (2015)"
    },
    "Sex ratio": {
      "at birth": {
        "text": "1.04 male(s)/female"
      },
      "0-14 years": {
        "text": "1.04 male(s)/female"
      },
      "15-24 years": {
        "text": "1 male(s)/female"
      },
      "25-54 years": {
        "text": "0.93 male(s)/female"
      },
      "55-64 years": {
        "text": "0.98 male(s)/female"
      },
      "65 years and over": {
        "text": "0.97 male(s)/female"
      },
      "total population": {
        "text": "0.97 male(s)/female (2016 est.)"
      }
    },
    "Mother's mean age at first birth": {
      "text": "18.5",
      "note": {
        "text": "median age at first birth among women 25-29 (2014 est.)"
      }
    },
    "Maternal mortality rate": {
      "text": "176 deaths/100,000 live births (2015 est.)"
    },
    "Infant mortality rate": {
      "total": {
        "text": "32.9 deaths/1,000 live births"
      },
      "male": {
        "text": "35.2 deaths/1,000 live births"
      },
      "female": {
        "text": "30.4 deaths/1,000 live births (2016 est.)"
      }
    },
    "Life expectancy at birth": {
      "total population": {
        "text": "73.2 years"
      },
      "male": {
        "text": "71 years"
      },
      "female": {
        "text": "75.4 years (2016 est.)"
      }
    },
    "Total fertility rate": {
      "text": "2.19 children born/woman (2016 est.)"
    },
    "Contraceptive prevalence rate": {
      "text": "61.2% (2011)"
    },
    "Health expenditures": {
      "text": "2.8% of GDP (2014)"
    },
    "Physicians density": {
      "text": "0.36 physicians/1,000 population (2011)"
    },
    "Hospital bed density": {
      "text": "0.6 beds/1,000 population (2011)"
    },
    "Drinking water source": {
      "improved": {
        "text": " ++ urban: 86.5% of population ++ rural: 87% of population ++ total: 86.9% of population"
      },
      "unimproved": {
        "text": " ++ urban: 13.5% of population ++ rural: 13% of population ++ total: 13.1% of population (2015 est.)"
      }
    },
    "Sanitation facility access": {
      "improved": {
        "text": " ++ urban: 57.7% of population ++ rural: 62.1% of population ++ total: 60.6% of population"
      },
      "unimproved": {
        "text": " ++ urban: 42.3% of population ++ rural: 37.9% of population ++ total: 39.4% of population (2015 est.)"
      }
    },
    "HIV/AIDS - adult prevalence rate": {
      "text": "0.01% (2015 est.)"
    },
    "HIV/AIDS - people living with HIV/AIDS": {
      "text": "9,600 (2015 est.)"
    },
    "HIV/AIDS - deaths": {
      "text": "900 (2015 est.)"
    },
    "Major infectious diseases": {
      "degree of risk": {
        "text": "high"
      },
      "food or waterborne diseases": {
        "text": "bacterial and protozoal diarrhea, hepatitis A and E, and typhoid fever"
      },
      "vectorborne diseases": {
        "text": "dengue fever and malaria are high risks in some locations"
      },
      "water contact disease": {
        "text": "leptospirosis"
      },
      "animal contact disease": {
        "text": "rabies (2016)"
      }
    },
    "Obesity - adult prevalence rate": {
      "text": "3.3% (2014)"
    },
    "Children under the age of 5 years underweight": {
      "text": "32.6% (2014)"
    },
    "Education expenditures": {
      "text": "2% of GDP (2013)"
    },
    "Literacy": {
      "definition": {
        "text": "age 15 and over can read and write"
      },
      "total population": {
        "text": "61.5%"
      },
      "male": {
        "text": "64.6%"
      },
      "female": {
        "text": "58.5% (2015 est.)"
      }
    },
    "School life expectancy (primary to tertiary education)": {
      "total": {
        "text": "10 years"
      },
      "male": {
        "text": "10 years"
      },
      "female": {
        "text": "10 years (2011)"
      }
    },
    "Child labor - children ages 5-14": {
      "total number": {
        "text": "4,485,497"
      },
      "percentage": {
        "text": "13% (2006 est.)"
      }
    },
    "Unemployment, youth ages 15-24": {
      "total": {
        "text": "8.7%"
      },
      "male": {
        "text": "8.3%"
      },
      "female": {
        "text": "9.2% (2010 est.)"
      }
    }
  },
  "Government": {
    "Country name": {
      "conventional long form": {
        "text": "People's Republic of Bangladesh"
      },
      "conventional short form": {
        "text": "Bangladesh"
      },
      "local long form": {
        "text": "Gana Prajatantri Bangladesh"
      },
      "local short form": {
        "text": "Bangladesh"
      },
      "former": {
        "text": "East Bengal, East Pakistan"
      },
      "etymology": {
        "text": "the name - a compound of the Bengali words \"Bangla\" (Bengal) and \"desh\" (country) - means \"Country of Bengal\""
      }
    },
    "Government type": {
      "text": "parliamentary republic"
    },
    "Capital": {
      "name": {
        "text": "Dhaka"
      },
      "geographic coordinates": {
        "text": "23 43 N, 90 24 E"
      },
      "time difference": {
        "text": "UTC+6 (11 hours ahead of Washington, DC, during Standard Time)"
      }
    },
    "Administrative divisions": {
      "text": "8 divisions; Barisal, Chittagong, Dhaka, Khulna, Mymensingh, Rajshahi, Rangpur, Sylhet"
    },
    "Independence": {
      "text": "16 December 1971 (from West Pakistan)"
    },
    "National holiday": {
      "text": "Independence Day, 26 March (1971); Victory Day, 16 December (1971); note - 26 March 1971 is the date of the Awami League's declaration of an independent Bangladesh, and 16 December, known as Victory Day, memorializes the military victory over Pakistan and the official creation of the state of Bangladesh"
    },
    "Constitution": {
      "text": "previous 1935, 1956, 1962 (preindependence); latest enacted 4 November 1972, effective 16 December 1972, suspended March 1982, restored November 1986; amended many times, last in 2014 (2016)"
    },
    "Legal system": {
      "text": "mixed legal system of mostly English common law and Islamic law"
    },
    "International law organization participation": {
      "text": "has not submitted an ICJ jurisdiction declaration; accepts ICCt jurisdiction"
    },
    "Citizenship": {
      "citizenship by birth": {
        "text": "no"
      },
      "citizenship by descent only": {
        "text": "at least one parent must be a citizen of Bangladesh"
      },
      "dual citizenship recognized": {
        "text": "yes, but limited to select countries"
      },
      "residency requirement for naturalization": {
        "text": "5 years"
      }
    },
    "Suffrage": {
      "text": "18 years of age; universal"
    },
    "Executive branch": {
      "chief of state": {
        "text": "President Abdul HAMID (since 24 April 2013); note - Abdul HAMID served as acting president following the death of Zillur RAHMAN in March 2013; HAMID was subsequently indirectly elected by the National Parliament and sworn in 24 April 2013"
      },
      "head of government": {
        "text": "Prime Minister Sheikh HASINA (since 6 January 2009)"
      },
      "cabinet": {
        "text": "Cabinet selected by the prime minister, appointed by the president"
      },
      "elections/appointments": {
        "text": "president indirectly elected by the National Parliament for a 5-year term (eligible for a second term); election last held on 22 April 2013 (next to be held by 2018); the president appoints as prime minister the majority party leader in the National Parliament"
      },
      "election results": {
        "text": "President Abdul HAMID (AL) elected by the National Parliament unopposed; Sheikh HASINA reappointed prime minister as leader of the majority AL party"
      }
    },
    "Legislative branch": {
      "description": {
        "text": "unicameral House of the Nation or Jatiya Sangsad (350 seats; 300 members in single-seat territorial constituencies directly elected by simple majority popular vote; 50 members - reserved for women only - indirectly elected by the elected members by proportional representation vote using the single transferable vote method; all members serve 5-year terms)"
      },
      "elections": {
        "text": "last held on 5 January 2014 (next to be held by January 2019); note - the 5 January 2014 poll was marred by widespread violence, boycotts, general strikes, and low voter turnout"
      },
      "election results": {
        "text": "percent of vote by party - AL-led Alliance 79%, JP (Ershad) 11.3%, WP 2.1%, JSD 1.8%, other parties 1.0%, independent 4.8%; seats by party - AL 234, JP 34, WP 6, JSD 5, other 5, independent 15; 1 seat repolled"
      }
    },
    "Judicial branch": {
      "highest court(s)": {
        "text": "Supreme Court of Bangladesh (organized into the Appellate Division with 7 justices and the High Court Division with 99 justices)"
      },
      "judge selection and term of office": {
        "text": "chief justice and justices appointed by the president; justices serve until retirement at age 67"
      },
      "subordinate courts": {
        "text": "subordinate courts: civil courts include: Assistant Judge's Court; Joint District Judge's Court; Additional District Judge's Court; District Judge's Court; criminal courts include: Court of Sessions; Court of Metropolitan Sessions; Metropolitan Magistrate Courts; Magistrate Court; special courts/tribunals"
      }
    },
    "Political parties and leaders": {
      "text": "Awami League or AL [Sheikh HASINA] ++ Bangladesh Nationalist Front or BNF [Abdul Kalam AZADI] ++ Bangladesh Nationalist Party or BNP [Khaleda ZIA] ++ Bangladesh Tariqat Federation or BTF [Syed Nozibul Bashar MAIZBHANDARI] ++ Jatiya Party or JP (Ershad faction) [Hussain Mohammad ERSHAD] ++ Jatiya Party or JP (Manju faction) [Anwar Hossain MANJU] ++ Liberal Democratic Party or LDP [Oli AHMED] ++ National Socialist Party or JSD [KHALEQUZZAMAN] ++ Workers Party or WP [Rashed Khan MENON]"
    },
    "Political pressure groups and leaders": {
      "text": "Ain o Salish Kendro (Centre for Law and Mediation) or ASK (legal aid and civil rights) ++ Bangladesh Center for Worker Solidarity ++ Bangladesh Rural Advancement Committee or BRAC ++ Federation of Bangladesh Chambers of Commerce and Industry ++ Ministry of Women's and Children's Affairs or MoWCA (advocacy group to end gender-based violence) ++ Odikhar (human rights group)",
      "other": {
        "text": "associations of madrassa teachers; business associations, including those intended to promote international trade; development and advocacy NGOs associated with the Grameen Bank; environmentalists; Islamist groups; labor rights advocacy groups; NGOs focused on poverty alleviation, and international trade; religious leaders; tribal groups and advocacy organizations; union leaders"
      }
    },
    "International organization participation": {
      "text": "ADB, ARF, BIMSTEC, C, CD, CICA (observer), CP, D-8, FAO, G-77, IAEA, IBRD, ICAO, ICC (national committees), ICRM, IDA, IDB, IFAD, IFC, IFRCS, IHO, ILO, IMF, IMO, IMSO, Interpol, IOC, IOM, IPU, ISO, ITSO, ITU, ITUC (NGOs), MIGA, MINURSO, MINUSMA, MONUSCO, NAM, OIC, OPCW, PCA, SAARC, SACEP, UN, UNAMID, UNCTAD, UNESCO, UNHCR, UNIDO, UNIFIL, UNMIL, UNMISS, UNOCI, UNWTO, UPU, WCO, WFTU (NGOs), WHO, WIPO, WMO, WTO"
    },
    "Diplomatic representation in the US": {
      "chief of mission": {
        "text": "Ambassador Mohammad ZIAUDDIN (since 18 September 2014)"
      },
      "chancery": {
        "text": "3510 International Drive NW, Washington, DC 20008"
      },
      "telephone": {
        "text": "[1] (202) 244-0183"
      },
      "FAX": {
        "text": "[1] (202) 244-2771"
      },
      "consulate(s) general": {
        "text": "Los Angeles, New York"
      }
    },
    "Diplomatic representation from the US": {
      "chief of mission": {
        "text": "Ambassador Marcia BERNICAT (since 12 January 2015)"
      },
      "embassy": {
        "text": "Madani Avenue, Baridhara, Dhaka 1212"
      },
      "mailing address": {
        "text": "G. P. O. Box 323, Dhaka 1000"
      },
      "telephone": {
        "text": "[880] (2) 5566-2000"
      },
      "FAX": {
        "text": "[880] (2) 5566-2915"
      }
    },
    "Flag description": {
      "text": "green field with a large red disk shifted slightly to the hoist side of center; the red disk represents the rising sun and the sacrifice to achieve independence; the green field symbolizes the lush vegetation of Bangladesh"
    },
    "National symbol(s)": {
      "text": "Bengal tiger, water lily; national colors: green, red"
    },
    "National anthem": {
      "name": {
        "text": "\"Amar Shonar Bangla\" (My Golden Bengal)"
      },
      "lyrics/music": {
        "text": "Rabindranath TAGORE"
      },
      "note": {
        "text": "adopted 1971; Rabindranath TAGORE, a Nobel laureate, also wrote India's national anthem"
      }
    }
  },
  "Economy": {
    "Economy - overview": {
      "text": "Bangladesh's economy has grown roughly 6% per year since 1996 despite political instability, poor infrastructure, corruption, insufficient power supplies, slow implementation of economic reforms, and the 2008-09 global financial crisis and recession. Although more than half of GDP is generated through the services sector, almost half of Bangladeshis are employed in the agriculture sector, with rice as the single-most-important product. ++  ++ Garment exports, the backbone of Bangladesh's industrial sector, accounted for more than 80% of total exports and surpassed $25 billion in 2015. The sector continues to grow, despite a series of factory accidents that have killed more than 1,000 workers, and crippling strikes, including a nationwide transportation blockade implemented by the political opposition during the first several months of 2015. Steady garment export growth combined with remittances from overseas Bangladeshis - which totaled about $15 billion and 8% of GDP in 2015 - are the largest contributors to Bangladesh's sustained economic growth and rising foreign exchange reserves."
    },
    "GDP (purchasing power parity)": {
      "text": "$577 billion (2015 est.) ++ $536.5 billion (2014 est.) ++ $496.6 billion (2013 est.)",
      "note": {
        "text": "data are in 2015 US dollars"
      }
    },
    "GDP (official exchange rate)": {
      "text": "$202.3 billion (2015 est.)"
    },
    "GDP - real growth rate": {
      "text": "6.4% (2015 est.) ++ 6.3% (2014 est.) ++ 6% (2013 est.)"
    },
    "GDP - per capita (PPP)": {
      "text": "$3,600 (2015 est.) ++ $3,400 (2014 est.) ++ $3,300 (2013 est.)",
      "note": {
        "text": "data are in 2015 US dollars"
      }
    },
    "Gross national saving": {
      "text": "26.7% of GDP (2015 est.) ++ 25.8% of GDP (2014 est.) ++ 26.2% of GDP (2013 est.)"
    },
    "GDP - composition, by end use": {
      "household consumption": {
        "text": "72.4%"
      },
      "government consumption": {
        "text": "5.4%"
      },
      "investment in fixed capital": {
        "text": "28.9%"
      },
      "investment in inventories": {
        "text": "0.7%"
      },
      "exports of goods and services": {
        "text": "17.3%"
      },
      "imports of goods and services": {
        "text": "-24.7% (2015 est.)"
      }
    },
    "GDP - composition, by sector of origin": {
      "agriculture": {
        "text": "15.5%"
      },
      "industry": {
        "text": "28.1%"
      },
      "services": {
        "text": "56.3% (2015 est.)"
      }
    },
    "Agriculture - products": {
      "text": "rice, jute, tea, wheat, sugarcane, potatoes, tobacco, pulses, oilseeds, spices, fruit; beef, milk, poultry"
    },
    "Industries": {
      "text": "jute, cotton, garments, paper, leather, fertilizer, iron and steel, cement, petroleum products, tobacco, pharmaceuticals, ceramics, tea, salt, sugar, edible oils, soap and detergent, fabricated metal products, electricity, natural gas"
    },
    "Industrial production growth rate": {
      "text": "9.7% (2015 est.)"
    },
    "Labor force": {
      "text": "81.95 million",
      "note": {
        "text": "extensive export of labor to Saudi Arabia, Kuwait, UAE, Oman, Qatar, and Malaysia; workers' remittances were $15 billion in 2015, 8% of GDP (2015 est.)"
      }
    },
    "Labor force - by occupation": {
      "agriculture": {
        "text": "47%"
      },
      "industry": {
        "text": "13%"
      },
      "services": {
        "text": "40% (2010 est.)"
      }
    },
    "Unemployment rate": {
      "text": "4.9% (2015 est.) ++ 5% (2014 est.)",
      "note": {
        "text": "about 40% of the population is underemployed; many persons counted as employed work only a few hours a week and at low wages"
      }
    },
    "Population below poverty line": {
      "text": "31.5% (2010 est.)"
    },
    "Household income or consumption by percentage share": {
      "lowest 10%": {
        "text": "4%"
      },
      "highest 10%": {
        "text": "27% (2010 est.)"
      }
    },
    "Distribution of family income - Gini index": {
      "text": "32.1 (2010) ++ 33.6 (1996)"
    },
    "Budget": {
      "revenues": {
        "text": "$20.96 billion"
      },
      "expenditures": {
        "text": "$30.75 billion (2015 est.)"
      }
    },
    "Taxes and other revenues": {
      "text": "10.4% of GDP (2015 est.)"
    },
    "Budget surplus (+) or deficit (-)": {
      "text": "-4.8% of GDP (2015 est.)"
    },
    "Public debt": {
      "text": "31.9% of GDP (2015 est.) ++ 27.3% of GDP (2014 est.)"
    },
    "Fiscal year": {
      "text": "1 July - 30 June"
    },
    "Inflation rate (consumer prices)": {
      "text": "6.2% (2015 est.) ++ 7% (2014 est.)"
    },
    "Central bank discount rate": {
      "text": "5% (31 December 2010) ++ 5% (31 December 2009)"
    },
    "Commercial bank prime lending rate": {
      "text": "11.71% (31 December 2015 est.) ++ 12.95% (31 December 2014 est.)"
    },
    "Stock of narrow money": {
      "text": "$21.44 billion (31 December 2015 est.) ++ $18.99 billion (31 December 2014 est.)"
    },
    "Stock of broad money": {
      "text": "$107.5 billion (31 December 2015 est.) ++ $95.2 billion (31 December 2014 est.)"
    },
    "Stock of domestic credit": {
      "text": "$113 billion (31 December 2015 est.) ++ $103 billion (31 December 2014 est.)"
    },
    "Market value of publicly traded shares": {
      "text": "$50.98 billion (31 December 2015 est.) ++ $41.73 billion (31 December 2014 est.) ++ $23.55 billion (31 December 2011 est.)"
    },
    "Current account balance": {
      "text": "-$2.176 billion (2015 est.) ++ -$120 million (2014 est.)"
    },
    "Exports": {
      "text": "$31.74 billion (2015 est.) ++ $29.92 billion (2014 est.)"
    },
    "Exports - commodities": {
      "text": "garments, knitwear, agricultural products, frozen food (fish and seafood), jute and jute goods, leather"
    },
    "Exports - partners": {
      "text": "US 13.9%, Germany 12.9%, UK 8.9%, France 5%, Spain 4.7% (2015)"
    },
    "Imports": {
      "text": "$37.63 billion (2015 est.) ++ $37.41 billion (2014 est.)"
    },
    "Imports - commodities": {
      "text": "cotton, machinery and equipment, chemicals, iron and steel, foodstuffs"
    },
    "Imports - partners": {
      "text": "China 22.4%, India 14.1%, Singapore 5.2% (2015)"
    },
    "Reserves of foreign exchange and gold": {
      "text": "$27.49 billion (31 December 2015 est.) ++ $22.31 billion (31 December 2014 est.)"
    },
    "Debt - external": {
      "text": "$35.49 billion (31 December 2015 est.) ++ $34.93 billion (31 December 2014 est.)"
    },
    "Stock of direct foreign investment - at home": {
      "text": "$12.91 billion (31 December 2015 est.) ++ $10.03 billion (31 December 2014 est.)"
    },
    "Stock of direct foreign investment - abroad": {
      "text": "$188 million (31 December 2015 est.) ++ $159 million (31 December 2014 est.)"
    },
    "Exchange rates": {
      "text": "taka (BDT) per US dollar - ++ 77.947 (2015 est.) ++ 77.641 (2014 est.) ++ 77.614 (2013 est.) ++ 81.86 (2012 est.) ++ 74.152 (2011 est.)"
    }
  },
  "Energy": {
    "Electricity access": {
      "population without electricity": {
        "text": "60,300,000"
      },
      "electrification - total population": {
        "text": "60%"
      },
      "electrification - urban areas": {
        "text": "90%"
      },
      "electrification - rural areas": {
        "text": "49% (2013)"
      }
    },
    "Electricity - production": {
      "text": "53 billion kWh (2014 est.)"
    },
    "Electricity - consumption": {
      "text": "46 billion kWh (2014 est.)"
    },
    "Electricity - exports": {
      "text": "0 kWh (2013 est.)"
    },
    "Electricity - imports": {
      "text": "0 kWh (2013 est.)"
    },
    "Electricity - installed generating capacity": {
      "text": "8.6 million kW (2014 est.)"
    },
    "Electricity - from fossil fuels": {
      "text": "97.7% of total installed capacity (2013 est.)"
    },
    "Electricity - from nuclear fuels": {
      "text": "0% of total installed capacity (2013 est.)"
    },
    "Electricity - from hydroelectric plants": {
      "text": "2.3% of total installed capacity (2013 est.)"
    },
    "Electricity - from other renewable sources": {
      "text": "0% of total installed capacity (2013 est.)"
    },
    "Crude oil - production": {
      "text": "4,000 bbl/day (2015 est.)"
    },
    "Crude oil - exports": {
      "text": "313 bbl/day (2013 est.)"
    },
    "Crude oil - imports": {
      "text": "23,660 bbl/day (2013 est.)"
    },
    "Crude oil - proved reserves": {
      "text": "28 million bbl (1 January 2016 es)"
    },
    "Refined petroleum products - production": {
      "text": "27,930 bbl/day (2013 est.)"
    },
    "Refined petroleum products - consumption": {
      "text": "109,000 bbl/day (2014 est.)"
    },
    "Refined petroleum products - exports": {
      "text": "2,567 bbl/day (2013 est.)"
    },
    "Refined petroleum products - imports": {
      "text": "77,730 bbl/day (2013 est.)"
    },
    "Natural gas - production": {
      "text": "23.9 billion cu m (2014 est.)"
    },
    "Natural gas - consumption": {
      "text": "23.9 billion cu m (2014 est.)"
    },
    "Natural gas - exports": {
      "text": "0 cu m (2013 est.)"
    },
    "Natural gas - imports": {
      "text": "0 cu m (2013 est.)"
    },
    "Natural gas - proved reserves": {
      "text": "233 billion cu m (1 January 2016 es)"
    },
    "Carbon dioxide emissions from consumption of energy": {
      "text": "66 million Mt (2013 est.)"
    }
  },
  "Communications": {
    "Telephones - fixed lines": {
      "total subscriptions": {
        "text": "830,800"
      },
      "subscriptions per 100 inhabitants": {
        "text": "less than 1 (July 2015 est.)"
      }
    },
    "Telephones - mobile cellular": {
      "total": {
        "text": "133.72 million"
      },
      "subscriptions per 100 inhabitants": {
        "text": "79 (July 2015 est.)"
      }
    },
    "Telephone system": {
      "general assessment": {
        "text": "inadequate for a modern country; introducing digital systems; trunk systems include VHF and UHF microwave radio relay links, and some fiber-optic cable in cities"
      },
      "domestic": {
        "text": "fixed-line teledensity remains only about 1 per 100 persons; mobile-cellular telephone subscribership has been increasing rapidly and now approaches 80 telephones per 100 persons"
      },
      "international": {
        "text": "country code - 880; landing point for the SEA-ME-WE-4 fiber-optic submarine cable system that provides links to Europe, the Middle East, and Asia; satellite earth stations - 6; international radiotelephone communications and landline service to neighboring countries (2015)"
      }
    },
    "Broadcast media": {
      "text": "state-owned Bangladesh Television (BTV) operates 1 terrestrial TV station, 3 radio networks, and about 10 local stations; 8 private satellite TV stations and 3 private radio stations also broadcasting; foreign satellite TV stations are gaining audience share in the large cities; several international radio broadcasters are available (2007)"
    },
    "Internet country code": {
      "text": ".bd"
    },
    "Internet users": {
      "total": {
        "text": "24.33 million"
      },
      "percent of population": {
        "text": "14.4% (July 2015 est.)"
      }
    }
  },
  "Transportation": {
    "National air transport system": {
      "number of registered air carriers": {
        "text": "6"
      },
      "inventory of registered aircraft operated by air carriers": {
        "text": "30"
      },
      "annual passenger traffic on registered air carriers": {
        "text": "2,906,799"
      },
      "annual freight traffic on registered air carriers": {
        "text": "182,692,553 mt-km (2015)"
      }
    },
    "Civil aircraft registration country code prefix": {
      "text": "S2 (2016)"
    },
    "Airports": {
      "text": "18 (2013)"
    },
    "Airports - with paved runways": {
      "total": {
        "text": "16"
      },
      "over 3,047 m": {
        "text": "2"
      },
      "2,438 to 3,047 m": {
        "text": "2"
      },
      "1,524 to 2,437 m": {
        "text": "6"
      },
      "914 to 1,523 m": {
        "text": "1"
      },
      "under 914 m": {
        "text": "5 (2013)"
      }
    },
    "Airports - with unpaved runways": {
      "total": {
        "text": "2"
      },
      "1,524 to 2,437 m": {
        "text": "1"
      },
      "under 914 m": {
        "text": "1 (2013)"
      }
    },
    "Heliports": {
      "text": "3 (2013)"
    },
    "Pipelines": {
      "text": "gas 2,950 km (2013)"
    },
    "Railways": {
      "total": {
        "text": "2,460 km"
      },
      "broad gauge": {
        "text": "659 km 1.676-m gauge"
      },
      "narrow gauge": {
        "text": "1,801 km 1.000-m gauge (2014)"
      }
    },
    "Roadways": {
      "total": {
        "text": "21,269 km"
      },
      "paved": {
        "text": "2,021 km"
      },
      "unpaved": {
        "text": "19,248 km (2010)"
      }
    },
    "Waterways": {
      "text": "8,370 km (includes up to 3,060 km of main cargo routes; network reduced to 5,200 km in the dry season) (2011)"
    },
    "Merchant marine": {
      "total": {
        "text": "62"
      },
      "by type": {
        "text": "bulk carrier 25, cargo 28, chemical tanker 1, container 5, petroleum tanker 3"
      },
      "foreign-owned": {
        "text": "8 (China 1, Singapore 7)"
      },
      "registered in other countries": {
        "text": "10 (Comoros 1, Hong Kong 1, Panama 5, Saint Vincent and the Grenadines 1, Sierra Leone 1, Singapore 1) (2010)"
      }
    },
    "Ports and terminals": {
      "major seaport(s)": {
        "text": "Chittagong"
      },
      "river port(s)": {
        "text": "Mongla Port (Sela River)"
      },
      "container port(s)": {
        "text": "Chittagong (1,392,104) (2011)"
      }
    },
    "Transportation - note": {
      "text": "the International Maritime Bureau reports the territorial waters of Bangladesh remain a risk for armed robbery against ships; in 2014, attacks against commercial vessels increased to 21 over 12 such incidents in 2013"
    }
  },
  "Military and Security": {
    "Military branches": {
      "text": "Bangladesh Defense Force: Bangladesh Army (Sena Bahini), Bangladesh Navy (Noh Bahini, BN), Bangladesh Air Force (Biman Bahini, BAF) (2013)"
    },
    "Military service age and obligation": {
      "text": "16-19 years of age for voluntary military service; Bangladeshi birth and 10th grade education required; initial obligation 15 years (2012)"
    },
    "Military expenditures": {
      "text": "1.09% of GDP (2014) ++ 1.15% of GDP (2013) ++ 1.35% of GDP (2012) ++ 1.44% of GDP (2011) ++ 1.35% of GDP (2010)"
    }
  },
  "Transnational Issues": {
    "Disputes - international": {
      "text": "Bangladesh referred its maritime boundary claims with Burma and India to the International Tribunal on the Law of the Sea; Indian Prime Minister Singh's September 2011 visit to Bangladesh resulted in the signing of a Protocol to the 1974 Land Boundary Agreement between India and Bangladesh, which had called for the settlement of longstanding boundary disputes over undemarcated areas and the exchange of territorial enclaves, but which had never been implemented; Bangladesh struggles to accommodate 32,000 Rohingya, Burmese Muslim minority from Arakan State, living as refugees in Cox's Bazar; Burmese border authorities are constructing a 200 km (124 mi) wire fence designed to deter illegal cross-border transit and tensions from the military build-up along border"
    },
    "Refugees and internally displaced persons": {
      "refugees (country of origin)": {
        "text": "231,948 (Burma) (2015)"
      },
      "IDPs": {
        "text": "426,000 (violence, human rights violations, religious persecution, natural disasters) (2015)"
      }
    },
    "Illicit drugs": {
      "text": "transit country for illegal drugs produced in neighboring countries"
    }
  }
}