{
  "Introduction": {
    "Background": {
      "text": "A sultanate since the 12th century, the Maldives became a British protectorate in 1887. It became a republic in 1968, three years after independence. President Maumoon Abdul GAYOOM dominated the islands' political scene for 30 years, elected to six successive terms by single-party referendums. Following political demonstrations in the capital Male in August 2003, the president and his government pledged to embark upon a process of liberalization and democratic reforms, including a more representative political system and expanded political freedoms. Progress was sluggish, however, and many promised reforms were slow to be realized. Nonetheless, political parties were legalized in 2005. ++ In June 2008, a constituent assembly - termed the \"Special Majlis\" - finalized a new constitution, which was ratified by the president in August. The first-ever presidential elections under a multi-candidate, multi-party system were held in October 2008. GAYOOM was defeated in a runoff poll by Mohamed NASHEED, a political activist who had been jailed several years earlier by the former regime. President NASHEED faced a number of challenges including strengthening democracy and combating poverty and drug abuse. In early February 2012, after several weeks of street protests following his sacking of a top judge, NASHEED resigned the presidency and handed over power to Vice President Mohammed WAHEED Hassan Maniku. In mid-2012, a Commission of National Inquiry was set by the government to probe events leading up to NASHEED's resignation. Though the commission found no evidence of a coup, the report recommended the need to strengthen the country's democratic institutions to avert similar events in the future, and to further investigate alleged police misconduct during the crisis. Maldivian officials have played a prominent role in international climate change discussions (due to the islands' vulnerability to rising sea-level) on the UN Human Rights Council and in other international forums, as well as in encouraging regional cooperation, especially between India and Pakistan."
    }
  },
  "Geography": {
    "Location": {
      "text": "Southern Asia, group of atolls in the Indian Ocean, south-southwest of India"
    },
    "Geographic coordinates": {
      "text": "3 15 N, 73 00 E"
    },
    "Map references": {
      "text": "Asia"
    },
    "Area": {
      "total": {
        "text": "298 sq km"
      },
      "land": {
        "text": "298 sq km"
      },
      "water": {
        "text": "0 sq km"
      }
    },
    "Area - comparative": {
      "text": "about 1.7 times the size of Washington, DC"
    },
    "Land boundaries": {
      "text": "0 km"
    },
    "Coastline": {
      "text": "644 km"
    },
    "Maritime claims": {
      "text": "measured from claimed archipelagic straight baselines",
      "territorial sea": {
        "text": "12 nm"
      },
      "contiguous zone": {
        "text": "24 nm"
      },
      "exclusive economic zone": {
        "text": "200 nm"
      }
    },
    "Climate": {
      "text": "tropical; hot, humid; dry, northeast monsoon (November to March); rainy, southwest monsoon (June to August)"
    },
    "Terrain": {
      "text": "flat, with white sandy beaches"
    },
    "Elevation": {
      "mean elevation": {
        "text": "1.8 m"
      },
      "elevation extremes": {
        "text": "lowest point: Indian Ocean 0 m ++ highest point: unnamed location on Viligili in the Addu Atholhu 2.4 m"
      }
    },
    "Natural resources": {
      "text": "fish"
    },
    "Land use": {
      "agricultural land": {
        "text": "23.3% ++ arable land 10%; permanent crops 10%; permanent pasture 3.3%"
      },
      "forest": {
        "text": "3%"
      },
      "other": {
        "text": "73.7% (2011 est.)"
      }
    },
    "Irrigated land": {
      "text": "0 sq km (2012)"
    },
    "Natural hazards": {
      "text": "tsunamis; low elevation of islands makes them sensitive to sea level rise"
    },
    "Environment - current issues": {
      "text": "depletion of freshwater aquifers threatens water supplies; coral reef bleaching"
    },
    "Environment - international agreements": {
      "party to": {
        "text": "Biodiversity, Climate Change, Climate Change-Kyoto Protocol, Desertification, Hazardous Wastes, Law of the Sea, Ozone Layer Protection, Ship Pollution"
      },
      "signed, but not ratified": {
        "text": "none of the selected agreements"
      }
    },
    "Geography - note": {
      "text": "smallest Asian country; archipelago of 1,190 coral islands grouped into 26 atolls (200 inhabited islands, plus 80 islands with tourist resorts); strategic location astride and along major sea lanes in Indian Ocean"
    }
  },
  "People and Society": {
    "Population": {
      "text": "392,960 (July 2016 est.)"
    },
    "Nationality": {
      "noun": {
        "text": "Maldivian(s)"
      },
      "adjective": {
        "text": "Maldivian"
      }
    },
    "Ethnic groups": {
      "text": "South Indians, Sinhalese, Arabs"
    },
    "Languages": {
      "text": "Dhivehi (official, dialect of Sinhala, script derived from Arabic), English (spoken by most government officials)"
    },
    "Religions": {
      "text": "Sunni Muslim (official)"
    },
    "Age structure": {
      "0-14 years": {
        "text": "21.21% (male 42,513/female 40,824)"
      },
      "15-24 years": {
        "text": "21.29% (male 48,319/female 35,360)"
      },
      "25-54 years": {
        "text": "47.63% (male 107,152/female 80,031)"
      },
      "55-64 years": {
        "text": "5.48% (male 10,749/female 10,799)"
      },
      "65 years and over": {
        "text": "4.38% (male 8,012/female 9,201) (2016 est.)"
      }
    },
    "Dependency ratios": {
      "total dependency ratio": {
        "text": "47.4%"
      },
      "youth dependency ratio": {
        "text": "40.5%"
      },
      "elderly dependency ratio": {
        "text": "6.9%"
      },
      "potential support ratio": {
        "text": "14.4% (2015 est.)"
      }
    },
    "Median age": {
      "total": {
        "text": "27.8 years"
      },
      "male": {
        "text": "27.8 years"
      },
      "female": {
        "text": "27.8 years (2016 est.)"
      }
    },
    "Population growth rate": {
      "text": "-0.07% (2016 est.)"
    },
    "Birth rate": {
      "text": "16 births/1,000 population (2016 est.)"
    },
    "Death rate": {
      "text": "3.9 deaths/1,000 population (2016 est.)"
    },
    "Net migration rate": {
      "text": "-12.7 migrant(s)/1,000 population (2016 est.)"
    },
    "Urbanization": {
      "urban population": {
        "text": "45.5% of total population (2015)"
      },
      "rate of urbanization": {
        "text": "4.49% annual rate of change (2010-15 est.)"
      }
    },
    "Major urban areas - population": {
      "text": "MALE (capital) 156,000 (2014)"
    },
    "Sex ratio": {
      "at birth": {
        "text": "1.05 male(s)/female"
      },
      "0-14 years": {
        "text": "1.04 male(s)/female"
      },
      "15-24 years": {
        "text": "1.37 male(s)/female"
      },
      "25-54 years": {
        "text": "1.34 male(s)/female"
      },
      "55-64 years": {
        "text": "1 male(s)/female"
      },
      "65 years and over": {
        "text": "0.89 male(s)/female"
      },
      "total population": {
        "text": "1.23 male(s)/female (2016 est.)"
      }
    },
    "Mother's mean age at first birth": {
      "text": "23.9",
      "note": {
        "text": "median age at first birth among women 25-29 (2009 est.)"
      }
    },
    "Maternal mortality rate": {
      "text": "68 deaths/100,000 live births (2015 est.)"
    },
    "Infant mortality rate": {
      "total": {
        "text": "22.9 deaths/1,000 live births"
      },
      "male": {
        "text": "25.2 deaths/1,000 live births"
      },
      "female": {
        "text": "20.4 deaths/1,000 live births (2016 est.)"
      }
    },
    "Life expectancy at birth": {
      "total population": {
        "text": "75.6 years"
      },
      "male": {
        "text": "73.3 years"
      },
      "female": {
        "text": "78 years (2016 est.)"
      }
    },
    "Total fertility rate": {
      "text": "1.73 children born/woman (2016 est.)"
    },
    "Contraceptive prevalence rate": {
      "text": "34.7% (2009)"
    },
    "Health expenditures": {
      "text": "13.7% of GDP (2014)"
    },
    "Physicians density": {
      "text": "1.42 physicians/1,000 population (2010)"
    },
    "Hospital bed density": {
      "text": "4.3 beds/1,000 population (2009)"
    },
    "Drinking water source": {
      "improved": {
        "text": " ++ urban: 99.5% of population ++ rural: 97.9% of population ++ total: 98.6% of population"
      },
      "unimproved": {
        "text": " ++ urban: 0.5% of population ++ rural: 2.1% of population ++ total: 1.4% of population (2015 est.)"
      }
    },
    "Sanitation facility access": {
      "improved": {
        "text": " ++ urban: 97.5% of population ++ rural: 98.3% of population ++ total: 97.9% of population"
      },
      "unimproved": {
        "text": " ++ urban: 2.5% of population ++ rural: 1.7% of population ++ total: 2.1% of population (2015 est.)"
      }
    },
    "HIV/AIDS - adult prevalence rate": {
      "text": "0.01% (2013 est.)"
    },
    "HIV/AIDS - people living with HIV/AIDS": {
      "text": "fewer than 100 (2013 est.)"
    },
    "HIV/AIDS - deaths": {
      "text": "fewer than 100 (2013 est.)"
    },
    "Obesity - adult prevalence rate": {
      "text": "7% (2014)"
    },
    "Children under the age of 5 years underweight": {
      "text": "17.8% (2009)"
    },
    "Education expenditures": {
      "text": "5.2% of GDP (2012)"
    },
    "Literacy": {
      "definition": {
        "text": "age 15 and over can read and write"
      },
      "total population": {
        "text": "99.3%"
      },
      "male": {
        "text": "99.8%"
      },
      "female": {
        "text": "98.8% (2015 est.)"
      }
    },
    "Unemployment, youth ages 15-24": {
      "total": {
        "text": "25.4%"
      },
      "male": {
        "text": "29.1%"
      },
      "female": {
        "text": "21.4% (2010 est.)"
      }
    }
  },
  "Government": {
    "Country name": {
      "conventional long form": {
        "text": "Republic of Maldives"
      },
      "conventional short form": {
        "text": "Maldives"
      },
      "local long form": {
        "text": "Dhivehi Raajjeyge Jumhooriyyaa"
      },
      "local short form": {
        "text": "Dhivehi Raajje"
      },
      "etymology": {
        "text": "archipelago apparently named after the main island (and capital) of Male; the word \"Maldives\" means \"the islands (dives) of Male\"; alternatively, the name may derive from the Sanskrit word \"maladvipa\" meaning \"garland of islands\"; Dhivehi Raajje in Maldivian means \"Kingdom of the Dhivehi people\""
      }
    },
    "Government type": {
      "text": "presidential republic"
    },
    "Capital": {
      "name": {
        "text": "Male"
      },
      "geographic coordinates": {
        "text": "4 10 N, 73 30 E"
      },
      "time difference": {
        "text": "UTC+5 (10 hours ahead of Washington, DC, during Standard Time)"
      }
    },
    "Administrative divisions": {
      "text": "7 provinces and 1 municipality*; Dhekunu (South), Maale*, Mathi Dhekunu (Upper South), Mathi Uthuru (Upper North), Medhu (Central), Medhu Dhekunu (South Central), Medhu Uthuru (North Central), Uthuru (North)"
    },
    "Independence": {
      "text": "26 July 1965 (from the UK)"
    },
    "National holiday": {
      "text": "Independence Day, 26 July (1965)"
    },
    "Constitution": {
      "text": "many previous; latest ratified 7 August 2008; amended 2015 (2016)"
    },
    "Legal system": {
      "text": "Islamic religious legal system with English common law influences, primarily in commercial matters"
    },
    "International law organization participation": {
      "text": "has not submitted an ICJ jurisdiction declaration; accepts ICCt jurisdiction"
    },
    "Citizenship": {
      "citizenship by birth": {
        "text": "no"
      },
      "citizenship by descent only": {
        "text": "at least one parent must be a citizen of the Maldives"
      },
      "dual citizenship recognized": {
        "text": "yes"
      },
      "residency requirement for naturalization": {
        "text": "unknown"
      }
    },
    "Suffrage": {
      "text": "18 years of age; universal"
    },
    "Executive branch": {
      "chief of state": {
        "text": "President Abdulla YAMEEN Abdul Gayoom (since 17 November 2013); Vice President Abdulla JIHAD (since 21 June 2016); note - the president is both chief of state and head of government; Vice President Ahmed ADHEEB Abdul Ghafoor (since 22 July 2015) was removed from office 5 November 2015"
      },
      "head of government": {
        "text": "President Abdulla YAMEEN Abdul Gayoom (since 17 November 2013); Vice President Abdulla JIHAD (since 22 June 2016); note - Vice President Ahmed ADHEEB Abdul Ghafoor (since 22 July 2015) was removed from office 5 November 2015"
      },
      "cabinet": {
        "text": "Cabinet of Ministers appointed by the president"
      },
      "elections/appointments": {
        "text": "president directly elected by absolute majority popular vote in 2 rounds if needed for a 5-year term (eligible for a second term); the election held on 7 September 2013 was annulled by the Supreme Court; rerun of first round held on 9 November 2013 and a runoff held on 16 November (next election to be held in 2018)"
      },
      "election results": {
        "text": "first round - percent of vote - Mohamed NASHEED (MDP) 46.9%, Abdulla YAMEEN Abdul Gayoom (PPM) 29.7%, Qasim IBRAHIM (JP) 23.3%; runoff second round - percent of vote - Abdulla YAMEEN Abdul Gayoom elected president 51.4%, Mohamed NASHEED 48.6%"
      }
    },
    "Legislative branch": {
      "description": {
        "text": "unicameral Parliament or People's Majlis (85 seats; members directly elected in multi-seat constituencies by simple majority vote to serve 5-year terms)"
      },
      "elections": {
        "text": "last held on 22 March 2014 (next to be held in 2019)"
      },
      "election results": {
        "text": "percent of vote - MDP 40.8%, MDP 27.7%, JP 13.6%, MDA 4.0%, AP 2.7% other 0.3%, independent 10.9%; seats by party - PPM 33, MDP 26, JP 15, MDA 5, AP 1, independent 5"
      }
    },
    "Judicial branch": {
      "highest court(s)": {
        "text": "Supreme Court (consists of the chief justice and 6 judges)"
      },
      "judge selection and term of office": {
        "text": "Supreme Court judges appointed by the president in consultation with the Judicial Service Commission - a separate 10-member body of selected high government officials and the public - and upon confirmation by voting members of the People's Majlis; judges serve until mandatory retirement at age 70"
      },
      "subordinate courts": {
        "text": "High Court; Criminal, Civil, Family, Juvenile, and Drug Courts; Magistrate Courts (on each of the inhabited islands)"
      }
    },
    "Political parties and leaders": {
      "text": "Adhaalath (Justice) Party or AP [Sheikh Imran ABDULLA] ++ Maldives Development Alliance or MDA [Ahmed Shiyam Mohamed] ++ Maldavian Democratic Party or MDP [Ali WAHEED] ++ Progressive Party of Maldives or PPM [Maumoon Abdul GAYOOM] ++ Republican (Jumhooree) Party or JP [Qasim IBRAHIM]"
    },
    "Political pressure groups and leaders": {
      "other": {
        "text": "various unregistered political parties"
      }
    },
    "International organization participation": {
      "text": "ADB, AOSIS, C, CP, FAO, G-77, IBRD, ICAO, ICC (NGOs), ICCt, IDA, IDB, IFAD, IFC, IFRCS, ILO, IMF, IMO, Interpol, IOC, IOM, IPU, ITU, MIGA, NAM, OIC, OPCW, SAARC, SACEP, UN, UNCTAD, UNESCO, UNIDO, UNWTO, UPU, WCO, WHO, WIPO, WMO, WTO"
    },
    "Diplomatic representation in the US": {
      "chief of mission": {
        "text": "Ambassador Ahmed SAREER (since 11 January 2013)"
      },
      "chancery": {
        "text": "800 2nd Avenue, Suite 400E, New York, NY 10017"
      },
      "telephone": {
        "text": "[1] (212) 599-6195"
      },
      "FAX": {
        "text": "[1] (212) 661-6405"
      }
    },
    "Diplomatic representation from the US": {
      "text": "the US does not have an embassy in Maldives; the US Ambassador to Sri Lanka is accredited to Maldives and makes periodic visits"
    },
    "Flag description": {
      "text": "red with a large green rectangle in the center bearing a vertical white crescent moon; the closed side of the crescent is on the hoist side of the flag; red recalls those who have sacrificed their lives in defense of their country, the green rectangle represents peace and prosperity, and the white crescent signifies Islam"
    },
    "National symbol(s)": {
      "text": "coconut palm, yellowfin tuna; national colors: red, green, white"
    },
    "National anthem": {
      "name": {
        "text": "\"Gaumee Salaam\" (National Salute)"
      },
      "lyrics/music": {
        "text": "Mohamed Jameel DIDI/Wannakuwattawaduge DON AMARADEVA"
      },
      "note": {
        "text": "lyrics adopted 1948, music adopted 1972; between 1948 and 1972, the lyrics were sung to the tune of \"Auld Lang Syne\""
      }
    }
  },
  "Economy": {
    "Economy - overview": {
      "text": "Maldives has rapidly grown into a middle-income country, driven by tourism development. In 2015, the economy’s growth slowed to 4.8%, mainly due to lower tourism sector growth as tourist arrivals from China declined. However, the slowdown is expected to reverse in 2016. Tourism, construction, transport, and the communications sector accounted for 50% of the output on average. Tourism-related tax receipts increased by 13% in 2015 due to higher tax rates. This increase in dollar tax receipts directly led to higher usable reserves in 2015. The current account deficit widened to $400 million in 2015 due to increases in construction related imports. A large and growing fiscal deficit remains an ongoing economic challenge. ++  ++ In July 2015, Maldives’ Parliament passed a constitutional amendment legalizing foreign ownership of land; foreign land-buyers must reclaim at least 70% of the desired land from the ocean and invest at least $1 billion in a construction project approved by Parliament. ++  ++ Diversifying the economy beyond tourism and fishing, reforming public finance, increasing employment opportunities, and combating corruption, cronyism, and a growing drug problem are near-term challenges facing the government. Over the longer term Maldivian authorities worry about the impact of erosion and possible global warming on their low-lying country; 80% of the area is 1 meter or less above sea level."
    },
    "GDP (purchasing power parity)": {
      "text": "$5.191 billion (2015 est.) ++ $5.094 billion (2014 est.) ++ $4.784 billion (2013 est.)",
      "note": {
        "text": "data are in 2015 US dollars"
      }
    },
    "GDP (official exchange rate)": {
      "text": "$3.13 billion (2015 est.)"
    },
    "GDP - real growth rate": {
      "text": "1.9% (2015 est.) ++ 6.5% (2014 est.) ++ 4.7% (2013 est.)"
    },
    "GDP - per capita (PPP)": {
      "text": "$14,900 (2015 est.) ++ $14,900 (2014 est.) ++ $14,200 (2013 est.)",
      "note": {
        "text": "data are in 2015 US dollars"
      }
    },
    "Gross national saving": {
      "text": "12% of GDP (2015 est.) ++ 15.9% of GDP (2014 est.) ++ 15.7% of GDP (2013 est.)"
    },
    "GDP - composition, by end use": {
      "household consumption": {
        "text": "NA%"
      },
      "government consumption": {
        "text": "NA%"
      },
      "investment in fixed capital": {
        "text": "NA%"
      },
      "investment in inventories": {
        "text": "NA%"
      },
      "exports of goods and services": {
        "text": "108.2%"
      },
      "imports of goods and services": {
        "text": "89.3% (2014 est.)"
      }
    },
    "GDP - composition, by sector of origin": {
      "agriculture": {
        "text": "3.5%"
      },
      "industry": {
        "text": "19.3%"
      },
      "services": {
        "text": "77.2% (2014 est.)"
      }
    },
    "Agriculture - products": {
      "text": "coconuts, corn, sweet potatoes; fish"
    },
    "Industries": {
      "text": "tourism, fish processing, shipping, boat building, coconut processing, woven mats, rope, handicrafts, coral and sand mining"
    },
    "Industrial production growth rate": {
      "text": "14% (2012 est.)"
    },
    "Labor force": {
      "text": "195,100 (2014)"
    },
    "Labor force - by occupation": {
      "agriculture": {
        "text": "15%"
      },
      "industry": {
        "text": "15%"
      },
      "services": {
        "text": "70% (2010 est.)"
      }
    },
    "Unemployment rate": {
      "text": "11.6% (2013 est.) ++ 11% (2012 est.)"
    },
    "Population below poverty line": {
      "text": "16% (2008 est.)"
    },
    "Household income or consumption by percentage share": {
      "lowest 10%": {
        "text": "1.2%"
      },
      "highest 10%": {
        "text": "33.3% (FY09/10)"
      }
    },
    "Distribution of family income - Gini index": {
      "text": "37.4 (2004 est.)"
    },
    "Budget": {
      "revenues": {
        "text": "$960 million"
      },
      "expenditures": {
        "text": "$1.148 billion (2014 est.)"
      }
    },
    "Taxes and other revenues": {
      "text": "30.7% of GDP (2014 est.)"
    },
    "Budget surplus (+) or deficit (-)": {
      "text": "-6% of GDP (2014 est.)"
    },
    "Public debt": {
      "text": "72.8% of GDP (2014) ++ 66.7% of GDP (2013)"
    },
    "Fiscal year": {
      "text": "calendar year"
    },
    "Inflation rate (consumer prices)": {
      "text": "1.4% (2015 est.) ++ 2.5% (2014 est.)"
    },
    "Central bank discount rate": {
      "text": "7% (31 December 2013) ++ 6.96% (31 December 2011)"
    },
    "Commercial bank prime lending rate": {
      "text": "10.5% (31 December 2012 est.) ++ 10.2% (31 December 2011 est.)"
    },
    "Stock of narrow money": {
      "text": "$623 million (31 December 2013 est.) ++ $547.1 million (31 December 2012 est.)"
    },
    "Stock of broad money": {
      "text": "$1.538 billion (31 December 2013 est.) ++ $1.298 billion (31 December 2012 est.)"
    },
    "Stock of domestic credit": {
      "text": "$1.559 billion (31 December 2012 est.) ++ $1.601 billion (31 December 2011 est.)"
    },
    "Market value of publicly traded shares": {
      "text": "$555 million (31 December 2011 est.)"
    },
    "Current account balance": {
      "text": "-$251 million (2015 est.) ++ -$125 million (2014 est.)"
    },
    "Exports": {
      "text": "$300.9 million (2014 est.) ++ $331 million (2013 est.)"
    },
    "Exports - commodities": {
      "text": "fish"
    },
    "Exports - partners": {
      "text": "Thailand 18%, France 12.1%, Germany 10.7%, US 9.6%, Italy 6.8%, UK 6.4%, Sri Lanka 5.9%, Japan 4.6% (2015)"
    },
    "Imports": {
      "text": "$1.993 billion (2014 est.) ++ $1.733 billion (2013 est.)"
    },
    "Imports - commodities": {
      "text": "petroleum products, clothing, intermediate and capital goods"
    },
    "Imports - partners": {
      "text": "UAE 18.4%, Singapore 13.8%, China 10.6%, India 10.4%, Malaysia 7%, Sri Lanka 5.6%, Thailand 5% (2015)"
    },
    "Reserves of foreign exchange and gold": {
      "text": "$627.4 million (31 December 2014 est.) ++ $381.9 million (31 December 2013 est.)"
    },
    "Debt - external": {
      "text": "$741.6 million (2014 est.) ++ $792.2 million (2013 est.)"
    },
    "Exchange rates": {
      "text": "rufiyaa (MVR) per US dollar - ++ 15.25 (2016) ++ 15.365 (2015)"
    }
  },
  "Energy": {
    "Electricity access": {
      "electrification - total population": {
        "text": "100% (2016)"
      }
    },
    "Electricity - production": {
      "text": "300 million kWh (2014 est.)"
    },
    "Electricity - consumption": {
      "text": "300 million kWh (2014 est.)"
    },
    "Electricity - exports": {
      "text": "0 kWh (2013 est.)"
    },
    "Electricity - imports": {
      "text": "0 kWh (2013 est.)"
    },
    "Electricity - installed generating capacity": {
      "text": "82,000 kW (2014 est.)"
    },
    "Electricity - from fossil fuels": {
      "text": "100% of total installed capacity (2012 est.)"
    },
    "Electricity - from nuclear fuels": {
      "text": "0% of total installed capacity (2012 est.)"
    },
    "Electricity - from hydroelectric plants": {
      "text": "0% of total installed capacity (2012 est.)"
    },
    "Electricity - from other renewable sources": {
      "text": "0% of total installed capacity (2012 est.)"
    },
    "Crude oil - production": {
      "text": "0 bbl/day (2015 est.)"
    },
    "Crude oil - exports": {
      "text": "0 bbl/day (2013 est.)"
    },
    "Crude oil - imports": {
      "text": "0 bbl/day (2013 est.)"
    },
    "Crude oil - proved reserves": {
      "text": "0 bbl (1 January 2016 es)"
    },
    "Refined petroleum products - production": {
      "text": "0 bbl/day (2013 est.)"
    },
    "Refined petroleum products - consumption": {
      "text": "7,000 bbl/day (2014 est.)"
    },
    "Refined petroleum products - exports": {
      "text": "0 bbl/day (2013 est.)"
    },
    "Refined petroleum products - imports": {
      "text": "10,760 bbl/day (2013 est.)"
    },
    "Natural gas - production": {
      "text": "0 cu m (2013 est.)"
    },
    "Natural gas - consumption": {
      "text": "0 cu m (2013 est.)"
    },
    "Natural gas - exports": {
      "text": "0 cu m (2013 est.)"
    },
    "Natural gas - imports": {
      "text": "0 cu m (2013 est.)"
    },
    "Natural gas - proved reserves": {
      "text": "0 cu m (1 January 2014 es)"
    },
    "Carbon dioxide emissions from consumption of energy": {
      "text": "1.2 million Mt (2013 est.)"
    }
  },
  "Communications": {
    "Telephones - fixed lines": {
      "total subscriptions": {
        "text": "21,911"
      },
      "subscriptions per 100 inhabitants": {
        "text": "6 (July 2015 est.)"
      }
    },
    "Telephones - mobile cellular": {
      "total": {
        "text": "740,000"
      },
      "subscriptions per 100 inhabitants": {
        "text": "188 (July 2015 est.)"
      }
    },
    "Telephone system": {
      "general assessment": {
        "text": "telephone services have improved; inter-atoll communication through microwave links; all inhabited islands and resorts are connected with telephone and fax service"
      },
      "domestic": {
        "text": "each island now has at least 1 public telephone, and there are mobile-cellular networks with a rapidly expanding subscribership that has reached over 180 per 100 persons"
      },
      "international": {
        "text": "country code - 960; linked to international submarine cable Fiber-Optic Link Around the Globe (FLAG); satellite earth station - 3 Intelsat (Indian Ocean) (2015)"
      }
    },
    "Broadcast media": {
      "text": "state-owned radio and TV monopoly until recently; state-owned TV operates 2 channels; 3 privately owned TV stations; state owns Voice of Maldives and operates both an entertainment and a music-based station; 5 privately owned radio stations (2012)"
    },
    "Internet country code": {
      "text": ".mv"
    },
    "Internet users": {
      "total": {
        "text": "214,000"
      },
      "percent of population": {
        "text": "54.5% (July 2015 est.)"
      }
    }
  },
  "Transportation": {
    "National air transport system": {
      "number of registered air carriers": {
        "text": "3"
      },
      "inventory of registered aircraft operated by air carriers": {
        "text": "15 (2015)"
      }
    },
    "Civil aircraft registration country code prefix": {
      "text": "8Q (2016)"
    },
    "Airports": {
      "text": "9 (2013)"
    },
    "Airports - with paved runways": {
      "total": {
        "text": "7"
      },
      "over 3,047 m": {
        "text": "1"
      },
      "2,438 to 3,047 m": {
        "text": "1"
      },
      "1,524 to 2,437 m": {
        "text": "1"
      },
      "914 to 1,523 m": {
        "text": "4 (2013)"
      }
    },
    "Airports - with unpaved runways": {
      "total": {
        "text": "2"
      },
      "914 to 1,523 m": {
        "text": "2 (2013)"
      }
    },
    "Roadways": {
      "total": {
        "text": "88 km"
      },
      "paved roads": {
        "text": "88 km - 60 km in Male; 14 km on Addu Atolis; 14 km on Laamu"
      },
      "note": {
        "text": "island roads are mainly compacted coral (2013)"
      }
    },
    "Merchant marine": {
      "total": {
        "text": "18"
      },
      "by type": {
        "text": "bulk carrier 1, cargo 14, petroleum tanker 1, refrigerated cargo 2"
      },
      "foreign-owned": {
        "text": "4 (Singapore 4)"
      },
      "registered in other countries": {
        "text": "4 (Panama 2, Tuvalu 1, unknown 1) (2010)"
      }
    },
    "Ports and terminals": {
      "major seaport(s)": {
        "text": "Male"
      }
    }
  },
  "Military and Security": {
    "Military branches": {
      "text": "Maldives National Defense Force (MNDF): Marine Corps, Security Protection Group, Coast Guard (2010)"
    },
    "Military service age and obligation": {
      "text": "18-28 years of age for voluntary service; no conscription; 10th grade or equivalent education required; must not be a member of a political party (2012)"
    },
    "Military - note": {
      "text": "the Maldives National Defense Force (MNDF), with its small size and with little serviceable equipment, is inadequate to prevent external aggression and is primarily tasked to reinforce the Maldives Police Service (MPS) and ensure security in the exclusive economic zone (2008)"
    }
  },
  "Transnational Issues": {
    "Disputes - international": {
      "text": "none"
    },
    "Trafficking in persons": {
      "current situation": {
        "text": "Maldives is a destination country for men, women, and children subjected to forced labor and sex trafficking and a source country for women and children subjected to labor and sex trafficking; primarily Bangladeshi and Indian migrants working both legally and illegally in the construction and service sectors face conditions of forced labor, including fraudulent recruitment, confiscation of identity and travel documents, nonpayment and withholding of wages, and debt bondage; a small number of women from Asia, Eastern Europe, and former Soviet states are trafficked to Maldives for sexual exploitation; Maldivian women may be subjected to sex trafficking domestically or in Sri Lanka; some Maldivian children are transported to the capital for domestic service, where they may also be victims of sexual abuse and forced labor"
      },
      "tier rating": {
        "text": "Tier 2 Watch List – Maldives does not fully comply with the minimum standards for the elimination of trafficking; however, it is making significant efforts to do so; the government adopted a national action plan for 2015-2019 and is continuing to develop victim identification, protection, and referral procedures, but overall its anti-trafficking efforts did not increase; only five trafficking investigations were conducted, no new prosecutions were initiated for the second consecutive year, and no convictions were made, down from one in 2013; some officials warned businesses in advanced of planned raids for suspected trafficking offenses; victim protection deteriorated when the state-run shelter for female victims barred access to victims shortly after opening in January 2014, in part because of bureaucratic disputes, which dissuaded victims from pursuing charges against perpetrators; the government did not prosecute or hold accountable any employers or government officials for withholding passports (2015)"
      }
    }
  }
}