{
  "Introduction": {
    "Background": {
      "text": "The archipelago of the Comoros in the Indian Ocean, composed of the islands of Mayotte, Anjouan, Moheli, and Grand Comore declared independence from France on 6 July 1975. France did not recognize the independence of Mayotte, which remains under French administration. Since independence, Comoros has endured political instability through realized and attempted coups. In 1997, the islands of Anjouan and Moheli declared independence from Comoros. In 1999, military chief Col. AZALI Assoumani seized power of the entire government in a bloodless coup; he initiated the 2000 Fomboni Accords, a power-sharing agreement in which the federal presidency rotates among the three islands, and each island maintains its local government. AZALI won the 2002 federal presidential election as president from Grand Comore Island, and each island in the archipelago elected its president. AZALI stepped down in 2006 and President SAMBI was elected to office as president from Anjouan. In 2007, Mohamed BACAR effected Anjouan's de-facto secession from the Union of Comoros, refusing to step down when Comoros' other islands held legitimate elections in July. The African Union (AU) initially attempted to resolve the political crisis by applying sanctions and a naval blockade to Anjouan, but in March 2008 the AU and Comoran soldiers seized the island. The island's inhabitants generally welcomed the move. In May 2011, Ikililou DHOININE won the presidency in peaceful elections widely deemed to be free and fair. Former President AZALI Assoumani was declared the winner of the closely contested 2016 presidential election."
    }
  },
  "Geography": {
    "Location": {
      "text": "Southern Africa, group of islands at the northern mouth of the Mozambique Channel, about two-thirds of the way between northern Madagascar and northern Mozambique"
    },
    "Geographic coordinates": {
      "text": "12 10 S, 44 15 E"
    },
    "Map references": {
      "text": "Africa"
    },
    "Area": {
      "total": {
        "text": "2,235 sq km"
      },
      "land": {
        "text": "2,235 sq km"
      },
      "water": {
        "text": "0 sq km"
      }
    },
    "Area - comparative": {
      "text": "slightly more than 12 times the size of Washington, DC"
    },
    "Land boundaries": {
      "text": "0 km"
    },
    "Coastline": {
      "text": "340 km"
    },
    "Maritime claims": {
      "territorial sea": {
        "text": "12 nm"
      },
      "exclusive economic zone": {
        "text": "200 nm"
      }
    },
    "Climate": {
      "text": "tropical marine; rainy season (November to May)"
    },
    "Terrain": {
      "text": "volcanic islands, interiors vary from steep mountains to low hills"
    },
    "Elevation": {
      "mean elevation": {
        "text": "NA"
      },
      "elevation extremes": {
        "text": "lowest point: Indian Ocean 0 m ++ highest point: Karthala 2,360 m"
      }
    },
    "Natural resources": {
      "text": "fish"
    },
    "Land use": {
      "agricultural land": {
        "text": "84.4% ++ arable land 46.7%; permanent crops 29.6%; permanent pasture 8.1%"
      },
      "forest": {
        "text": "1.4%"
      },
      "other": {
        "text": "14.2% (2011 est.)"
      }
    },
    "Irrigated land": {
      "text": "1.3 sq km (2012)"
    },
    "Natural hazards": {
      "text": "cyclones possible during rainy season (December to April); volcanic activity on Grand Comore",
      "volcanism": {
        "text": "Karthala (elev. 2,361 m) on Grand Comore Island last erupted in 2007; a 2005 eruption forced thousands of people to be evacuated and produced a large ash cloud"
      }
    },
    "Environment - current issues": {
      "text": "soil degradation and erosion results from crop cultivation on slopes without proper terracing; deforestation"
    },
    "Environment - international agreements": {
      "party to": {
        "text": "Biodiversity, Climate Change, Climate Change-Kyoto Protocol, Desertification, Endangered Species, Hazardous Wastes, Law of the Sea, Ozone Layer Protection, Ship Pollution, Wetlands"
      },
      "signed, but not ratified": {
        "text": "none of the selected agreements"
      }
    },
    "Geography - note": {
      "text": "important location at northern end of Mozambique Channel"
    }
  },
  "People and Society": {
    "Population": {
      "text": "794,678 (July 2016 est.)"
    },
    "Nationality": {
      "noun": {
        "text": "Comoran(s)"
      },
      "adjective": {
        "text": "Comoran"
      }
    },
    "Ethnic groups": {
      "text": "Antalote, Cafre, Makoa, Oimatsaha, Sakalava"
    },
    "Languages": {
      "text": "Arabic (official), French (official), Shikomoro (official; a blend of Swahili and Arabic) (Comorian)"
    },
    "Religions": {
      "text": "Sunni Muslim 98%, Roman Catholic 2%",
      "note": {
        "text": "Islam is the state religion"
      }
    },
    "Demographic profile": {
      "text": "Comoros’ population is a m�lange of Arabs, Persians, Indonesians, Africans, and Indians, and the much smaller number of Europeans that settled on the islands between the 8th and 19th centuries, when they served as a regional trade hub. The Arab and Persian influence is most evident in the islands’ overwhelmingly Muslim majority – about 98% of Comorans are Sunni Muslims. The country is densely populated, averaging nearly 350 people per square mile, although this varies widely among the islands, with Anjouan being the most densely populated. Given the large share of land dedicated to agriculture and Comoros’ growing population, habitable land is becoming increasingly crowded. The combination of increasing population pressure on limited land and resources, widespread poverty, and poor job prospects motivates thousands of Comorans each year to attempt to illegally migrate using small fishing boats to the neighboring island of Mayotte, which is a French territory. The majority of legal Comoran migration to France came after Comoros’ independence from France in 1975, with the flow peaking in the mid-1980s. At least 150,000 to 200,000 people of Comoran citizenship or descent live abroad, mainly in France, where they have gone seeking a better quality of life, job opportunities, higher education (Comoros has no universities), advanced health care, and to finance elaborate traditional wedding ceremonies (aada). Remittances from the diaspora are an economic mainstay, in 2013 representing approximately 25% of Comoros’ GDP and significantly more than the value of its exports of goods and services (only 15% of GDP). Grand Comore, Comoros’ most populous island, is both the primary source of emigrants and the main recipient of remittances. Most remittances are spent on private consumption, but this often goes toward luxury goods and the aada and does not contribute to economic development or poverty reduction. Although the majority of the diaspora is now French-born with more distant ties to Comoros, it is unclear whether they will sustain the current level of remittances."
    },
    "Age structure": {
      "0-14 years": {
        "text": "40.1% (male 158,809/female 159,840)"
      },
      "15-24 years": {
        "text": "19.23% (male 73,947/female 78,831)"
      },
      "25-54 years": {
        "text": "32.58% (male 122,936/female 135,962)"
      },
      "55-64 years": {
        "text": "4.21% (male 14,850/female 18,611)"
      },
      "65 years and over": {
        "text": "3.89% (male 14,321/female 16,571) (2016 est.)"
      }
    },
    "Dependency ratios": {
      "total dependency ratio": {
        "text": "75.6%"
      },
      "youth dependency ratio": {
        "text": "70.7%"
      },
      "elderly dependency ratio": {
        "text": "4.9%"
      },
      "potential support ratio": {
        "text": "20.4% (2015 est.)"
      }
    },
    "Median age": {
      "total": {
        "text": "19.6 years"
      },
      "male": {
        "text": "19 years"
      },
      "female": {
        "text": "20.2 years (2016 est.)"
      }
    },
    "Population growth rate": {
      "text": "1.71% (2016 est.)"
    },
    "Birth rate": {
      "text": "26.9 births/1,000 population (2016 est.)"
    },
    "Death rate": {
      "text": "7.4 deaths/1,000 population (2016 est.)"
    },
    "Net migration rate": {
      "text": "-2.5 migrant(s)/1,000 population (2016 est.)"
    },
    "Urbanization": {
      "urban population": {
        "text": "28.3% of total population (2015)"
      },
      "rate of urbanization": {
        "text": "2.67% annual rate of change (2010-15 est.)"
      }
    },
    "Major urban areas - population": {
      "text": "MORONI (capital) 56,000 (2014)"
    },
    "Sex ratio": {
      "at birth": {
        "text": "1.03 male(s)/female"
      },
      "0-14 years": {
        "text": "0.99 male(s)/female"
      },
      "15-24 years": {
        "text": "0.94 male(s)/female"
      },
      "25-54 years": {
        "text": "0.9 male(s)/female"
      },
      "55-64 years": {
        "text": "0.8 male(s)/female"
      },
      "65 years and over": {
        "text": "0.88 male(s)/female"
      },
      "total population": {
        "text": "0.94 male(s)/female (2016 est.)"
      }
    },
    "Mother's mean age at first birth": {
      "text": "24.6",
      "note": {
        "text": "median age at first birth among women 25-29 (2012 est.)"
      }
    },
    "Maternal mortality rate": {
      "text": "335 deaths/100,000 live births (2015 est.)"
    },
    "Infant mortality rate": {
      "total": {
        "text": "61.8 deaths/1,000 live births"
      },
      "male": {
        "text": "72.2 deaths/1,000 live births"
      },
      "female": {
        "text": "51 deaths/1,000 live births (2016 est.)"
      }
    },
    "Life expectancy at birth": {
      "total population": {
        "text": "64.2 years"
      },
      "male": {
        "text": "61.9 years"
      },
      "female": {
        "text": "66.6 years (2016 est.)"
      }
    },
    "Total fertility rate": {
      "text": "3.47 children born/woman (2016 est.)"
    },
    "Contraceptive prevalence rate": {
      "text": "19.4% (2012)"
    },
    "Health expenditures": {
      "text": "6.7% of GDP (2014)"
    },
    "Hospital bed density": {
      "text": "2.2 beds/1,000 population (2006)"
    },
    "Drinking water source": {
      "improved": {
        "text": " ++ urban: 92.6% of population ++ rural: 89.1% of population ++ total: 90.1% of population"
      },
      "unimproved": {
        "text": " ++ urban: 7.4% of population ++ rural: 10.9% of population ++ total: 9.9% of population (2015 est.)"
      }
    },
    "Sanitation facility access": {
      "improved": {
        "text": " ++ urban: 48.3% of population ++ rural: 30.9% of population ++ total: 35.8% of population"
      },
      "unimproved": {
        "text": " ++ urban: 51.7% of population ++ rural: 69.1% of population ++ total: 64.2% of population (2015 est.)"
      }
    },
    "HIV/AIDS - adult prevalence rate": {
      "text": "NA"
    },
    "HIV/AIDS - people living with HIV/AIDS": {
      "text": "NA"
    },
    "HIV/AIDS - deaths": {
      "text": "NA"
    },
    "Obesity - adult prevalence rate": {
      "text": "5.8% (2014)"
    },
    "Children under the age of 5 years underweight": {
      "text": "16.9% (2012)"
    },
    "Education expenditures": {
      "text": "5.1% of GDP (2012)"
    },
    "Literacy": {
      "definition": {
        "text": "age 15 and over can read and write"
      },
      "total population": {
        "text": "77.8%"
      },
      "male": {
        "text": "81.8%"
      },
      "female": {
        "text": "73.7% (2015 est.)"
      }
    },
    "School life expectancy (primary to tertiary education)": {
      "total": {
        "text": "11 years"
      },
      "male": {
        "text": "11 years"
      },
      "female": {
        "text": "11 years (2013)"
      }
    }
  },
  "Government": {
    "Country name": {
      "conventional long form": {
        "text": "Union of the Comoros"
      },
      "conventional short form": {
        "text": "Comoros"
      },
      "local long form": {
        "text": "Udzima wa Komori (Comorian); Union des Comores (French); Jumhuriyat al Qamar al Muttahidah (Arabic)"
      },
      "local short form": {
        "text": "Komori (Comorian); Comores (French); Juzur al Qamar (Arabic)"
      },
      "etymology": {
        "text": "name derives from the Arabic designation \"Juzur al Qamar\" meaning \"Islands of the Moon\""
      }
    },
    "Government type": {
      "text": "federal presidential republic"
    },
    "Capital": {
      "name": {
        "text": "Moroni"
      },
      "geographic coordinates": {
        "text": "11 42 S, 43 14 E"
      },
      "time difference": {
        "text": "UTC+3 (8 hours ahead of Washington, DC, during Standard Time)"
      }
    },
    "Administrative divisions": {
      "text": "3 islands and 4 municipalities*; Anjouan (Ndzuwani), Domoni*, Fomboni*, Grande Comore (N'gazidja), Moheli (Mwali), Moroni*, Moutsamoudou*"
    },
    "Independence": {
      "text": "6 July 1975 (from France)"
    },
    "National holiday": {
      "text": "Independence Day, 6 July (1975)"
    },
    "Constitution": {
      "text": "previous 1996; latest ratified 23 December 2001; amended 2009, 2014 (2016)"
    },
    "Legal system": {
      "text": "mixed legal system of Islamic religious law, the French civil code of 1975, and customary law"
    },
    "International law organization participation": {
      "text": "has not submitted an ICJ jurisdiction declaration; accepts ICCt jurisdiction"
    },
    "Citizenship": {
      "citizenship by birth": {
        "text": "no"
      },
      "citizenship by descent only": {
        "text": "at least one parent must be a citizen of the Comoros"
      },
      "dual citizenship recognized": {
        "text": "no"
      },
      "residency requirement for naturalization": {
        "text": "10 years"
      }
    },
    "Suffrage": {
      "text": "18 years of age; universal"
    },
    "Executive branch": {
      "chief of state": {
        "text": "President Azail ASSOUMANI (since 26 May 2016); note - the president is both chief of state and head of government"
      },
      "head of government": {
        "text": "President Azail ASSOUMANI (since 26 May 2016)"
      },
      "cabinet": {
        "text": "Council of Ministers appointed by the president"
      },
      "elections/appointments": {
        "text": "the Union presidency rotates among the 3 islands; president directly elected by simple majority popular vote in 2 rounds for a single nonrenewable 5-year term (in the first round or primary, 3 candidates with the highest vote count by voters on the island concerned compete in the second round; second round winner determined by simple majority vote by voters on all 3 islands; election last held on 21 February 2016 and second round held 10 April 2016 (next to be held in 2021); note - in addition to the Union president, each island elects its own president"
      },
      "election results": {
        "text": "Azail ASSOUMANI elected president in the second round of voting by a plurality; percent of vote in first round - Mohamed Ali SOILIHI 17.6%, Mouigni BARAKA 15.1%, Azali ASSOUMANI 15%, Fahmi Said IBRAHIM 14.5%; percent of vote in second round - Azail ASSOUMANI 41%, Mohamed Ali SOILIHI 39.9%; Mouigni BARAKA 19.1%"
      }
    },
    "Legislative branch": {
      "description": {
        "text": "unicameral Assembly of the Union (33 seats; 24 members elected by absolute majority vote in 2 rounds if needed and 9 members indirectly selected by island assemblies; members serve 5-year terms)"
      },
      "elections": {
        "text": "last held on 25 January and 22 February 2015 (next to be held in 2020)"
      },
      "election results": {
        "text": "percent of vote by party - NA; seats by party - UPDC 8, PJ 7, RDC 2, CRC 2, RADHI 1, PEC 1, independents 3; note - in addition 9 seats will be filled by nominations from the 3 island assemblies"
      }
    },
    "Judicial branch": {
      "highest court(s)": {
        "text": "Supreme Court or Cour Supreme (consists of 7 judges); Constitutional Court (consists of 8 members)"
      },
      "judge selection and term of office": {
        "text": "Supreme Court judges - 2 selected by the president of the Union, 2 by the Assembly of the Union, and 1 each by the 3 island councils; judges appointed for life; Constitutional Court members appointed - 1 by the president, 1 each by the 3 vice presidents, 1 by the Assembly, and 1 each by the island executives; all members serve 6-year renewable terms"
      },
      "subordinate courts": {
        "text": "Court of Appeals (in Moroni); Tribunal de premiere instance; island village (community) courts; religious courts"
      }
    },
    "Political parties and leaders": {
      "text": "Convention for the Renewal of the Comoros or CRC [AZALI Assoumani] ++ Democratic Rally of the Comoros or RDC [Mouigni BARAKA] ++ Juwa Party or PJ [Ahmed Abdallah SAMBI] ++ Party for the Comorian Agreement (Partie Pour l'Entente Commorienne) or PEC [Fahmi Said IBRAHIM] ++ Rally for an Alternative of Harmonious and Integrated Development or RADHI [Abdou SOEFO] ++ Rally with a Development Intiiative for Enlightened Youth or RIDJA [Said Larifou] ++ Union for the Development of the Comoros or UPDC [Mohamed HALIFA]"
    },
    "Political pressure groups and leaders": {
      "text": "Federation Comorienne des Consomateurs or FCC [Mohamed Said Abdallah MCHANGANA] ++ Mouvement des Entreprises comorienne or MODEC [Faharate HOUSSEIN] ++ Union des Chambres de Commerce et de l'Industrie et de l'Agriculture or UCCIA [Fahmy THABIT] ++ Confederation des Travailleurs Comoriens or CTC",
      "other": {
        "text": "environmentalists"
      }
    },
    "International organization participation": {
      "text": "ACP, AfDB, AMF, AOSIS, AU, CAEU (candidates), COMESA, FAO, FZ, G-77, IBRD, ICAO, ICCt, ICRM, IDA, IDB, IFAD, IFC, IFRCS, ILO, IMF, IMO, IMSO, InOC, Interpol, IOC, IOM, ITSO, ITU, ITUC (NGOs), LAS, MIGA, NAM, OIC, OIF, OPCW, UN, UNCTAD, UNESCO, UNIDO, UPU, WCO, WHO, WIPO, WMO, WTO (observer)"
    },
    "Diplomatic representation in the US": {
      "chief of mission": {
        "text": "Ambassador Soilihi Mohamed MAMADOU (since 18 November 2014)"
      },
      "chancery": {
        "text": "Mission to the US, 866 United Nations Plaza, Suite 418, New York, NY 10017"
      },
      "telephone": {
        "text": "[1] (212) 750-1637"
      },
      "FAX": {
        "text": "[1] (212) 750-1657"
      }
    },
    "Diplomatic representation from the US": {
      "text": "the US does not have an embassy in Comoros; the US Ambassador to Madagascar is accredited to Comoros"
    },
    "Flag description": {
      "text": "four equal horizontal bands of yellow (top), white, red, and blue, with a green isosceles triangle based on the hoist; centered within the triangle is a white crescent with the convex side facing the hoist and four white, five-pointed stars placed vertically in a line between the points of the crescent; the horizontal bands and the four stars represent the four main islands of the archipelago - Mwali, N'gazidja, Ndzuwani, and Mahore (Mayotte - department of France, but claimed by Comoros)",
      "note": {
        "text": "the crescent, stars, and color green are traditional symbols of Islam"
      }
    },
    "National symbol(s)": {
      "text": "four stars and crescent; national colors: green, white"
    },
    "National anthem": {
      "name": {
        "text": "\"Udzima wa ya Masiwa\" (The Union of the Great Islands)"
      },
      "lyrics/music": {
        "text": "Said Hachim SIDI ABDEREMANE/Said Hachim SIDI ABDEREMANE and Kamildine ABDALLAH"
      },
      "note": {
        "text": "adopted 1978"
      }
    }
  },
  "Economy": {
    "Economy - overview": {
      "text": "One of the world's poorest countries, Comoros is made up of three islands that are hampered by inadequate transportation links, a young and rapidly increasing population, and few natural resources. The low educational level of the labor force contributes to a subsistence level of economic activity and a heavy dependence on foreign grants and technical assistance. Agriculture, including fishing, hunting, and forestry, accounts for 50% of GDP, employs 80% of the labor force, and provides most of the exports. Export income is heavily reliant on the three main crops of vanilla, cloves, and ylang-ylang; and Comoros' export earnings are easily disrupted by disasters such as fires and extreme weather. Despite agriculture’s importance to the economy, the country imports roughly 70% of its food; rice, the main staple, accounts for the bulk of imports. ++  ++ Authorities are negotiating with the IMF for triennial program assistance. The government - which is racked by internal political disputes - is struggling to provide basic services, upgrade education and technical training, privatize commercial and industrial enterprises, improve health services, diversify exports, promote tourism, and reduce the high population growth rate. Recurring political instability, sometimes initiated from outside the country, has inhibited growth. Remittances from about 200,000 Comorans contribute about 25% of the country’s GDP. In December 2012, IMF and the World Bank's International Development Association supported $176 million in debt relief for Comoros, resulting in a 59% reduction of its future external debt service over a period of 40 years. In late 2013, a US-based investment company invested $200 million in a project to explore for hydrocarbons in Comoran territorial waters, the largest financial investment in the country’s history."
    },
    "GDP (purchasing power parity)": {
      "text": "$1.214 billion (2015 est.) ++ $1.202 billion (2014 est.) ++ $1.179 billion (2013 est.)",
      "note": {
        "text": "data are in 2015 US dollars"
      }
    },
    "GDP (official exchange rate)": {
      "text": "$589 million (2015 est.)"
    },
    "GDP - real growth rate": {
      "text": "1% (2015 est.) ++ 2% (2014 est.) ++ 3.5% (2013 est.)"
    },
    "GDP - per capita (PPP)": {
      "text": "$1,500 (2015 est.) ++ $1,500 (2014 est.) ++ $1,600 (2013 est.)",
      "note": {
        "text": "data are in 2015 US dollars"
      }
    },
    "Gross national saving": {
      "text": "14.6% of GDP (2015 est.) ++ 12.4% of GDP (2014 est.) ++ 12.2% of GDP (2013 est.)"
    },
    "GDP - composition, by end use": {
      "household consumption": {
        "text": "102.2%"
      },
      "government consumption": {
        "text": "18.4%"
      },
      "investment in fixed capital": {
        "text": "14.4%"
      },
      "investment in inventories": {
        "text": "13.1%"
      },
      "exports of goods and services": {
        "text": "19.4%"
      },
      "imports of goods and services": {
        "text": "-67.5% (2015 est.)"
      }
    },
    "GDP - composition, by sector of origin": {
      "agriculture": {
        "text": "49.6%"
      },
      "industry": {
        "text": "12.2%"
      },
      "services": {
        "text": "38.2% (2015 est.)"
      }
    },
    "Agriculture - products": {
      "text": "vanilla, cloves, ylang-ylang (perfume essence), coconuts, bananas, cassava (manioc)"
    },
    "Industries": {
      "text": "fishing, tourism, perfume distillation"
    },
    "Industrial production growth rate": {
      "text": "1% (2015 est.)"
    },
    "Labor force": {
      "text": "245,200 (2013 est.)"
    },
    "Labor force - by occupation": {
      "agriculture": {
        "text": "80%"
      },
      "industry and services": {
        "text": "20% (1996 est.)"
      }
    },
    "Unemployment rate": {
      "text": "6.5% (2014 est.)"
    },
    "Population below poverty line": {
      "text": "44.8% (2004 est.)"
    },
    "Household income or consumption by percentage share": {
      "lowest 10%": {
        "text": "0.9%"
      },
      "highest 10%": {
        "text": "55.2% (2004)"
      }
    },
    "Budget": {
      "revenues": {
        "text": "$159.2 million"
      },
      "expenditures": {
        "text": "$175.4 million (2015 est.)"
      }
    },
    "Taxes and other revenues": {
      "text": "27% of GDP (2015 est.)"
    },
    "Budget surplus (+) or deficit (-)": {
      "text": "-2.8% of GDP (2015 est.)"
    },
    "Fiscal year": {
      "text": "calendar year"
    },
    "Inflation rate (consumer prices)": {
      "text": "1.3% (2015 est.) ++ 1.5% (2014 est.)"
    },
    "Central bank discount rate": {
      "text": "1.93% (31 December 2010) ++ 2.21% (31 December 2009)"
    },
    "Commercial bank prime lending rate": {
      "text": "10.5% (31 December 2015 est.) ++ 10.5% (31 December 2014 est.)"
    },
    "Stock of narrow money": {
      "text": "$169 million (31 December 2015 est.) ++ $153.6 million (31 December 2014 est.)"
    },
    "Stock of broad money": {
      "text": "$269.6 million (31 December 2014 est.) ++ $251.9 million (31 December 2013 est.)"
    },
    "Stock of domestic credit": {
      "text": "$142.4 million (31 December 2015 est.) ++ $166.6 million (31 December 2014 est.)"
    },
    "Current account balance": {
      "text": "-$60 million (2015 est.) ++ -$74 million (2014 est.)"
    },
    "Exports": {
      "text": "$18.9 million (2015 est.) ++ $19.8 million (2014 est.)"
    },
    "Exports - commodities": {
      "text": "vanilla, ylang-ylang (perfume essence), cloves"
    },
    "Exports - partners": {
      "text": "India 28.7%, France 17%, Germany 8.7%, Saudi Arabia 7.1%, Singapore 6.6%, Netherlands 6.1%, Mauritius 5.3% (2015)"
    },
    "Imports": {
      "text": "$195.9 million (2015 est.) ++ $212.6 million (2014 est.)"
    },
    "Imports - commodities": {
      "text": "rice and other foodstuffs, consumer goods, petroleum products, cement and construction materials, transport equipment"
    },
    "Imports - partners": {
      "text": "China 18.9%, Pakistan 16.2%, France 14.7%, UAE 11.3%, India 6.3% (2015)"
    },
    "Debt - external": {
      "text": "$132.8 million (31 December 2015 est.) ++ $145 million (31 December 2014 est.)"
    },
    "Exchange rates": {
      "text": "Comoran francs (KMF) per US dollar - ++ 443.6 (2015 est.) ++ 370.81 (2014 est.) ++ 370.81 (2013 est.) ++ 382.9 (2012 est.) ++ 353.9 (2011 est.)"
    }
  },
  "Energy": {
    "Electricity access": {
      "population without electricity": {
        "text": "200,000"
      },
      "electrification - total population": {
        "text": "69%"
      },
      "electrification - urban areas": {
        "text": "89%"
      },
      "electrification - rural areas": {
        "text": "62% (2013)"
      }
    },
    "Electricity - production": {
      "text": "44 million kWh (2014 est.)"
    },
    "Electricity - consumption": {
      "text": "40.92 million kWh (2014 est.)"
    },
    "Electricity - exports": {
      "text": "0 kWh (2013 est.)"
    },
    "Electricity - imports": {
      "text": "0 kWh (2013 est.)"
    },
    "Electricity - installed generating capacity": {
      "text": "22,000 kW (2014 est.)"
    },
    "Electricity - from fossil fuels": {
      "text": "95.5% of total installed capacity (2012 est.)"
    },
    "Electricity - from nuclear fuels": {
      "text": "0% of total installed capacity (2012 est.)"
    },
    "Electricity - from hydroelectric plants": {
      "text": "4.5% of total installed capacity (2012 est.)"
    },
    "Electricity - from other renewable sources": {
      "text": "0% of total installed capacity (2012 est.)"
    },
    "Crude oil - production": {
      "text": "0 bbl/day (2015 est.)"
    },
    "Crude oil - exports": {
      "text": "0 bbl/day (2013 est.)"
    },
    "Crude oil - imports": {
      "text": "0 bbl/day (2013 est.)"
    },
    "Crude oil - proved reserves": {
      "text": "0 bbl (1 January 2016 es)"
    },
    "Refined petroleum products - production": {
      "text": "0 bbl/day (2013 est.)"
    },
    "Refined petroleum products - consumption": {
      "text": "1,300 bbl/day (2014 est.)"
    },
    "Refined petroleum products - exports": {
      "text": "0 bbl/day (2013 est.)"
    },
    "Refined petroleum products - imports": {
      "text": "1,350 bbl/day (2013 est.)"
    },
    "Natural gas - production": {
      "text": "0 cu m (2013 est.)"
    },
    "Natural gas - consumption": {
      "text": "0 cu m (2013 est.)"
    },
    "Natural gas - exports": {
      "text": "0 cu m (2013 est.)"
    },
    "Natural gas - imports": {
      "text": "0 cu m (2013 est.)"
    },
    "Natural gas - proved reserves": {
      "text": "0 cu m (1 January 2014 es)"
    },
    "Carbon dioxide emissions from consumption of energy": {
      "text": "200,000 Mt (2013 est.)"
    }
  },
  "Communications": {
    "Telephones - fixed lines": {
      "total subscriptions": {
        "text": "24,000"
      },
      "subscriptions per 100 inhabitants": {
        "text": "3 (July 2015 est.)"
      }
    },
    "Telephones - mobile cellular": {
      "total": {
        "text": "422,000"
      },
      "subscriptions per 100 inhabitants": {
        "text": "54 (July 2015 est.)"
      }
    },
    "Telephone system": {
      "general assessment": {
        "text": "sparse system of microwave radio relay and HF radiotelephone communication stations"
      },
      "domestic": {
        "text": "fixed-line connections only about 3 per 100 persons; mobile cellular usage over 50 per 100 persons"
      },
      "international": {
        "text": "country code - 269; landing point for the EASSy fiber-optic submarine cable system connecting East Africa with Europe and North America; HF radiotelephone communications to Madagascar and Reunion (2015)"
      }
    },
    "Broadcast media": {
      "text": "national state-owned TV station and a TV station run by Anjouan regional government; national state-owned radio; regional governments on the islands of Grande Comore and Anjouan each operate a radio station; a few independent and small community radio stations operate on the islands of Grande Comore and Moheli, and these two islands have access to Mayotte Radio and French TV (2007)"
    },
    "Internet country code": {
      "text": ".km"
    },
    "Internet users": {
      "total": {
        "text": "58,000"
      },
      "percent of population": {
        "text": "7.5% (July 2015 est.)"
      }
    }
  },
  "Transportation": {
    "National air transport system": {
      "number of registered air carriers": {
        "text": "2"
      },
      "inventory of registered aircraft operated by air carriers": {
        "text": "9 (2015)"
      }
    },
    "Civil aircraft registration country code prefix": {
      "text": "D6 (2016)"
    },
    "Airports": {
      "text": "4 (2013)"
    },
    "Airports - with paved runways": {
      "total": {
        "text": "4"
      },
      "2,438 to 3,047 m": {
        "text": "1"
      },
      "914 to 1,523 m": {
        "text": "3 (2013)"
      }
    },
    "Roadways": {
      "total": {
        "text": "880 km"
      },
      "paved": {
        "text": "673 km"
      },
      "unpaved": {
        "text": "207 km (2002)"
      }
    },
    "Merchant marine": {
      "total": {
        "text": "149"
      },
      "by type": {
        "text": "bulk carrier 16, cargo 83, carrier 5, chemical tanker 5, container 2, passenger 2, passenger/cargo 1, petroleum tanker 17, refrigerated cargo 10, roll on/roll off 8"
      },
      "foreign-owned": {
        "text": "73 (Bangladesh 1, Bulgaria 4, China 1, Cyprus 2, Greece 4, Kenya 2, Kuwait 1, Latvia 2, Lebanon 2, Lithuania 1, Nigeria 1, Norway 1, Pakistan 5, Russia 12, Syria 5, Turkey 8, UAE 8, UK 1, Ukraine 10, US 2) (2010)"
      }
    },
    "Ports and terminals": {
      "major seaport(s)": {
        "text": "Moroni, Mutsamudu"
      }
    }
  },
  "Military and Security": {
    "Military branches": {
      "text": "National Army for Development (l'Armee Nationale de Developpement, AND): Comoran Security Force (also called Comoran Defense Force (Force Comorienne de Defense, FCD), includes Gendarmerie), Comoran Coast Guard, Comoran Federal Police (2015)"
    },
    "Military service age and obligation": {
      "text": "18 years of age for 2-year voluntary male and female military service; no conscription (2015)"
    }
  },
  "Transnational Issues": {
    "Disputes - international": {
      "text": "claims French-administered Mayotte and challenges France's and Madagascar's claims to Banc du Geyser, a drying reef in the Mozambique Channel; in May 2008, African Union forces assisted the Comoros military recapture Anjouan Island from rebels who seized it in 2001"
    },
    "Trafficking in persons": {
      "current situation": {
        "text": "Comoros is a source country for children subjected to forced labor and, reportedly, sex trafficking domestically, and women and children are subjected to forced labor in Mayotte; it is possibly a transit and destination country for Malagasy women and girls and a transit country for East African women and girls exploited in domestic service in the Middle East; Comoran children are forced to labor in domestic service, roadside and street vending, baking, fishing, and agriculture; some Comoran students at Koranic schools are exploited for forced agricultural or domestic labor, sometimes being subjected to physical and sexual abuse; Comoros may be particularly vulnerable to transnational trafficking because of inadequate border controls, government corruption, and the presence of international criminal networks"
      },
      "tier rating": {
        "text": "Tier 3 – Comoros does not fully comply with the minimum standards for the elimination of trafficking and was placed on Tier 3 after being on the Tier 2 Watch List for two consecutive years without making progress; Parliament passed revisions to the penal code in 2014, including anti-trafficking provisions and enforcement guidelines, but these amendments have not yet been passed approved by the President and put into effect; a new child labor law was passed in 2015 prohibiting child trafficking, but existing laws do not criminalize the forced prostitution of adults; authorities did not investigate, prosecute, or convict alleged trafficking offenders, including complicit officials; the government lacked victim identification and care referral procedures, did not assist any victims during 2014, and provided minimal support to NGOs offering victims psychosocial services (2015)"
      }
    }
  }
}