{
  "Introduction": {
    "Background": {
      "text": "The former French colony of Ubangi-Shari became the Central African Republic upon independence in 1960. After three tumultuous decades of misrule - mostly by military governments - civilian rule was established in 1993 but lasted only a decade. In March 2003, President Ange-Felix PATASSE was deposed in a military coup led by General Francois BOZIZE, who established a transitional government. Elections held in 2005 affirmed General BOZIZE as president; he was reelected in 2011 in voting widely viewed as flawed. The government still lacks full control of the countryside, where lawlessness persists. The militant group, Lord's Resistance Army, continues to destabilize southeastern Central African Republic, and several rebel groups joined together in early December 2012 to launch a series of attacks that left them in control of numerous towns in the northern and central parts of the country. The rebels - unhappy with BOZIZE's government - participated in peace talks in early January 2013 which resulted in a coalition government including the rebellion's leadership. In March 2013, the coalition government dissolved, rebels seized the capital, and President BOZIZE fled the country. Rebel leader Michel DJOTODIA assumed the presidency and the following month established a National Transitional Council (CNT). In January 2014, the CNT elected Catherine SAMBA-PANZA as interim president. Elections completed in March 2016 installed independent candidate Faustin-Archange TOUADERA as president."
    }
  },
  "Geography": {
    "Location": {
      "text": "Central Africa, north of Democratic Republic of the Congo"
    },
    "Geographic coordinates": {
      "text": "7 00 N, 21 00 E"
    },
    "Map references": {
      "text": "Africa"
    },
    "Area": {
      "total": {
        "text": "622,984 sq km"
      },
      "land": {
        "text": "622,984 sq km"
      },
      "water": {
        "text": "0 sq km"
      }
    },
    "Area - comparative": {
      "text": "slightly smaller than Texas"
    },
    "Land boundaries": {
      "total": {
        "text": "5,920 km"
      },
      "border countries": {
        "text": "Cameroon 901 km, Chad 1,556 km, Democratic Republic of the Congo 1,747 km, Republic of the Congo 487 km, South Sudan 1,055 km, Sudan 174 km"
      }
    },
    "Coastline": {
      "text": "0 km (landlocked)"
    },
    "Maritime claims": {
      "text": "none (landlocked)"
    },
    "Climate": {
      "text": "tropical; hot, dry winters; mild to hot, wet summers"
    },
    "Terrain": {
      "text": "vast, flat to rolling plateau; scattered hills in northeast and southwest"
    },
    "Elevation": {
      "mean elevation": {
        "text": "635 m"
      },
      "elevation extremes": {
        "text": "lowest point: Oubangui River 335 m ++ highest point: Mont Ngaoui 1,420 m"
      }
    },
    "Natural resources": {
      "text": "diamonds, uranium, timber, gold, oil, hydropower"
    },
    "Land use": {
      "agricultural land": {
        "text": "8.1% ++ arable land 2.9%; permanent crops 0.1%; permanent pasture 5.1%"
      },
      "forest": {
        "text": "36.2%"
      },
      "other": {
        "text": "55.7% (2011 est.)"
      }
    },
    "Irrigated land": {
      "text": "10 sq km (2012)"
    },
    "Natural hazards": {
      "text": "hot, dry, dusty harmattan winds affect northern areas; floods are common"
    },
    "Environment - current issues": {
      "text": "tap water is not potable; poaching has diminished the country's reputation as one of the last great wildlife refuges; desertification; deforestation"
    },
    "Environment - international agreements": {
      "party to": {
        "text": "Biodiversity, Climate Change, Climate Change-Kyoto Protocol, Desertification, Endangered Species, Hazardous Wastes, Ozone Layer Protection, Tropical Timber 94, Wetlands"
      },
      "signed, but not ratified": {
        "text": "Law of the Sea"
      }
    },
    "Geography - note": {
      "text": "landlocked; almost the precise center of Africa"
    }
  },
  "People and Society": {
    "Population": {
      "text": "5,507,257",
      "note": {
        "text": "estimates for this country explicitly take into account the effects of excess mortality due to AIDS; this can result in lower life expectancy, higher infant mortality, higher death rates, lower population growth rates, and changes in the distribution of population by age and sex than would otherwise be expected (July 2016 est.)"
      }
    },
    "Nationality": {
      "noun": {
        "text": "Central African(s)"
      },
      "adjective": {
        "text": "Central African"
      }
    },
    "Ethnic groups": {
      "text": "Baya 33%, Banda 27%, Mandjia 13%, Sara 10%, Mboum 7%, M'Baka 4%, Yakoma 4%, other 2%"
    },
    "Languages": {
      "text": "French (official), Sangho (lingua franca and national language), tribal languages"
    },
    "Religions": {
      "text": "indigenous beliefs 35%, Protestant 25%, Roman Catholic 25%, Muslim 15%",
      "note": {
        "text": "animistic beliefs and practices strongly influence the Christian majority"
      }
    },
    "Demographic profile": {
      "text": "The Central African Republic’s (CAR) humanitarian crisis has worsened since a coup in March 2013. CAR’s high mortality rate and low life expectancy are attributed to elevated rates of preventable and treatable diseases (including malaria and malnutrition), an inadequate health care system, precarious food security, and armed conflict. Some of the worst mortality rates are in western CAR’s diamond mining region, which is impoverished because of government attempts to control the diamond trade and the fall in industrial diamond prices. To make matters worse, the government and international donors have reduced health funding in recent years. The CAR’s weak educational system and low literacy rate have also suffered as a result of the country’s ongoing conflict. Schools are closed, qualified teachers are scarce, infrastructure, funding, and supplies are lacking and subject to looting, and many students and teachers are displaced by violence. Rampant poverty, human rights violations, unemployment, poor infrastructure, and a lack of security and stability have led to forced displacement internally and externally. Since the political crisis that resulted in CAR’s March 2013 coup began in December 2012, approximately 370,000 people have fled to Chad, the Democratic Republic of the Congo (DRC), and other neighboring countries, while an estimated 385,000 are displaced internally. The UN has urged countries to refrain from repatriating CAR refugees amid the heightened lawlessness."
    },
    "Age structure": {
      "0-14 years": {
        "text": "40.27% (male 1,114,727/female 1,102,809)"
      },
      "15-24 years": {
        "text": "19.98% (male 553,264/female 547,308)"
      },
      "25-54 years": {
        "text": "32.24% (male 888,304/female 887,348)"
      },
      "55-64 years": {
        "text": "4.04% (male 101,306/female 120,964)"
      },
      "65 years and over": {
        "text": "3.47% (male 74,516/female 116,711) (2016 est.)"
      }
    },
    "Dependency ratios": {
      "total dependency ratio": {
        "text": "75.2%"
      },
      "youth dependency ratio": {
        "text": "68.4%"
      },
      "elderly dependency ratio": {
        "text": "6.8%"
      },
      "potential support ratio": {
        "text": "14.8% (2015 est.)"
      }
    },
    "Median age": {
      "total": {
        "text": "19.6 years"
      },
      "male": {
        "text": "19.3 years"
      },
      "female": {
        "text": "19.9 years (2016 est.)"
      }
    },
    "Population growth rate": {
      "text": "2.12% (2016 est.)"
    },
    "Birth rate": {
      "text": "34.7 births/1,000 population (2016 est.)"
    },
    "Death rate": {
      "text": "13.5 deaths/1,000 population (2016 est.)"
    },
    "Net migration rate": {
      "text": "0 migrant(s)/1,000 population (2016 est.)"
    },
    "Urbanization": {
      "urban population": {
        "text": "40% of total population (2015)"
      },
      "rate of urbanization": {
        "text": "2.59% annual rate of change (2010-15 est.)"
      }
    },
    "Major urban areas - population": {
      "text": "BANGUI (capital) 794,000 (2015)"
    },
    "Sex ratio": {
      "at birth": {
        "text": "1.03 male(s)/female"
      },
      "0-14 years": {
        "text": "1.01 male(s)/female"
      },
      "15-24 years": {
        "text": "1.01 male(s)/female"
      },
      "25-54 years": {
        "text": "1 male(s)/female"
      },
      "55-64 years": {
        "text": "0.84 male(s)/female"
      },
      "65 years and over": {
        "text": "0.64 male(s)/female"
      },
      "total population": {
        "text": "0.98 male(s)/female (2016 est.)"
      }
    },
    "Maternal mortality rate": {
      "text": "882 deaths/100,000 live births (2015 est.)"
    },
    "Infant mortality rate": {
      "total": {
        "text": "88.4 deaths/1,000 live births"
      },
      "male": {
        "text": "95.9 deaths/1,000 live births"
      },
      "female": {
        "text": "80.7 deaths/1,000 live births (2016 est.)"
      }
    },
    "Life expectancy at birth": {
      "total population": {
        "text": "52.3 years"
      },
      "male": {
        "text": "51 years"
      },
      "female": {
        "text": "53.7 years (2016 est.)"
      }
    },
    "Total fertility rate": {
      "text": "4.36 children born/woman (2016 est.)"
    },
    "Contraceptive prevalence rate": {
      "text": "15.2% (2010/11)"
    },
    "Health expenditures": {
      "text": "4.2% of GDP (2014)"
    },
    "Physicians density": {
      "text": "0.05 physicians/1,000 population (2009)"
    },
    "Hospital bed density": {
      "text": "1 beds/1,000 population (2011)"
    },
    "Drinking water source": {
      "improved": {
        "text": " ++ urban: 89.6% of population ++ rural: 54.4% of population ++ total: 68.5% of population"
      },
      "unimproved": {
        "text": " ++ urban: 10.4% of population ++ rural: 45.6% of population ++ total: 31.5% of population (2015 est.)"
      }
    },
    "Sanitation facility access": {
      "improved": {
        "text": " ++ urban: 43.6% of population ++ rural: 7.2% of population ++ total: 21.8% of population"
      },
      "unimproved": {
        "text": " ++ urban: 56.4% of population ++ rural: 92.8% of population ++ total: 78.2% of population (2015 est.)"
      }
    },
    "HIV/AIDS - adult prevalence rate": {
      "text": "3.7% (2015 est.)"
    },
    "HIV/AIDS - people living with HIV/AIDS": {
      "text": "118,800 (2015 est.)"
    },
    "HIV/AIDS - deaths": {
      "text": "7,800 (2015 est.)"
    },
    "Major infectious diseases": {
      "degree of risk": {
        "text": "very high"
      },
      "food or waterborne diseases": {
        "text": "bacterial and protozoal diarrhea, hepatitis A and E, and typhoid fever"
      },
      "vectorborne diseases": {
        "text": "malaria and dengue fever"
      },
      "respiratory disease": {
        "text": "meningococcal meningitis"
      },
      "water contact disease": {
        "text": "schistosomiasis"
      },
      "animal contact disease": {
        "text": "rabies (2016)"
      }
    },
    "Obesity - adult prevalence rate": {
      "text": "4.4% (2014)"
    },
    "Children under the age of 5 years underweight": {
      "text": "23.5% (2011)"
    },
    "Education expenditures": {
      "text": "1.2% of GDP (2011)"
    },
    "Literacy": {
      "definition": {
        "text": "age 15 and over can read and write"
      },
      "total population": {
        "text": "36.8%"
      },
      "male": {
        "text": "50.7%"
      },
      "female": {
        "text": "24.4% (2015 est.)"
      }
    },
    "School life expectancy (primary to tertiary education)": {
      "total": {
        "text": "7 years"
      },
      "male": {
        "text": "8 years"
      },
      "female": {
        "text": "6 years (2012)"
      }
    },
    "Child labor - children ages 5-14": {
      "total number": {
        "text": "532,518"
      },
      "percentage": {
        "text": "47% (2006 est.)"
      }
    }
  },
  "Government": {
    "Country name": {
      "conventional long form": {
        "text": "Central African Republic"
      },
      "conventional short form": {
        "text": "none"
      },
      "local long form": {
        "text": "Republique Centrafricaine"
      },
      "local short form": {
        "text": "none"
      },
      "former": {
        "text": "Ubangi-Shari, Central African Empire"
      },
      "abbreviation": {
        "text": "CAR"
      },
      "etymology": {
        "text": "self-descriptive name specifying the country's location on the continent; \"Africa\" is derived from the Roman designation of the area corresponding to present-day Tunisia \"Africa terra,\" which meant \"Land of the Afri\" (the tribe resident in that area), but which eventually came to mean the entire continent"
      }
    },
    "Government type": {
      "text": "presidential republic"
    },
    "Capital": {
      "name": {
        "text": "Bangui"
      },
      "geographic coordinates": {
        "text": "4 22 N, 18 35 E"
      },
      "time difference": {
        "text": "UTC+1 (6 hours ahead of Washington, DC, during Standard Time)"
      }
    },
    "Administrative divisions": {
      "text": "14 prefectures (prefectures, singular - prefecture), 2 economic prefectures* (prefectures economiques, singular - prefecture economique), and 1 commune**; Bamingui-Bangoran, Bangui**, Basse-Kotto, Haute-Kotto, Haut-Mbomou, Kemo, Lobaye, Mambere-Kadei, Mbomou, Nana-Grebizi*, Nana-Mambere, Ombella-Mpoko, Ouaka, Ouham, Ouham-Pende, Sangha-Mbaere*, Vakaga"
    },
    "Independence": {
      "text": "13 August 1960 (from France)"
    },
    "National holiday": {
      "text": "Republic Day, 1 December (1958)"
    },
    "Constitution": {
      "text": "several previous; latest adopted by referendum in December 2015 (2016)"
    },
    "Legal system": {
      "text": "civil law system based on the French model"
    },
    "International law organization participation": {
      "text": "has not submitted an ICJ jurisdiction declaration; accepts ICCt jurisdiction"
    },
    "Citizenship": {
      "citizenship by birth": {
        "text": "no"
      },
      "citizenship by descent only": {
        "text": "least one parent must be a citizen of the Central African Republic"
      },
      "dual citizenship recognized": {
        "text": "yes"
      },
      "residency requirement for naturalization": {
        "text": "35 years"
      }
    },
    "Suffrage": {
      "text": "18 years of age; universal"
    },
    "Executive branch": {
      "chief of state": {
        "text": "President Faustin-Archange TOUADERA (since 30 March 2016)"
      },
      "head of government": {
        "text": "Prime Minister Simplice SARANDJI (since 2 April 2016)"
      },
      "cabinet": {
        "text": "Council of Ministers appointed by the president"
      },
      "elections/appointments": {
        "text": "under the new constitution, the president is elected by universal direct sufferage for a period of 5 years renewable for a second term; last election was held 20 February 2016 (next to be held April 2021)"
      },
      "election results": {
        "text": "First round held on 30 December 2015, percent of vote - Anicet-Georges DOLOGUELE (URCA) 23.7%, Faustin-Archange TOUADERA (independent) 19.1%, Desire KOLINGBA (RDC) 12.0%, Martin ZIGUELE (MLPC) 11.4%, other 33.8%; second round held on 20 February 2016, percent of vote - Faustin-Archange TOUADERA (independent) 62.7%, Anicet-Georges DOLOGUELE (URCA) 37.3%"
      },
      "note": {
        "text": "rebel forces seized the capital in March 2013, forcing former President BOZIZE to flee the country; Interim President Michel DJOTODIA assumed the presidency, reinstated the prime minister, and established a National Transitional Council (CNT) in April 2013; the NTC elected Catherine SAMBA-PANZA interim president in January 2014 to serve until February 2015 when new elections were to be held; her term was extended because instability delayed new elections and the transition did not take place until the end of March 2016"
      }
    },
    "Legislative branch": {
      "description": {
        "text": "unicameral National Assembly or Assemblee Nationale (105 seats; members directly elected in single-seat constituencies by absolute majority vote with a second round if needed; members serve 5-year terms)"
      },
      "elections": {
        "text": "last held on 23 January 2011 and 27 March 2011 (first round of elections is scheduled for 27 December 2015)"
      },
      "election results": {
        "text": "percent of vote by party - NA; seats by party - KNK 61, Presidential Majority 11, independent 26, other 2; note - information on 5 seats is unavailable"
      }
    },
    "Judicial branch": {
      "highest court(s)": {
        "text": "Supreme Court or Cour Supreme (consists of NA judges); Constitutional Court (consists of 9 judges, at least 3 of whom are women)"
      },
      "judge selection and term of office": {
        "text": "Supreme Court judges appointed by the president; Constitutional Court judge appointments - 2 by the president, 1 by the speaker of the National Assembly, 2 elected by their peers, 2 are advocates elected by their peers, and 2 are law professors elected by their peers; judges serve 7-year non-renewable terms"
      },
      "subordinate courts": {
        "text": "high courts; magistrates' courts"
      }
    },
    "Political parties and leaders": {
      "text": "Action Party for Development or PAD ++ Alliance for Democracy and Progress or ADP [Clement BELIBANGA] ++ Central African Democratic Rally or RDC [Desire Nzanga KOLINGBA] ++ Movement for Democracy and Development or MDD [Louis PAPENIAH] ++ Movement for the Liberation of the Central African People or MLPC [Martin ZIGUELE] ++ National Convergence (also known as Kwa Na Kwa) or KNK [Francois BOZIZE] ++ New Alliance for Progress or NAP [Jean-Jacques DEMAFOUTH] ++ Social Democratic Party or PSD [Enoch LAKOUE] ++ Union for Central African Renewal or URCA [Anicet-Georges DOLOGUELE]"
    },
    "International organization participation": {
      "text": "ACP, AfDB, AU, BDEAC, CEMAC, EITI (compliant country) (suspended), FAO, FZ, G-77, IAEA, IBRD, ICAO, ICCt, ICRM, IDA, IFAD, IFC, IFRCS, ILO, IMF, Interpol, IOC, IOM, ITSO, ITU, ITUC (NGOs), MIGA, NAM, OIC (observer), OIF, OPCW, UN, UNCTAD, UNESCO, UNIDO, UNWTO, UPU, WCO, WHO, WIPO, WMO, WTO"
    },
    "Diplomatic representation in the US": {
      "chief of mission": {
        "text": "Ambassador Stanislas MOUSSA-KEMBE (since 24 August 2009)"
      },
      "chancery": {
        "text": "2704 Ontario Road NW, Washington, DC 20009"
      },
      "telephone": {
        "text": "[1] (202) 483-7800"
      },
      "FAX": {
        "text": "[1] (202) 332-9893"
      }
    },
    "Diplomatic representation from the US": {
      "chief of mission": {
        "text": "Ambassador Jeffrey HAWKINS (30 October 2015)"
      },
      "embassy": {
        "text": "Avenue David Dacko, Bangui"
      },
      "mailing address": {
        "text": "P.O. Box 924, Bangui"
      },
      "telephone": {
        "text": "[236] 21 61 0200"
      },
      "FAX": {
        "text": "[236] 21 61 4494"
      },
      "note": {
        "text": "embassy operations suspended in December 2012; resumed limited operations on 15 Septermber 2014"
      }
    },
    "Flag description": {
      "text": "four equal horizontal bands of blue (top), white, green, and yellow with a vertical red band in center; a yellow five-pointed star to the hoist side of the blue band; banner combines the Pan-African and French flag colors; red symbolizes the blood spilled in the struggle for independence, blue represents the sky and freedom, white peace and dignity, green hope and faith, and yellow tolerance; the star represents aspiration towards a vibrant future"
    },
    "National symbol(s)": {
      "text": "elephant; national colors: blue, white, green, yellow, red"
    },
    "National anthem": {
      "name": {
        "text": "\"Le Renaissance\" (The Renaissance)"
      },
      "lyrics/music": {
        "text": "Barthelemy BOGANDA/Herbert PEPPER"
      },
      "note": {
        "text": "adopted 1960; Barthelemy BOGANDA wrote the anthem's lyrics and was the first prime minister of the autonomous French territory"
      }
    }
  },
  "Economy": {
    "Economy - overview": {
      "text": "Subsistence agriculture, together with forestry and mining, remains the backbone of the economy of the Central African Republic (CAR), with about 60% of the population living in outlying areas. The agricultural sector generates more than half of GDP. Timber and diamonds account for most export earnings, followed by cotton. Important constraints to economic development include the CAR's landlocked geography, poor transportation system, largely unskilled work force, and legacy of misdirected macroeconomic policies. Factional fighting between the government and its opponents remains a drag on economic revitalization. Distribution of income is extraordinarily unequal. Grants from France and the international community can only partially meet humanitarian needs. ++  ++ Since 2009, the IMF has worked closely with the government to institute reforms that have resulted in some improvement in budget transparency, but other problems remain. The government's additional spending in the run-up to the 2011 election worsened CAR's fiscal situation. In 2012, the World Bank approved $125 million in funding for transport infrastructure and regional trade, focused on the route between CAR's capital and the port of Douala in Cameroon. After a two-year lag in donor support, the IMF's first review of CAR's extended credit facility for 2012-15 praised improvements in revenue collection but warned of weak management of spending. ++  ++ Kimberley Process participants partially lifted the ban on diamond exports from the country in 2015, but persistent insecurity will prevent GDP from recovering to its pre-2013 level."
    },
    "GDP (purchasing power parity)": {
      "text": "$3.018 billion (2015 est.) ++ $2.893 billion (2014 est.) ++ $2.864 billion (2013 est.)",
      "note": {
        "text": "data are in 2015 US dollars"
      }
    },
    "GDP (official exchange rate)": {
      "text": "$1.605 billion (2015 est.)"
    },
    "GDP - real growth rate": {
      "text": "4.3% (2015 est.) ++ 1% (2014 est.) ++ -36% (2013 est.)"
    },
    "GDP - per capita (PPP)": {
      "text": "$600 (2015 est.) ++ $600 (2014 est.) ++ $600 (2013 est.)",
      "note": {
        "text": "data are in 2015 US dollars"
      }
    },
    "Gross national saving": {
      "text": "1.8% of GDP (2015 est.) ++ 4.1% of GDP (2014 est.) ++ 5.7% of GDP (2013 est.)"
    },
    "GDP - composition, by end use": {
      "household consumption": {
        "text": "109.6%"
      },
      "government consumption": {
        "text": "8.8%"
      },
      "investment in fixed capital": {
        "text": "10.4%"
      },
      "investment in inventories": {
        "text": "0.1%"
      },
      "exports of goods and services": {
        "text": "13.5%"
      },
      "imports of goods and services": {
        "text": "-42.4% (2015 est.)"
      }
    },
    "GDP - composition, by sector of origin": {
      "agriculture": {
        "text": "58.3%"
      },
      "industry": {
        "text": "11.9%"
      },
      "services": {
        "text": "29.8% (2015 est.)"
      }
    },
    "Agriculture - products": {
      "text": "cotton, coffee, tobacco, cassava (manioc, tapioca), yams, millet, corn, bananas; timber"
    },
    "Industries": {
      "text": "gold and diamond mining, logging, brewing, sugar refining"
    },
    "Industrial production growth rate": {
      "text": "4% (2015 est.)"
    },
    "Labor force": {
      "text": "2.358 million (2015 est.)"
    },
    "Unemployment rate": {
      "text": "8% (2001 est.)",
      "note": {
        "text": "23% unemployment in the capital, Bangui"
      }
    },
    "Population below poverty line": {
      "text": "NA%"
    },
    "Household income or consumption by percentage share": {
      "lowest 10%": {
        "text": "2.1%"
      },
      "highest 10%": {
        "text": "33% (2003)"
      }
    },
    "Distribution of family income - Gini index": {
      "text": "61.3 (1993)"
    },
    "Budget": {
      "revenues": {
        "text": "$176.2 million"
      },
      "expenditures": {
        "text": "$255.1 million (2015 est.)"
      }
    },
    "Taxes and other revenues": {
      "text": "11% of GDP (2015 est.)"
    },
    "Budget surplus (+) or deficit (-)": {
      "text": "-4.9% of GDP (2015 est.)"
    },
    "Fiscal year": {
      "text": "calendar year"
    },
    "Inflation rate (consumer prices)": {
      "text": "4.5% (2015 est.) ++ 11.6% (2014 est.)"
    },
    "Central bank discount rate": {
      "text": "4.25% (31 December 2009) ++ 4.75% (31 December 2008)"
    },
    "Commercial bank prime lending rate": {
      "text": "15.5% (31 December 2015 est.) ++ 15% (31 December 2014 est.)"
    },
    "Stock of narrow money": {
      "text": "$340.9 million (31 December 2015 est.) ++ $376.7 million (31 December 2014 est.)"
    },
    "Stock of broad money": {
      "text": "$410.4 million (31 December 2015 est.) ++ $454.7 million (31 December 2014 est.)"
    },
    "Stock of domestic credit": {
      "text": "$444.4 million (31 December 2015 est.) ++ $457.8 million (31 December 2014 est.)"
    },
    "Market value of publicly traded shares": {
      "text": "$NA"
    },
    "Current account balance": {
      "text": "-$205 million (2015 est.) ++ -$95 million (2014 est.)"
    },
    "Exports": {
      "text": "$70.5 million (2015 est.) ++ $76.7 million (2014 est.)"
    },
    "Exports - commodities": {
      "text": "diamonds, timber, cotton, coffee"
    },
    "Exports - partners": {
      "text": "Norway 52.2%, China 14.1%, Democratic Republic of the Congo 8.3% (2015)"
    },
    "Imports": {
      "text": "$360.4 million (2015 est.) ++ $401.3 million (2014 est.)"
    },
    "Imports - commodities": {
      "text": "food, textiles, petroleum products, machinery, electrical equipment, motor vehicles, chemicals, pharmaceuticals"
    },
    "Imports - partners": {
      "text": "Norway 39.6%, France 6.8%, US 4.6% (2015)"
    },
    "Debt - external": {
      "text": "$661.9 million (31 December 2015 est.) ++ $657.4 million (31 December 2014 est.)"
    },
    "Exchange rates": {
      "text": "Cooperation Financiere en Afrique Centrale francs (XAF) per US dollar - ++ 591.45 (2015 est.) ++ 494.42 (2014 est.) ++ 494.42 (2013 est.) ++ 510.53 (2012 est.) ++ 471.87 (2011 est.)"
    }
  },
  "Energy": {
    "Electricity access": {
      "population without electricity": {
        "text": "4,500,000"
      },
      "electrification - total population": {
        "text": "3%"
      },
      "electrification - urban areas": {
        "text": "5%"
      },
      "electrification - rural areas": {
        "text": "1% (2013)"
      }
    },
    "Electricity - production": {
      "text": "200 million kWh (2014 est.)"
    },
    "Electricity - consumption": {
      "text": "200 million kWh (2014 est.)"
    },
    "Electricity - exports": {
      "text": "0 kWh (2013 est.)"
    },
    "Electricity - imports": {
      "text": "0 kWh (2013 est.)"
    },
    "Electricity - installed generating capacity": {
      "text": "44,000 kW (2014 est.)"
    },
    "Electricity - from fossil fuels": {
      "text": "43.2% of total installed capacity (2012 est.)"
    },
    "Electricity - from nuclear fuels": {
      "text": "0% of total installed capacity (2012 est.)"
    },
    "Electricity - from hydroelectric plants": {
      "text": "56.8% of total installed capacity (2012 est.)"
    },
    "Electricity - from other renewable sources": {
      "text": "0% of total installed capacity (2012 est.)"
    },
    "Crude oil - production": {
      "text": "0 bbl/day (2015 est.)"
    },
    "Crude oil - exports": {
      "text": "0 bbl/day (2013 est.)"
    },
    "Crude oil - imports": {
      "text": "0 bbl/day (2013 est.)"
    },
    "Crude oil - proved reserves": {
      "text": "0 bbl (1 January 2016 es)"
    },
    "Refined petroleum products - production": {
      "text": "0 bbl/day (2013 est.)"
    },
    "Refined petroleum products - consumption": {
      "text": "3,000 bbl/day (2014 est.)"
    },
    "Refined petroleum products - exports": {
      "text": "0 bbl/day (2013 est.)"
    },
    "Refined petroleum products - imports": {
      "text": "2,828 bbl/day (2013 est.)"
    },
    "Natural gas - production": {
      "text": "0 cu m (2013 est.)"
    },
    "Natural gas - consumption": {
      "text": "0 cu m (2013 est.)"
    },
    "Natural gas - exports": {
      "text": "0 cu m (2013 est.)"
    },
    "Natural gas - imports": {
      "text": "0 cu m (2013 est.)"
    },
    "Natural gas - proved reserves": {
      "text": "0 cu m (1 January 2014 es)"
    },
    "Carbon dioxide emissions from consumption of energy": {
      "text": "400,000 Mt (2013 est.)"
    }
  },
  "Communications": {
    "Telephones - fixed lines": {
      "total subscriptions": {
        "text": "1,000"
      },
      "subscriptions per 100 inhabitants": {
        "text": "less than 1 (July 2015 est.)"
      }
    },
    "Telephones - mobile cellular": {
      "total": {
        "text": "982,000"
      },
      "subscriptions per 100 inhabitants": {
        "text": "18 (July 2015 est.)"
      }
    },
    "Telephone system": {
      "general assessment": {
        "text": "network consists principally of microwave radio relay and low-capacity, low-powered radiotelephone communication"
      },
      "domestic": {
        "text": "very limited telephone service with less than 1 fixed-line connection per 100 persons; spurred by the presence of multiple mobile-cellular service providers, cellular usage is increasing from a low base; most fixed-line and mobile-cellular telephone services are concentrated in Bangui"
      },
      "international": {
        "text": "country code - 236; satellite earth station - 1 Intelsat (Atlantic Ocean) (2015)"
      }
    },
    "Broadcast media": {
      "text": "government-owned network, Radiodiffusion Television Centrafricaine, provides domestic TV broadcasting; licenses for 2 private TV stations are pending; state-owned radio network is supplemented by a small number of privately owned broadcast stations as well as a few community radio stations; transmissions of at least 2 international broadcasters are available (2007)"
    },
    "Internet country code": {
      "text": ".cf"
    },
    "Internet users": {
      "total": {
        "text": "246,000"
      },
      "percent of population": {
        "text": "4.6% (July 2015 est.)"
      }
    }
  },
  "Transportation": {
    "National air transport system": {
      "number of registered air carriers": {
        "text": "2"
      },
      "inventory of registered aircraft operated by air carriers": {
        "text": "2"
      },
      "annual passenger traffic on registered air carriers": {
        "text": "46,364"
      },
      "annual freight traffic on registered air carriers": {
        "text": "0 mt-km (2015)"
      }
    },
    "Civil aircraft registration country code prefix": {
      "text": "TL (2016)"
    },
    "Airports": {
      "text": "39 (2013)"
    },
    "Airports - with paved runways": {
      "total": {
        "text": "2"
      },
      "2,438 to 3,047 m": {
        "text": "1"
      },
      "1,524 to 2,437 m": {
        "text": "1 (2013)"
      }
    },
    "Airports - with unpaved runways": {
      "total": {
        "text": "37"
      },
      "2,438 to 3,047 m": {
        "text": "1"
      },
      "1,524 to 2,437 m": {
        "text": "11"
      },
      "914 to 1,523 m": {
        "text": "19"
      },
      "under 914 m": {
        "text": "6 (2013)"
      }
    },
    "Roadways": {
      "total": {
        "text": "20,278 km"
      },
      "paved": {
        "text": "1,385 km"
      },
      "unpaved": {
        "text": "18,893 km (2010)"
      }
    },
    "Waterways": {
      "text": "2,800 km (the primary navigable river is the Ubangi, which joins the River Congo; it was the traditional route for the export of products because it connected with the Congo-Ocean railway at Brazzaville; because of the warfare on both sides of the River Congo from 1997, importers and exporters preferred routes through Cameroon) (2011)"
    },
    "Ports and terminals": {
      "river port(s)": {
        "text": "Bangui (Oubangui); Nola (Sangha)"
      }
    }
  },
  "Military and Security": {
    "Military branches": {
      "text": "Central African Armed Forces (Forces Armees Centrafricaines, FACA): Ground Forces (includes Military Air Service), General Directorate of Gendarmerie Inspection (DGIG), National Police (2011)"
    },
    "Military service age and obligation": {
      "text": "18 years of age for selective military service; 2-year conscript service obligation (2012)"
    }
  },
  "Transnational Issues": {
    "Disputes - international": {
      "text": "periodic skirmishes persist over water and grazing rights among related pastoral populations along the border with southern Sudan"
    },
    "Refugees and internally displaced persons": {
      "refugees (country of origin)": {
        "text": "5,183 (Democratic Republic of the Congo) (2016)"
      },
      "IDPs": {
        "text": "384,884 (clashes between army and rebel groups since 2005; tensions between ethnic groups) (2016)"
      }
    },
    "Trafficking in persons": {
      "current situation": {
        "text": "Central African Republic (CAR) is a source, transit, and destination country for children subjected to forced labor and sex trafficking, women subjected to forced prostitution, and adults subjected to forced labor; most victims appear to be CAR citizens exploited within the country, with a smaller number transported back forth between the CAR and nearby countries; armed groups operating in the CAR, including those aligned with the former Seleka Government and the Lord’s Resistance Army, continue to recruit and re-recruit children for military activities and labor; children are also subject to domestic servitude, commercial sexual exploitation, and forced labor in agriculture, mines, shops, and street vending; women and girls are subject to domestic servitude, sexual slavery, commercial sexual exploitation, and forced marriage"
      },
      "tier rating": {
        "text": "Tier 3 – the Central African Republic does not fully comply with the minimum standards for the elimination of trafficking and is not making significant efforts to do so; the government conducted a limited number of investigations and prosecutions of cases of suspected human trafficking in 2014 but did not identify, provide protection to, or refer to care providers any trafficking victims; the government did not directly provide reintegration programs for demobilized child soldiers, leaving victims vulnerable to further exploitation or retrafficking by armed groups, including those affiliated with the government; in 2014, an NGO and the government began drafting a national action plan against trafficking but no efforts were reported to establish a policy against child soldiering or to raise awareness about existing laws prohibiting the use of children in the armed forces (2015)"
      }
    }
  }
}