{
  "Introduction": {
    "Background": {
      "text": "The Gambia gained its independence from the UK in 1965. Geographically surrounded by Senegal, it formed a short-lived Confederation of Senegambia between 1982 and 1989. In 1991 the two nations signed a friendship and cooperation treaty, but tensions have flared up intermittently since then. Yahya JAMMEH led a military coup in 1994 that overthrew the president and banned political activity. A new constitution and presidential election in 1996, followed by parliamentary balloting in 1997, completed a nominal return to civilian rule. JAMMEH was elected president in all subsequent elections including most recently in late 2011. A presidential election is scheduled for December 2016."
    }
  },
  "Geography": {
    "Location": {
      "text": "Western Africa, bordering the North Atlantic Ocean and Senegal"
    },
    "Geographic coordinates": {
      "text": "13 28 N, 16 34 W"
    },
    "Map references": {
      "text": "Africa"
    },
    "Area": {
      "total": {
        "text": "11,300 sq km"
      },
      "land": {
        "text": "10,120 sq km"
      },
      "water": {
        "text": "1,180 sq km"
      }
    },
    "Area - comparative": {
      "text": "slightly less than twice the size of Delaware"
    },
    "Land boundaries": {
      "total": {
        "text": "749 km"
      },
      "border countries": {
        "text": "Senegal 749 km"
      }
    },
    "Coastline": {
      "text": "80 km"
    },
    "Maritime claims": {
      "territorial sea": {
        "text": "12 nm"
      },
      "contiguous zone": {
        "text": "18 nm"
      },
      "exclusive fishing zone": {
        "text": "200 nm"
      },
      "continental shelf": {
        "text": "extent not specified"
      }
    },
    "Climate": {
      "text": "tropical; hot, rainy season (June to November); cooler, dry season (November to May)"
    },
    "Terrain": {
      "text": "flood plain of the Gambia River flanked by some low hills"
    },
    "Elevation": {
      "mean elevation": {
        "text": "34 m"
      },
      "elevation extremes": {
        "text": "lowest point: Atlantic Ocean 0 m ++ highest point: unnamed elevation 53 m"
      }
    },
    "Natural resources": {
      "text": "fish, clay, silica sand, titanium (rutile and ilmenite), tin, zircon"
    },
    "Land use": {
      "agricultural land": {
        "text": "56.1% ++ arable land 41%; permanent crops 0.5%; permanent pasture 14.6%"
      },
      "forest": {
        "text": "43.9%"
      },
      "other": {
        "text": "0% (2011 est.)"
      }
    },
    "Irrigated land": {
      "text": "50 sq km (2012)"
    },
    "Natural hazards": {
      "text": "drought (rainfall has dropped by 30% in the last 30 years)"
    },
    "Environment - current issues": {
      "text": "deforestation; desertification; water-borne diseases prevalent"
    },
    "Environment - international agreements": {
      "party to": {
        "text": "Biodiversity, Climate Change, Climate Change-Kyoto Protocol, Desertification, Endangered Species, Hazardous Wastes, Law of the Sea, Ozone Layer Protection, Ship Pollution, Wetlands, Whaling"
      },
      "signed, but not ratified": {
        "text": "none of the selected agreements"
      }
    },
    "Geography - note": {
      "text": "almost an enclave of Senegal; smallest country in Africa"
    }
  },
  "People and Society": {
    "Population": {
      "text": "2,009,648 (July 2016 est.)"
    },
    "Nationality": {
      "noun": {
        "text": "Gambian(s)"
      },
      "adjective": {
        "text": "Gambian"
      }
    },
    "Ethnic groups": {
      "text": "Mandinka/Jahanka 33.8%, Fulani/Tukulur/Lorobo 22.1%, Wollof 12.2%, Jola/Karoninka 10.9%, Serahuleh 7%, Serere 3.2%, Manjago 2.1%, Bambara 1%, Creole/Aku Marabout 0.8%, other 0.9%, non-Gambian 5.2%, no answer 0.7% (2013 est.)"
    },
    "Languages": {
      "text": "English (official), Mandinka, Wolof, Fula, other indigenous vernaculars"
    },
    "Religions": {
      "text": "Muslim 95.7%, Christian 4.2%, none 0.1%, no answer 0.1% (2013 est.)"
    },
    "Demographic profile": {
      "text": "The Gambia’s youthful age structure – almost 60% of the population is under the age of 25 – is likely to persist because the country’s total fertility rate remains strong at nearly 4 children per woman. The overall literacy rate is around 55%, and is significantly lower for women than for men. At least 70% of the populace are farmers who are reliant on rain-fed agriculture and cannot afford improved seeds and fertilizers. Crop failures caused by droughts between 2011 and 2013 have increased poverty, food shortages, and malnutrition. The Gambia is a source country for migrants and a transit and destination country for migrants and refugees. Since the 1980s, economic deterioration, drought, and high unemployment, especially among youths, have driven both domestic migration (largely urban) and migration abroad (legal and illegal). Emigrants are largely skilled workers, including doctors and nurses, and provide a significant amount of remittances. The top receiving countries for Gambian emigrants are Spain, the US, Nigeria, Senegal, and the UK. While the Gambia and Spain do not share historic, cultural, or trade ties, rural Gambians have migrated to Spain in large numbers because of its proximity and the availability of jobs in its underground economy (this flow slowed following the onset of Spain’s late 2007 economic crisis). The Gambia’s role as a host country to refugees is a result of wars in several of its neighboring West African countries. Since 2006, refugees from the Casamance conflict in Senegal have replaced their pattern of flight and return with permanent settlement in The Gambia, often moving in with relatives along the Senegal-Gambia border. The strain of providing for about 7,400 Casamance refugees has increased poverty among Gambian villagers."
    },
    "Age structure": {
      "0-14 years": {
        "text": "37.88% (male 382,215/female 379,029)"
      },
      "15-24 years": {
        "text": "20.64% (male 204,979/female 209,866)"
      },
      "25-54 years": {
        "text": "33.92% (male 333,875/female 347,779)"
      },
      "55-64 years": {
        "text": "4.14% (male 39,978/female 43,177)"
      },
      "65 years and over": {
        "text": "3.42% (male 32,011/female 36,739) (2016 est.)"
      }
    },
    "Dependency ratios": {
      "total dependency ratio": {
        "text": "94.2%"
      },
      "youth dependency ratio": {
        "text": "89.7%"
      },
      "elderly dependency ratio": {
        "text": "4.5%"
      },
      "potential support ratio": {
        "text": "22.3% (2015 est.)"
      }
    },
    "Median age": {
      "total": {
        "text": "20.7 years"
      },
      "male": {
        "text": "20.4 years"
      },
      "female": {
        "text": "21 years (2016 est.)"
      }
    },
    "Population growth rate": {
      "text": "2.11% (2016 est.)"
    },
    "Birth rate": {
      "text": "30.1 births/1,000 population (2016 est.)"
    },
    "Death rate": {
      "text": "7.1 deaths/1,000 population (2016 est.)"
    },
    "Net migration rate": {
      "text": "-2 migrant(s)/1,000 population (2016 est.)"
    },
    "Urbanization": {
      "urban population": {
        "text": "59.6% of total population (2015)"
      },
      "rate of urbanization": {
        "text": "4.33% annual rate of change (2010-15 est.)"
      }
    },
    "Major urban areas - population": {
      "text": "BANJUL (capital) 504,000 (2015)"
    },
    "Sex ratio": {
      "at birth": {
        "text": "1.03 male(s)/female"
      },
      "0-14 years": {
        "text": "1.01 male(s)/female"
      },
      "15-24 years": {
        "text": "0.98 male(s)/female"
      },
      "25-54 years": {
        "text": "0.96 male(s)/female"
      },
      "55-64 years": {
        "text": "0.93 male(s)/female"
      },
      "65 years and over": {
        "text": "0.88 male(s)/female"
      },
      "total population": {
        "text": "0.98 male(s)/female (2016 est.)"
      }
    },
    "Mother's mean age at first birth": {
      "text": "20.9",
      "note": {
        "text": "median age at first birth among women 25-29 (2013 est.)"
      }
    },
    "Maternal mortality rate": {
      "text": "706 deaths/100,000 live births (2015 est.)"
    },
    "Infant mortality rate": {
      "total": {
        "text": "62 deaths/1,000 live births"
      },
      "male": {
        "text": "67.4 deaths/1,000 live births"
      },
      "female": {
        "text": "56.5 deaths/1,000 live births (2016 est.)"
      }
    },
    "Life expectancy at birth": {
      "total population": {
        "text": "64.9 years"
      },
      "male": {
        "text": "62.5 years"
      },
      "female": {
        "text": "67.3 years (2016 est.)"
      }
    },
    "Total fertility rate": {
      "text": "3.63 children born/woman (2016 est.)"
    },
    "Contraceptive prevalence rate": {
      "text": "9% (2013)"
    },
    "Health expenditures": {
      "text": "7.3% of GDP (2014)"
    },
    "Physicians density": {
      "text": "0.11 physicians/1,000 population (2008)"
    },
    "Hospital bed density": {
      "text": "1.1 beds/1,000 population (2011)"
    },
    "Drinking water source": {
      "improved": {
        "text": " ++ urban: 94.2% of population ++ rural: 84.4% of population ++ total: 90.2% of population"
      },
      "unimproved": {
        "text": " ++ urban: 5.8% of population ++ rural: 15.6% of population ++ total: 9.8% of population (2015 est.)"
      }
    },
    "Sanitation facility access": {
      "improved": {
        "text": " ++ urban: 61.5% of population ++ rural: 55% of population ++ total: 58.9% of population"
      },
      "unimproved": {
        "text": " ++ urban: 38.5% of population ++ rural: 45% of population ++ total: 41.1% of population (2015 est.)"
      }
    },
    "HIV/AIDS - adult prevalence rate": {
      "text": "1.82% (2015 est.)"
    },
    "HIV/AIDS - people living with HIV/AIDS": {
      "text": "20,500 (2015 est.)"
    },
    "HIV/AIDS - deaths": {
      "text": "1,000 (2015 est.)"
    },
    "Major infectious diseases": {
      "degree of risk": {
        "text": "very high"
      },
      "food or waterborne diseases": {
        "text": "bacterial and protozoal diarrhea, hepatitis A, and typhoid fever"
      },
      "vectorborne diseases": {
        "text": "malaria and dengue fever"
      },
      "water contact disease": {
        "text": "schistosomiasis"
      },
      "respiratory disease": {
        "text": "meningococcal meningitis"
      },
      "animal contact disease": {
        "text": "rabies (2016)"
      }
    },
    "Obesity - adult prevalence rate": {
      "text": "9.1% (2014)"
    },
    "Children under the age of 5 years underweight": {
      "text": "16.4% (2013)"
    },
    "Education expenditures": {
      "text": "2.8% of GDP (2013)"
    },
    "Literacy": {
      "definition": {
        "text": "age 15 and over can read and write"
      },
      "total population": {
        "text": "55.5%"
      },
      "male": {
        "text": "63.9%"
      },
      "female": {
        "text": "47.6% (2015 est.)"
      }
    },
    "School life expectancy (primary to tertiary education)": {
      "total": {
        "text": "9 years"
      },
      "male": {
        "text": "9 years"
      },
      "female": {
        "text": "9 years (2010)"
      }
    },
    "Child labor - children ages 5-14": {
      "total number": {
        "text": "103,389"
      },
      "percentage": {
        "text": "25% (2006 est.)"
      }
    }
  },
  "Government": {
    "Country name": {
      "conventional long form": {
        "text": "Republic of The Gambia"
      },
      "conventional short form": {
        "text": "The Gambia"
      },
      "etymology": {
        "text": "named for the Gambia River that flows through the heart of the country"
      }
    },
    "Government type": {
      "text": "presidential republic"
    },
    "Capital": {
      "name": {
        "text": "Banjul"
      },
      "geographic coordinates": {
        "text": "13 27 N, 16 34 W"
      },
      "time difference": {
        "text": "UTC 0 (5 hours ahead of Washington, DC, during Standard Time)"
      }
    },
    "Administrative divisions": {
      "text": "5 divisions and 1 city*; Banjul*, Central River, Lower River, North Bank, Upper River, Western"
    },
    "Independence": {
      "text": "18 February 1965 (from the UK)"
    },
    "National holiday": {
      "text": "Independence Day, 18 February (1965)"
    },
    "Constitution": {
      "text": "previous 1970; latest adopted 8 April 1996, approved by referendum 8 August 1996, effective 16 January 1997; amended several times, last in 2010 (2016)"
    },
    "Legal system": {
      "text": "mixed legal system of English common law, Islamic law, and customary law"
    },
    "International law organization participation": {
      "text": "accepts compulsory ICJ jurisdiction with reservations; accepts ICCt jurisdiction"
    },
    "Citizenship": {
      "citizenship by birth": {
        "text": "yes"
      },
      "citizenship by descent": {
        "text": "yes"
      },
      "dual citizenship recognized": {
        "text": "no"
      },
      "residency requirement for naturalization": {
        "text": "5 years"
      }
    },
    "Suffrage": {
      "text": "18 years of age; universal"
    },
    "Executive branch": {
      "chief of state": {
        "text": "President Yahya JAMMEH (since 18 October 1996); Vice President Isatou NJIE-SAIDY (since 20 March 1997); note - the president is both chief of state and head of government"
      },
      "head of government": {
        "text": "President Yahya JAMMEH (since 18 October 1996); Vice President Isatou NJIE-SAIDY (since 20 March 1997)"
      },
      "cabinet": {
        "text": "Cabinet appointed by the president"
      },
      "elections/appointments": {
        "text": "president directly elected by simple majority popular vote for a 5-year term (no term limits); election last held on 24 November 2011 (next to be held on 1 December 2016)"
      },
      "election results": {
        "text": "Yahya JAMMEH reelected president; percent of vote - Yahya JAMMEH (APRC) 71.5%, Ousainou DARBOE (UDP) 17.4%, Hamat BAH (NRP) 11.1%"
      }
    },
    "Legislative branch": {
      "description": {
        "text": "unicameral National Assembly (53 seats; 48 members directly elected in single-seat constituencies by simple majority vote and 5 appointed by the president; members serve 5-year terms)"
      },
      "elections": {
        "text": "last held on 29 March 2012 (next to be held in 2017)"
      },
      "election results": {
        "text": "percent of vote by party - APRC 51.8%, NRP 9.4%, independent 38.8%; seats by party - APRC 42, NRP 2, independent 4"
      }
    },
    "Judicial branch": {
      "highest court(s)": {
        "text": "Supreme Court of The Gambia (consists of the chief justice and 6 other justices; court sessions held with 5 justices)"
      },
      "judge selection and term of office": {
        "text": "justices appointed by the president after consultation with the Judicial Service Commission, a 6-member independent body of high-level judicial officials, a presidential appointee, and a National Assembly appointee; justices appointed for life or until mandatory retirement age"
      },
      "subordinate courts": {
        "text": "Court of Appeal; High Court; Special Criminal Court; Khadis or Muslim courts; district tribunals; magistrates courts"
      }
    },
    "Political parties and leaders": {
      "text": "Alliance for Patriotic Reorientation and Construction or APRC [Yahya JAMMEH] ++ Gambia Moral Congress or GMC [Mai FATTY] ++ Gambia Party for Democracy and Progress or GPDP [Henry GOMEZ] ++ National Reconciliation Party or NRP [Hamat BAH] ++ National Convention Party or NCP [Ebrima Janko SANYANG] ++ People's Democratic Organization for Independence and Socialism or PDOIS [Halifa SALLAH] ++ People's Progressive Party or PPP [Omar JALLOW] ++ United Democratic Party or UDP [Ousainou DARBOE]"
    },
    "Political pressure groups and leaders": {
      "text": "The Association of Non-Governmental Organizations or TANGO ++ Female Lawyers Association of Gambia or FLAG ++ Gambia Committee on Traditional Practices or GAMCOTRAP ++ Gambia Press Union or GPU ++ West African Peace Building Network-Gambian Chapter or WANEB-GAMBIA ++ Youth Employment Network Gambia or YENGambia",
      "other": {
        "text": "special needs group advocates; teachers and principals"
      }
    },
    "International organization participation": {
      "text": "ACP, AfDB, AU, ECOWAS, FAO, G-77, IBRD, ICAO, ICCt, ICRM, IDA, IDB, IFAD, IFC, IFRCS, ILO, IMF, IMO, Interpol, IOC, IOM, IPU, ISO (correspondent), ITSO, ITU, ITUC (NGOs), MIGA, MINUSMA, NAM, OIC, OPCW, UN, UNAMID, UNCTAD, UNESCO, UNIDO, UNMIL, UNOCI, UNWTO, UPU, WCO, WFTU (NGOs), WHO, WIPO, WMO, WTO"
    },
    "Diplomatic representation in the US": {
      "chief of mission": {
        "text": "Ambassador Omar FAYE (since 3 August 2015)"
      },
      "chancery": {
        "text": "2233 Wisconsin Avenue NW, Georgetown Plaza, Suite 240, Washington, DC 20007"
      },
      "telephone": {
        "text": "[1] (202) 785-1379, 1399, 1425 [1] (202) 785-1379, 1399, 1425"
      },
      "FAX": {
        "text": "[1] (202) 342-0240"
      }
    },
    "Diplomatic representation from the US": {
      "chief of mission": {
        "text": "Ambassador C. Patricia ALSUP (since 11 January 2016)"
      },
      "embassy": {
        "text": "Kairaba Avenue, Fajara, Banjul"
      },
      "mailing address": {
        "text": "P.M.B. 19, Banjul"
      },
      "telephone": {
        "text": "[220] 439-2856"
      },
      "FAX": {
        "text": "[220] 439-2475"
      }
    },
    "Flag description": {
      "text": "three equal horizontal bands of red (top), blue with white edges, and green; red stands for the sun and the savannah, blue represents the Gambia River, and green symbolizes forests and agriculture; the white stripes denote unity and peace"
    },
    "National symbol(s)": {
      "text": "lion; national colors: red, blue, green, white"
    },
    "National anthem": {
      "name": {
        "text": "\"For The Gambia, Our Homeland\""
      },
      "lyrics/music": {
        "text": "Virginia Julie HOWE/adapted by Jeremy Frederick HOWE"
      },
      "note": {
        "text": "adopted 1965; the music is an adaptation of the traditional Mandinka song \"Foday Kaba Dumbuya\""
      }
    }
  },
  "Economy": {
    "Economy - overview": {
      "text": "The government has invested strongly in the agriculture sector because three-quarters of the population depends on the sector for its livelihood and agriculture provides for another one-fifth of GDP. The agricultural sector has untapped potential - less than half of arable land is cultivated. Small-scale manufacturing activity features the processing of peanuts, fish, and hides. The Gambia's re-export trade accounts for almost 80% of goods exports and China has been its largest trade partner for both exports and imports for several years. ++  ++ The Gambia has sparse natural resource deposits and a limited agricultural base. It relies heavily on remittances from workers overseas and tourist receipts. Remittance inflows to The Gambia amount to about one-fifth of the country’s GDP. The Gambia's natural beauty and proximity to Europe has made it one of the larger tourist destinations in West Africa, boosted by government and private sector investments in eco-tourism and upscale facilities. Tourism normally brings in about 20% of GDP, but suffered in 2014 from tourists’ fears of Ebola virus in neighboring West African countries. Unemployment and underemployment remain high. ++  ++ Economic progress depends on sustained bilateral and multilateral aid, on responsible government economic management, and on continued technical assistance from multilateral and bilateral donors. International donors and lenders continue to be concerned about the quality of fiscal management. The IMF provided $10.8 million in emergency financial assistance to The Gambia in April 2015 to shore up the country’s finances. Relations with international donors have been tarnished by the country’s human rights record."
    },
    "GDP (purchasing power parity)": {
      "text": "$3.261 billion (2015 est.) ++ $3.124 billion (2014 est.) ++ $3.131 billion (2013 est.)",
      "note": {
        "text": "data are in 2015 US dollars"
      }
    },
    "GDP (official exchange rate)": {
      "text": "$893 million (2015 est.)"
    },
    "GDP - real growth rate": {
      "text": "4.4% (2015 est.) ++ -0.2% (2014 est.) ++ 4.8% (2013 est.)"
    },
    "GDP - per capita (PPP)": {
      "text": "$1,600 (2015 est.) ++ $1,600 (2014 est.) ++ $1,700 (2013 est.)",
      "note": {
        "text": "data are in 2015 US dollars"
      }
    },
    "Gross national saving": {
      "text": "4% of GDP (2015 est.) ++ 6.7% of GDP (2014 est.) ++ 11.8% of GDP (2013 est.)"
    },
    "GDP - composition, by end use": {
      "household consumption": {
        "text": "81.7%"
      },
      "government consumption": {
        "text": "8.8%"
      },
      "investment in fixed capital": {
        "text": "19.4%"
      },
      "investment in inventories": {
        "text": "-1.6%"
      },
      "exports of goods and services": {
        "text": "26.3%"
      },
      "imports of goods and services": {
        "text": "-34.6% (2015 est.)"
      }
    },
    "GDP - composition, by sector of origin": {
      "agriculture": {
        "text": "21.6%"
      },
      "industry": {
        "text": "15.8%"
      },
      "services": {
        "text": "62.6% (2015 est.)"
      }
    },
    "Agriculture - products": {
      "text": "rice, millet, sorghum, peanuts, corn, sesame, cassava (manioc, tapioca), palm kernels; cattle, sheep, goats"
    },
    "Industries": {
      "text": "peanuts, fish, hides, tourism, beverages, agricultural machinery assembly, woodworking, metalworking, clothing"
    },
    "Industrial production growth rate": {
      "text": "4% (2015 est.)"
    },
    "Labor force": {
      "text": "777,100 (2007 est.)"
    },
    "Labor force - by occupation": {
      "agriculture": {
        "text": "75%"
      },
      "industry": {
        "text": "19%"
      },
      "services": {
        "text": "6% (1996)"
      }
    },
    "Unemployment rate": {
      "text": "NA%"
    },
    "Population below poverty line": {
      "text": "48.4% (2010 est.)"
    },
    "Household income or consumption by percentage share": {
      "lowest 10%": {
        "text": "2%"
      },
      "highest 10%": {
        "text": "36.9% (2003)"
      }
    },
    "Distribution of family income - Gini index": {
      "text": "50.2 (1998) ++ "
    },
    "Budget": {
      "revenues": {
        "text": "$210.1 million"
      },
      "expenditures": {
        "text": "$281.7 million (2015 est.)"
      }
    },
    "Taxes and other revenues": {
      "text": "23.5% of GDP (2015 est.)"
    },
    "Budget surplus (+) or deficit (-)": {
      "text": "-8% of GDP (2015 est.)"
    },
    "Fiscal year": {
      "text": "calendar year"
    },
    "Inflation rate (consumer prices)": {
      "text": "6.9% (2015 est.) ++ 5.9% (2014 est.)"
    },
    "Central bank discount rate": {
      "text": "9% (31 December 2009) ++ 11% (31 December 2008)"
    },
    "Commercial bank prime lending rate": {
      "text": "30.8% (31 December 2015 est.) ++ 28.5% (31 December 2014 est.)"
    },
    "Stock of narrow money": {
      "text": "$275.4 million (31 December 2015 est.) ++ $231.5 million (31 December 2014 est.)"
    },
    "Stock of broad money": {
      "text": "$534.7 million (31 December 2014 est.) ++ $511.5 million (31 December 2013 est.)"
    },
    "Stock of domestic credit": {
      "text": "$466.7 million (31 December 2015 est.) ++ $421 million (31 December 2014 est.)"
    },
    "Market value of publicly traded shares": {
      "text": "$NA"
    },
    "Current account balance": {
      "text": "-$136 million (2015 est.) ++ -$90 million (2014 est.)"
    },
    "Exports": {
      "text": "$113.2 million (2015 est.) ++ $121.5 million (2014 est.)"
    },
    "Exports - commodities": {
      "text": "peanut products, fish, cotton lint, palm kernels"
    },
    "Exports - partners": {
      "text": "China 47.6%, India 27.2%, France 5.9%, UK 4.9% (2015)"
    },
    "Imports": {
      "text": "$365.1 million (2015 est.) ++ $339 million (2014 est.)"
    },
    "Imports - commodities": {
      "text": "foodstuffs, manufactures, fuel, machinery and transport equipment"
    },
    "Imports - partners": {
      "text": "China 34.2%, Brazil 8.1%, Senegal 6.9%, India 5.7%, Netherlands 4.8% (2015)"
    },
    "Reserves of foreign exchange and gold": {
      "text": "$83.8 million (31 December 2015 est.) ++ $159.3 million (31 December 2014 est.)"
    },
    "Debt - external": {
      "g": {
        "text": "$502.5 million (31 December 2015 est.) ++ $500.1 million (31 December 2014 est.)"
      }
    },
    "Exchange rates": {
      "text": "dalasis (GMD) per US dollar - ++ 41.89 (2015 est.) ++ 41.733 (2014 est.) ++ 41.733 (2013 est.) ++ 32.08 (2012 est.) ++ 29.4615 (2011 est.)"
    }
  },
  "Energy": {
    "Electricity access": {
      "population without electricity": {
        "text": "1,200,000"
      },
      "electrification - total population": {
        "text": "36%"
      },
      "electrification - urban areas": {
        "text": "60%"
      },
      "electrification - rural areas": {
        "text": "2% (2013)"
      }
    },
    "Electricity - production": {
      "text": "300 million kWh (2014 est.)"
    },
    "Electricity - consumption": {
      "text": "300 million kWh (2014 est.)"
    },
    "Electricity - exports": {
      "text": "0 kWh (2013 est.)"
    },
    "Electricity - imports": {
      "text": "0 kWh (2013 est.)"
    },
    "Electricity - installed generating capacity": {
      "text": "91,000 kW (2014 est.)"
    },
    "Electricity - from fossil fuels": {
      "text": "100% of total installed capacity (2012 est.)"
    },
    "Electricity - from nuclear fuels": {
      "text": "0% of total installed capacity (2012 est.)"
    },
    "Electricity - from hydroelectric plants": {
      "text": "0% of total installed capacity (2012 est.)"
    },
    "Electricity - from other renewable sources": {
      "text": "0% of total installed capacity (2012 est.)"
    },
    "Crude oil - production": {
      "text": "0 bbl/day (2015 est.)"
    },
    "Crude oil - exports": {
      "text": "0 bbl/day (2013 est.)"
    },
    "Crude oil - imports": {
      "text": "0 bbl/day (2013 est.)"
    },
    "Crude oil - proved reserves": {
      "text": "0 bbl (1 January 2016 es)"
    },
    "Refined petroleum products - production": {
      "text": "0 bbl/day (2013 est.)"
    },
    "Refined petroleum products - consumption": {
      "text": "3,500 bbl/day (2014 est.)"
    },
    "Refined petroleum products - exports": {
      "text": "41.62 bbl/day (2013 est.)"
    },
    "Refined petroleum products - imports": {
      "text": "3,552 bbl/day (2013 est.)"
    },
    "Natural gas - production": {
      "text": "0 cu m (2013 est.)"
    },
    "Natural gas - consumption": {
      "text": "0 cu m (2013 est.)"
    },
    "Natural gas - exports": {
      "text": "0 cu m (2013 est.)"
    },
    "Natural gas - imports": {
      "text": "0 cu m (2013 est.)"
    },
    "Natural gas - proved reserves": {
      "text": "0 cu m (1 January 2014 es)"
    },
    "Carbon dioxide emissions from consumption of energy": {
      "text": "500,000 Mt (2013 est.)"
    }
  },
  "Communications": {
    "Telephones - fixed lines": {
      "total subscriptions": {
        "text": "45,000"
      },
      "subscriptions per 100 inhabitants": {
        "text": "2 (July 2015 est.)"
      }
    },
    "Telephones - mobile cellular": {
      "total": {
        "text": "2.586 million"
      },
      "subscriptions per 100 inhabitants": {
        "text": "131 (July 2015 est.)"
      }
    },
    "Telephone system": {
      "general assessment": {
        "text": "adequate microwave radio relay and open-wire network; state-owned Gambia Telecommunications partially privatized in 2007"
      },
      "domestic": {
        "text": "combined fixed-line and mobile-cellular teledensity, aided by multiple mobile-cellular providers, is roughly 130 per 100 persons"
      },
      "international": {
        "text": "country code - 220; microwave radio relay links to Senegal and Guinea-Bissau; a landing station for the Africa Coast to Europe (ACE) undersea fiber-optic cable completed in 2011 and launched in 2012; satellite earth station - 1 Intelsat (Atlantic Ocean) (2015)"
      }
    },
    "Broadcast media": {
      "text": "state-owned, single-channel TV service; state-owned radio station and 15 privately owned radio stations; 6 community radio stations; transmissions of multiple international broadcasters are available, some via shortwave radio; cable and satellite TV subscription services are obtainable in some parts of the country (2015)"
    },
    "Internet country code": {
      "text": ".gm"
    },
    "Internet users": {
      "total": {
        "text": "337,000"
      },
      "percent of population": {
        "text": "17.1% (July 2015 est.)"
      }
    }
  },
  "Transportation": {
    "Civil aircraft registration country code prefix": {
      "text": "C5 (2016)"
    },
    "Airports": {
      "text": "1 (2013)"
    },
    "Airports - with paved runways": {
      "total": {
        "text": "1"
      },
      "over 3,047 m": {
        "text": "1 (2013)"
      }
    },
    "Roadways": {
      "total": {
        "text": "3,740 km"
      },
      "paved": {
        "text": "711 km"
      },
      "unpaved": {
        "text": "3,029 km (2011)"
      }
    },
    "Waterways": {
      "text": "390 km (on River Gambia; small oceangoing vessels can reach 190 km) (2010)"
    },
    "Merchant marine": {
      "total": {
        "text": "4"
      },
      "by type": {
        "text": "passenger/cargo 3, petroleum tanker 1 (2010)"
      }
    },
    "Ports and terminals": {
      "major seaport(s)": {
        "text": "Banjul"
      }
    }
  },
  "Military and Security": {
    "Military branches": {
      "text": "Office of the Chief of Defense Staff: Gambian National Army (GNA), Gambian Navy (GN), Republican National Guard (RNG) (2010)"
    },
    "Military service age and obligation": {
      "text": "18 years of age for male and female voluntary military service; no conscription; service obligation 6 months (2012)"
    }
  },
  "Transnational Issues": {
    "Disputes - international": {
      "text": "attempts to stem refugees, cross-border raids, arms smuggling, and other illegal activities by separatists from southern Senegal's Casamance region, as well as from conflicts in other west African states"
    },
    "Refugees and internally displaced persons": {
      "refugees (country of origin)": {
        "text": "7,392 (Senegal) (2015)"
      }
    },
    "Trafficking in persons": {
      "current situation": {
        "text": "The Gambia is a source and destination country for women and children subjected to forced labor and sex trafficking; Gambian women, girls, and, to a lesser extent, boys are exploited for prostitution and domestic servitude; women, girls, and boys from West African countries are trafficked to The Gambia for commercial sexual exploitation, particularly by European sex tourists; boys in some Koranic schools are forced into street vending or begging; some Gambian children have been identified as victims of forced labor in neighboring West African countries"
      },
      "tier rating": {
        "text": "Tier 3 – The Gambia does not fully comply with the minimum standards for the elimination of trafficking and is not making significant efforts to do so; the government demonstrated minimal anti-trafficking law enforcement efforts, investigating one trafficking case but not prosecuting or convicting any offenders in 2014; authorities did not investigate, prosecute, or convict any government employees complicit in trafficking, although corruption was a serious problem; the government identified and repatriated 19 Gambian girls subjected to domestic servitude in Lebanon but did not identify or provide protective services to any trafficking victims in The Gambia; a government program continued to provide resources and financial support to 12 Koranic schools on the condition that their students were not forced to beg (2015)"
      }
    }
  }
}