{
  "Introduction": {
    "Background": {
      "text": "Formed from the merger of the British colony of the Gold Coast and the Togoland trust territory, Ghana in 1957 became the first sub-Saharan country in colonial Africa to gain its independence. Ghana endured a long series of coups before Lt. Jerry RAWLINGS took power in 1981 and banned political parties. After approving a new constitution and restoring multiparty politics in 1992, RAWLINGS won presidential elections in 1992 and 1996 but was constitutionally prevented from running for a third term in 2000. John KUFUOR succeeded him and was reelected in 2004. John Atta MILLS won the 2008 presidential election and took over as head of state, but he died in July 2012 and was constitutionally succeeded by his vice president, John Dramani MAHAMA, who subsequently won the December 2012 presidential election."
    }
  },
  "Geography": {
    "Location": {
      "text": "Western Africa, bordering the Gulf of Guinea, between Cote d'Ivoire and Togo"
    },
    "Geographic coordinates": {
      "text": "8 00 N, 2 00 W"
    },
    "Map references": {
      "text": "Africa"
    },
    "Area": {
      "total": {
        "text": "238,533 sq km"
      },
      "land": {
        "text": "227,533 sq km"
      },
      "water": {
        "text": "11,000 sq km"
      }
    },
    "Area - comparative": {
      "text": "slightly smaller than Oregon"
    },
    "Land boundaries": {
      "total": {
        "text": "2,420 km"
      },
      "border countries": {
        "text": "Burkina Faso 602 km, Cote d'Ivoire 720 km, Togo 1,098 km"
      }
    },
    "Coastline": {
      "text": "539 km"
    },
    "Maritime claims": {
      "territorial sea": {
        "text": "12 nm"
      },
      "contiguous zone": {
        "text": "24 nm"
      },
      "exclusive economic zone": {
        "text": "200 nm"
      },
      "continental shelf": {
        "text": "200 nm"
      }
    },
    "Climate": {
      "text": "tropical; warm and comparatively dry along southeast coast; hot and humid in southwest; hot and dry in north"
    },
    "Terrain": {
      "text": "mostly low plains with dissected plateau in south-central area"
    },
    "Elevation": {
      "mean elevation": {
        "text": "190 m"
      },
      "elevation extremes": {
        "text": "lowest point: Atlantic Ocean 0 m ++ highest point: Mount Afadjato 885 m"
      }
    },
    "Natural resources": {
      "text": "gold, timber, industrial diamonds, bauxite, manganese, fish, rubber, hydropower, petroleum, silver, salt, limestone"
    },
    "Land use": {
      "agricultural land": {
        "text": "69.1% ++ arable land 20.7%; permanent crops 11.9%; permanent pasture 36.5%"
      },
      "forest": {
        "text": "21.2%"
      },
      "other": {
        "text": "9.7% (2011 est.)"
      }
    },
    "Irrigated land": {
      "text": "340 sq km (2012)"
    },
    "Natural hazards": {
      "text": "dry, dusty, northeastern harmattan winds from January to March; droughts"
    },
    "Environment - current issues": {
      "text": "recurrent drought in north severely affects agricultural activities; deforestation; overgrazing; soil erosion; poaching and habitat destruction threatens wildlife populations; water pollution; inadequate supplies of potable water"
    },
    "Environment - international agreements": {
      "party to": {
        "text": "Biodiversity, Climate Change, Climate Change-Kyoto Protocol, Desertification, Endangered Species, Environmental Modification, Hazardous Wastes, Law of the Sea, Ozone Layer Protection, Ship Pollution, Tropical Timber 83, Tropical Timber 94, Wetlands"
      },
      "signed, but not ratified": {
        "text": "Marine Life Conservation"
      }
    },
    "Geography - note": {
      "text": "Lake Volta is the world's largest artificial lake (manmade reservoir) by surface area (8,482 sq km; 3,275 sq mi); the lake was created following the completion of the Akosombo Dam in 1965, which holds back the White Volta and Black Volta Rivers"
    }
  },
  "People and Society": {
    "Population": {
      "text": "26,908,262",
      "note": {
        "text": "estimates for this country explicitly take into account the effects of excess mortality due to AIDS; this can result in lower life expectancy, higher infant mortality, higher death rates, lower population growth rates, and changes in the distribution of population by age and sex than would otherwise be expected (July 2016 est.)"
      }
    },
    "Nationality": {
      "noun": {
        "text": "Ghanaian(s)"
      },
      "adjective": {
        "text": "Ghanaian"
      }
    },
    "Ethnic groups": {
      "text": "Akan 47.5%, Mole-Dagbon 16.6%, Ewe 13.9%, Ga-Dangme 7.4%, Gurma 5.7%, Guan 3.7%, Grusi 2.5%, Mande 1.1%, other 1.4% (2010 est.)"
    },
    "Languages": {
      "text": "Asante 16%, Ewe 14%, Fante 11.6%, Boron (Brong) 4.9%, Dagomba 4.4%, Dangme 4.2%, Dagarte (Dagaba) 3.9%, Kokomba 3.5%, Akyem 3.2%, Ga 3.1%, other 31.2%",
      "note": {
        "text": "English is the official language (2010 est.)"
      }
    },
    "Religions": {
      "text": "Christian 71.2% (Pentecostal/Charismatic 28.3%, Protestant 18.4%, Catholic 13.1%, other 11.4%), Muslim 17.6%, traditional 5.2%, other 0.8%, none 5.2% (2010 est.)"
    },
    "Demographic profile": {
      "text": "Ghana has a young age structure, with approximately 57% of the population under the age of 25. Its total fertility rate fell significantly during the 1980s and 1990s but has stalled at around four children per woman for the last few years. Fertility remains higher in the northern region than the Greater Accra region. On average, desired fertility has remained stable for several years; urban dwellers want fewer children than rural residents. Increased life expectancy, due to better health care, nutrition, and hygiene, and reduced fertility have increased Ghana’s share of elderly persons; Ghana’s proportion of persons aged 60+ is among the highest in sub-Saharan Africa. Poverty has declined in Ghana, but it remains pervasive in the northern region, which is susceptible to droughts and floods and has less access to transportation infrastructure, markets, fertile farming land, and industrial centers. The northern region also has lower school enrollment, higher illiteracy, and fewer opportunities for women. Ghana was a country of immigration in the early years after its 1957 independence, attracting labor migrants largely from Nigeria and other neighboring countries to mine minerals and harvest cocoa – immigrants composed about 12% of Ghana’s population in 1960. In the late 1960s, worsening economic and social conditions discouraged immigration, and hundreds of thousands of immigrants, mostly Nigerians, were expelled. During the 1970s, severe drought and an economic downturn transformed Ghana into a country of emigration; neighboring Cote d’Ivoire was the initial destination. Later, hundreds of thousands of Ghanaians migrated to Nigeria to work in its booming oil industry, but most were deported in 1983 and 1985 as oil prices plummeted. Many Ghanaians then turned to more distant destinations, including other parts of Africa, Europe, and North America, but the majority continued to migrate within West Africa. Since the 1990s, increased emigration of skilled Ghanaians, especially to the US and the UK, drained the country of its health care and education professionals. Internally, poverty and other developmental disparities continue to drive Ghanaians from the north to the south, particularly to its urban centers."
    },
    "Age structure": {
      "0-14 years": {
        "text": "38.2% (male 5,164,505/female 5,113,185)"
      },
      "15-24 years": {
        "text": "18.66% (male 2,498,185/female 2,522,353)"
      },
      "25-54 years": {
        "text": "34.05% (male 4,445,321/female 4,716,311)"
      },
      "55-64 years": {
        "text": "4.91% (male 642,984/female 678,784)"
      },
      "65 years and over": {
        "text": "4.19% (male 520,589/female 606,045) (2016 est.)"
      }
    },
    "Dependency ratios": {
      "total dependency ratio": {
        "text": "73%"
      },
      "youth dependency ratio": {
        "text": "67.2%"
      },
      "elderly dependency ratio": {
        "text": "5.9%"
      },
      "potential support ratio": {
        "text": "17% (2015 est.)"
      }
    },
    "Median age": {
      "total": {
        "text": "21 years"
      },
      "male": {
        "text": "20.5 years"
      },
      "female": {
        "text": "21.5 years (2016 est.)"
      }
    },
    "Population growth rate": {
      "text": "2.18% (2016 est.)"
    },
    "Birth rate": {
      "text": "30.8 births/1,000 population (2016 est.)"
    },
    "Death rate": {
      "text": "7.1 deaths/1,000 population (2016 est.)"
    },
    "Net migration rate": {
      "text": "-1.9 migrant(s)/1,000 population (2016 est.)"
    },
    "Urbanization": {
      "urban population": {
        "text": "54% of total population (2015)"
      },
      "rate of urbanization": {
        "text": "3.4% annual rate of change (2010-15 est.)"
      }
    },
    "Major urban areas - population": {
      "text": "Kumasi 2.599 million; ACCRA (capital) 2.277 million (2015)"
    },
    "Sex ratio": {
      "at birth": {
        "text": "1.03 male(s)/female"
      },
      "0-14 years": {
        "text": "1.01 male(s)/female"
      },
      "15-24 years": {
        "text": "0.99 male(s)/female"
      },
      "25-54 years": {
        "text": "0.94 male(s)/female"
      },
      "55-64 years": {
        "text": "0.95 male(s)/female"
      },
      "65 years and over": {
        "text": "0.86 male(s)/female"
      },
      "total population": {
        "text": "0.97 male(s)/female (2016 est.)"
      }
    },
    "Mother's mean age at first birth": {
      "text": "22.6",
      "note": {
        "text": "median age at first birth among women 25-29 (2014 est.)"
      }
    },
    "Maternal mortality rate": {
      "text": "319 deaths/100,000 live births (2015 est.)"
    },
    "Infant mortality rate": {
      "total": {
        "text": "36.3 deaths/1,000 live births"
      },
      "male": {
        "text": "40.2 deaths/1,000 live births"
      },
      "female": {
        "text": "32.2 deaths/1,000 live births (2016 est.)"
      }
    },
    "Life expectancy at birth": {
      "total population": {
        "text": "66.6 years"
      },
      "male": {
        "text": "64.1 years"
      },
      "female": {
        "text": "69.1 years (2016 est.)"
      }
    },
    "Total fertility rate": {
      "text": "4.03 children born/woman (2016 est.)"
    },
    "Contraceptive prevalence rate": {
      "text": "19.5% (2013)"
    },
    "Health expenditures": {
      "text": "3.6% of GDP (2014)"
    },
    "Physicians density": {
      "text": "0.1 physicians/1,000 population (2010)"
    },
    "Hospital bed density": {
      "text": "0.9 beds/1,000 population (2011)"
    },
    "Drinking water source": {
      "improved": {
        "text": " ++ urban: 92.6% of population ++ rural: 84% of population ++ total: 88.7% of population"
      },
      "unimproved": {
        "text": " ++ urban: 7.4% of population ++ rural: 16% of population ++ total: 11.3% of population (2015 est.)"
      }
    },
    "Sanitation facility access": {
      "improved": {
        "text": " ++ urban: 20.2% of population ++ rural: 8.6% of population ++ total: 14.9% of population"
      },
      "unimproved": {
        "text": " ++ urban: 79.8% of population ++ rural: 91.4% of population ++ total: 85.1% of population (2015 est.)"
      }
    },
    "HIV/AIDS - adult prevalence rate": {
      "text": "1.61% (2015 est.)"
    },
    "HIV/AIDS - people living with HIV/AIDS": {
      "text": "274,600 (2015 est.)"
    },
    "HIV/AIDS - deaths": {
      "text": "12,600 (2015 est.)"
    },
    "Major infectious diseases": {
      "degree of risk": {
        "text": "very high"
      },
      "food or waterborne diseases": {
        "text": "bacterial and protozoal diarrhea, hepatitis A, and typhoid fever"
      },
      "vectorborne diseases": {
        "text": "malaria, dengue fever, and yellow fever"
      },
      "water contact disease": {
        "text": "schistosomiasis"
      },
      "respiratory disease": {
        "text": "meningococcal meningitis"
      },
      "animal contact disease": {
        "text": "rabies (2016)"
      }
    },
    "Obesity - adult prevalence rate": {
      "text": "10.9% (2014)"
    },
    "Children under the age of 5 years underweight": {
      "text": "11% (2014)"
    },
    "Education expenditures": {
      "text": "6% of GDP (2013)"
    },
    "Literacy": {
      "definition": {
        "text": "age 15 and over can read and write"
      },
      "total population": {
        "text": "76.6%"
      },
      "male": {
        "text": "82%"
      },
      "female": {
        "text": "71.4% (2015 est.)"
      }
    },
    "School life expectancy (primary to tertiary education)": {
      "total": {
        "text": "11 years"
      },
      "male": {
        "text": "12 years"
      },
      "female": {
        "text": "11 years (2014)"
      }
    },
    "Child labor - children ages 5-14": {
      "total number": {
        "text": "1,806,750"
      },
      "percentage": {
        "text": "34% (2006 est.)"
      }
    },
    "Unemployment, youth ages 15-24": {
      "total": {
        "text": "11.2%"
      },
      "male": {
        "text": "10.2%"
      },
      "female": {
        "text": "12% (2010 est.)"
      }
    }
  },
  "Government": {
    "Country name": {
      "conventional long form": {
        "text": "Republic of Ghana"
      },
      "conventional short form": {
        "text": "Ghana"
      },
      "former": {
        "text": "Gold Coast"
      },
      "etymology": {
        "text": "named for the medieval West African kingdom of the same name, but whose location was actually further north than the modern country"
      }
    },
    "Government type": {
      "text": "presidential republic"
    },
    "Capital": {
      "name": {
        "text": "Accra"
      },
      "geographic coordinates": {
        "text": "5 33 N, 0 13 W"
      },
      "time difference": {
        "text": "UTC 0 (5 hours ahead of Washington, DC, during Standard Time)"
      }
    },
    "Administrative divisions": {
      "text": "10 regions; Ashanti, Brong-Ahafo, Central, Eastern, Greater Accra, Northern, Upper East, Upper West, Volta, Western"
    },
    "Independence": {
      "text": "6 March 1957 (from the UK)"
    },
    "National holiday": {
      "text": "Independence Day, 6 March (1957)"
    },
    "Constitution": {
      "text": "several previous; latest drafted 31 March 1992, approved and promulgated 28 April 1992, entered into force 7 January 1993; amended 1996 (2016)"
    },
    "Legal system": {
      "text": "mixed system of English common law and customary law"
    },
    "International law organization participation": {
      "text": "has not submitted an ICJ jurisdiction declaration; accepts ICCt jurisdiction"
    },
    "Citizenship": {
      "citizenship by birth": {
        "text": "no"
      },
      "citizenship by descent only": {
        "text": "at least one parent or grandparent must be a citizen of Ghana"
      },
      "dual citizenship recognized": {
        "text": "yes"
      },
      "residency requirement for naturalization": {
        "text": "5 years"
      }
    },
    "Suffrage": {
      "text": "18 years of age; universal"
    },
    "Executive branch": {
      "chief of state": {
        "text": "President John Dramani MAHAMA (since 24 July 2012); Vice President Kwesi Bekoe AMISSAH-ARTHUR (since 6 August 2012); note - President MAHAMA assumed the presidency after the death of President John Atta MILLS and subsequently won the December 2012 presidential election; the president is both chief of state and head of government"
      },
      "head of government": {
        "text": "President John Dramani MAHAMA (since 24 July 2012); Vice President Kwesi Bekoe AMISSAH-ARTHUR (since 6 August 2012); note - President MAHAMA assumed the presidency after the death of President John Atta MILLS and subsequently won the December 2012 presidential election; the president is both chief of state and head of government"
      },
      "cabinet": {
        "text": "Council of Ministers; nominated by the president, approved by Parliament"
      },
      "elections/appointments": {
        "text": "president and vice president directly elected on the same ballot by absolute majority popular vote in 2 rounds if needed for a 4-year term (eligible for a second term); election last held on 8 December 2012 (next to be held on 7 December 2016)"
      },
      "election results": {
        "text": "John Dramani MAHAMA elected president; percent of vote - John Dramani MAHAMA (NDC) 50.7%, Nana Addo Dankwa AKUFO-ADDO (NPP) 47.7%, other 1.6%"
      }
    },
    "Legislative branch": {
      "description": {
        "text": "unicameral Parliament (275 seats; members directly elected in single-seat constituencies by simple majority vote to serve 4-year terms)"
      },
      "elections": {
        "text": "last held on 7 - 8 December 2012 (next to be held on 7 December 2016)"
      },
      "election results": {
        "text": "percent of vote by party - NPP 47.5%, NDC 46.4%, PNC 0.6%, independent 2.5%, other 3.0%; seats by party - NDC 150, NPP 120, PNC 1, independent 3, other 1"
      }
    },
    "Judicial branch": {
      "highest court(s)": {
        "text": "Supreme Court (consists of a chief justice and 12 justices)"
      },
      "judge selection and term of office": {
        "text": "chief justice appointed by the president in consultation with the Council of State (a small advisory body of prominent citizens) and with the approval of Parliament; other justices appointed by the president upon the advice of the Judicial Council (an 18-member independent body of judicial, military and police officials, and presidential nominees) and on the advice of the Council of State; justices can retire at age 60, with compulsory retirement at age 70"
      },
      "subordinate courts": {
        "text": "Court of Appeal; High Court; Circuit Court; District Court; regional tribunals"
      }
    },
    "Political parties and leaders": {
      "text": "Convention People's Party or CPP [Samia NKRUMAH] ++ National Democratic Congress or NDC [John Dramani MAHAMA] ++ New Patriotic Party or NPP [Nana AFUKO-ADDO] ++ People's National Convention or PNC [Hassan AYARIGA]",
      "note": {
        "text": "listed are four of the more popular political parties as of December 2012; there are more than 20 registered parties"
      }
    },
    "Political pressure groups and leaders": {
      "text": "Christian Aid (water rights) ++ Committee for Joint Action or CJA (social and economic issues) ++ National Coalition Against the Privatization of Water or CAP (water rights) ++ Oxfam (water rights) ++ Public Citizen (water rights) ++ Students Coalition Against EPA [Kwabena Ososukene OKAI] (education reform) ++ Third World Network (social and economic issues)"
    },
    "International organization participation": {
      "text": "ACP, AfDB, AU, C, ECOWAS, EITI (compliant country), FAO, G-24, G-77, IAEA, IBRD, ICAO, ICC (national committees), ICCt, ICRM, IDA, IFAD, IFC, IFRCS, ILO, IMF, IMO, IMSO, Interpol, IOC, IOM, IPU, ISO, ITSO, ITU, ITUC (NGOs), MIGA, MINURSO, MINUSMA, MONUSCO, NAM, OAS (observer), OIF, OPCW, UN, UNAMID, UNCTAD, UNESCO, UNHCR, UNIDO, UNIFIL, UNISFA, UNMIL, UNMISS, UNOCI, UNWTO, UPU, WCO, WFTU (NGOs), WHO, WIPO, WMO, WTO"
    },
    "Diplomatic representation in the US": {
      "chief of mission": {
        "text": "Ambassador Lt. Gen. Joseph Henry SMITH (since September 2014)"
      },
      "chancery": {
        "text": "3512 International Drive NW, Washington, DC 20008"
      },
      "telephone": {
        "text": "[1] (202) 686-4520"
      },
      "FAX": {
        "text": "[1] (202) 686-4527"
      },
      "consulate(s) general": {
        "text": "New York"
      }
    },
    "Diplomatic representation from the US": {
      "chief of mission": {
        "text": "Ambassador Robert P. JACKSON (since 4 February 2016)"
      },
      "embassy": {
        "text": "24 Fourth Circular Rd., Cantonments, Accra"
      },
      "mailing address": {
        "text": "P.O. Box 194, Accra"
      },
      "telephone": {
        "text": "[233] 030-274-1000"
      },
      "FAX": {
        "text": "[233] 030-274-1389"
      }
    },
    "Flag description": {
      "text": "three equal horizontal bands of red (top), yellow, and green, with a large black five-pointed star centered in the yellow band; red symbolizes the blood shed for independence, yellow represents the country's mineral wealth, while green stands for its forests and natural wealth; the black star is said to be the lodestar of African freedom",
      "note": {
        "text": "uses the popular Pan-African colors of Ethiopia; similar to the flag of Bolivia, which has a coat of arms centered in the yellow band"
      }
    },
    "National symbol(s)": {
      "text": "black star, golden eagle; national colors: red, yellow, green, black"
    },
    "National anthem": {
      "name": {
        "text": "\"God Bless Our Homeland Ghana\""
      },
      "lyrics/music": {
        "text": "unknown/Philip GBEHO"
      },
      "note": {
        "text": "music adopted 1957, lyrics adopted 1966; the lyrics were changed twice, in 1960 when a republic was declared and after a 1966 coup"
      }
    }
  },
  "Economy": {
    "Economy - overview": {
      "text": "Ghana's economy was strengthened by a quarter century of relatively sound management, a competitive business environment, and sustained reductions in poverty levels, but in recent years has suffered the consequences of loose fiscal policy, high budget and current account deficits, and a depreciating currency. Ghana has a market-based economy with relatively few policy barriers to trade and investment in comparison with other countries in the region, and Ghana is well-endowed with natural resources. ++  ++ Agriculture accounts for nearly one-quarter of GDP and employs more than half of the workforce, mainly small landholders. The services sector accounts for about half of GDP. Gold and cocoa exports, and individual remittances, are major sources of foreign exchange. Expansion of Ghana’s nascent oil industry has boosted economic growth, but the recent oil price crash reduced by half Ghana’s 2015 oil revenue. Production at Jubilee, Ghana's offshore oilfield, began in mid-December 2010 and currently produces roughly 110,000 barrels per day. The country’s first gas processing plant at Atubao is also producing natural gas from the Jubilee field, providing power to several of Ghana’s thermal power plants. ++  ++ As of 2015, the biggest single economic issue facing Ghana is the lack of consistent electricity. While the MAHAMA administration is taking steps to improve the situation, little progress has been made. Ghana signed a $920 million extended credit facility with the IMF in April 2015 to help it address its growing economic crisis. The IMF fiscal targets will require Ghana to reduce the fiscal deficit by cutting subsidies, decreasing the bloated public sector wage bill, strengthening revenue administration, and increasing revenues. The challenge for Ghana will come as the MAHAMA Administration approaches the November 2016 elections, facing public dissatisfaction in the midst of economic austerity."
    },
    "GDP (purchasing power parity)": {
      "text": "$114.7 billion (2015 est.) ++ $110.8 billion (2014 est.) ++ $106.6 billion (2013 est.)",
      "note": {
        "text": "data are in 2015 US dollars"
      }
    },
    "GDP (official exchange rate)": {
      "text": "$36.04 billion (2015 est.)"
    },
    "GDP - real growth rate": {
      "text": "3.5% (2015 est.) ++ 4% (2014 est.) ++ 7.3% (2013 est.)"
    },
    "GDP - per capita (PPP)": {
      "text": "$4,300 (2015 est.) ++ $4,200 (2014 est.) ++ $4,200 (2013 est.)",
      "note": {
        "text": "data are in 2015 US dollars"
      }
    },
    "Gross national saving": {
      "text": "17% of GDP (2015 est.) ++ 17.7% of GDP (2014 est.) ++ 15.6% of GDP (2013 est.)"
    },
    "GDP - composition, by end use": {
      "household consumption": {
        "text": "66.5%"
      },
      "government consumption": {
        "text": "19%"
      },
      "investment in fixed capital": {
        "text": "23.6%"
      },
      "investment in inventories": {
        "text": "1.6%"
      },
      "exports of goods and services": {
        "text": "44.1%"
      },
      "imports of goods and services": {
        "text": "-54.8% (2015 est.)"
      }
    },
    "GDP - composition, by sector of origin": {
      "agriculture": {
        "text": "20.7%"
      },
      "industry": {
        "text": "27.7%"
      },
      "services": {
        "text": "51.6% (2015 est.)"
      }
    },
    "Agriculture - products": {
      "text": "cocoa, rice, cassava (manioc, tapioca), peanuts, corn, shea nuts, bananas; timber"
    },
    "Industries": {
      "text": "mining, lumbering, light manufacturing, aluminum smelting, food processing, cement, small commercial ship building, petroleum"
    },
    "Industrial production growth rate": {
      "text": "1.2% (2015 est.)"
    },
    "Labor force": {
      "text": "11.7 million (2015 est.)"
    },
    "Labor force - by occupation": {
      "agriculture": {
        "text": "44.7%"
      },
      "industry": {
        "text": "14.4%"
      },
      "services": {
        "text": "40.9% (2013 est.)"
      }
    },
    "Unemployment rate": {
      "text": "5.2% (2013 est.)"
    },
    "Population below poverty line": {
      "text": "24.2% (2013 est.)"
    },
    "Household income or consumption by percentage share": {
      "lowest 10%": {
        "text": "2%"
      },
      "highest 10%": {
        "text": "32.8% (2006)"
      }
    },
    "Distribution of family income - Gini index": {
      "text": "42.3 (2012-13) ++ 41.9 (2005-06)"
    },
    "Budget": {
      "revenues": {
        "text": "$8.376 billion"
      },
      "expenditures": {
        "text": "$10.92 billion (2015 est.)"
      }
    },
    "Taxes and other revenues": {
      "text": "23.2% of GDP (2015 est.)"
    },
    "Budget surplus (+) or deficit (-)": {
      "text": "-7.1% of GDP (2015 est.)"
    },
    "Public debt": {
      "text": "71.8% of GDP (2015 est.) ++ 70.6% of GDP (2014 est.)"
    },
    "Fiscal year": {
      "text": "calendar year"
    },
    "Inflation rate (consumer prices)": {
      "text": "17.2% (2015 est.) ++ 15.5% (2014 est.)"
    },
    "Central bank discount rate": {
      "text": "21% (31 December 2014) ++ 16% (31 December 2013)"
    },
    "Commercial bank prime lending rate": {
      "text": "28.6% (31 December 2015 est.) ++ 27% (31 December 2014 est.)"
    },
    "Stock of narrow money": {
      "text": "$5.736 billion (31 December 2015 est.) ++ $5.663 billion (31 December 2014 est.)"
    },
    "Stock of broad money": {
      "text": "$12.2 billion (31 December 2015 est.) ++ $11.69 billion (31 December 2014 est.)"
    },
    "Stock of domestic credit": {
      "text": "$12.93 billion (31 December 2015 est.) ++ $13.54 billion (31 December 2014 est.)"
    },
    "Market value of publicly traded shares": {
      "text": "$3.465 billion (31 December 2012 est.) ++ $3.097 billion (31 December 2011 est.) ++ $3.531 billion (31 December 2010 est.)"
    },
    "Current account balance": {
      "text": "-$2.99 billion (2015 est.) ++ -$3.698 billion (2014 est.)"
    },
    "Exports": {
      "text": "$10.36 billion (2015 est.) ++ $13.22 billion (2014 est.)"
    },
    "Exports - commodities": {
      "text": "oil, gold, cocoa, timber, tuna, bauxite, aluminum, manganese ore, diamonds, horticultural products"
    },
    "Exports - partners": {
      "text": "India 25.2%, Switzerland 12.2%, China 10.6%, France 5.7% (2015)"
    },
    "Imports": {
      "text": "$13.47 billion (2015 est.) ++ $14.6 billion (2014 est.)"
    },
    "Imports - commodities": {
      "text": "capital equipment, refined petroleum, foodstuffs"
    },
    "Imports - partners": {
      "text": "China 32.6%, Nigeria 14%, Netherlands 5.5%, US 5.4% (2015)"
    },
    "Reserves of foreign exchange and gold": {
      "text": "$5.885 billion (31 December 2015 est.) ++ $5.461 billion (31 December 2014 est.)"
    },
    "Debt - external": {
      "text": "$19.15 billion (31 December 2015 est.) ++ $17.61 billion (31 December 2014 est.)"
    },
    "Stock of direct foreign investment - at home": {
      "text": "$19.85 billion (31 December 2013 est.) ++ $118 million (31 December 2012 est.)"
    },
    "Stock of direct foreign investment - abroad": {
      "text": "$16.62 billion (31 December 2013 est.) ++ $109 million (31 December 2012 est.)"
    },
    "Exchange rates": {
      "text": "cedis (GHC) per US dollar - ++ 3.712 (2015 est.) ++ 2.895 (2014 est.) ++ 2.895 (2013 est.) ++ 1.8 (2012 est.) ++ 1.512 (2011 est.)"
    }
  },
  "Energy": {
    "Electricity access": {
      "population without electricity": {
        "text": "7,300,000"
      },
      "electrification - total population": {
        "text": "72%"
      },
      "electrification - urban areas": {
        "text": "92%"
      },
      "electrification - rural areas": {
        "text": "50% (2013)"
      }
    },
    "Electricity - production": {
      "text": "13 billion kWh (2014 est.)"
    },
    "Electricity - consumption": {
      "text": "9.2 billion kWh (2014 est.)"
    },
    "Electricity - exports": {
      "text": "500 million kWh (2014 est.)"
    },
    "Electricity - imports": {
      "text": "51 million kWh (2014 est.)"
    },
    "Electricity - installed generating capacity": {
      "text": "2.847 million kW (2015 est.)"
    },
    "Electricity - from fossil fuels": {
      "text": "45.4% of total installed capacity (2012 est.)"
    },
    "Electricity - from nuclear fuels": {
      "text": "0% of total installed capacity (2012 est.)"
    },
    "Electricity - from hydroelectric plants": {
      "text": "54.6% of total installed capacity (2012 est.)"
    },
    "Electricity - from other renewable sources": {
      "text": "0% of total installed capacity (2012 est.)"
    },
    "Crude oil - production": {
      "text": "102,400 bbl/day (2015 est.)"
    },
    "Crude oil - exports": {
      "text": "98,700 bbl/day (2013 est.)"
    },
    "Crude oil - imports": {
      "text": "26,040 bbl/day (2013 est.)"
    },
    "Crude oil - proved reserves": {
      "text": "660 million bbl (1 January 2016 es)"
    },
    "Refined petroleum products - production": {
      "text": "10,640 bbl/day (2013 est.)"
    },
    "Refined petroleum products - consumption": {
      "text": "83,000 bbl/day (2014 est.)"
    },
    "Refined petroleum products - exports": {
      "text": "1,977 bbl/day (2013 est.)"
    },
    "Refined petroleum products - imports": {
      "text": "72,850 bbl/day (2013 est.)"
    },
    "Natural gas - production": {
      "text": "50 million cu m (2014 est.)"
    },
    "Natural gas - consumption": {
      "text": "650 million cu m (2014 est.)"
    },
    "Natural gas - exports": {
      "text": "0 cu m (2013 est.)"
    },
    "Natural gas - imports": {
      "text": "600 million cu m (2014 est.)"
    },
    "Natural gas - proved reserves": {
      "text": "22.65 billion cu m (1 January 2016 es)"
    },
    "Carbon dioxide emissions from consumption of energy": {
      "text": "11 million Mt (2013 est.)"
    }
  },
  "Communications": {
    "Telephones - fixed lines": {
      "total subscriptions": {
        "text": "275,570"
      },
      "subscriptions per 100 inhabitants": {
        "text": "1 (July 2015 est.)"
      }
    },
    "Telephones - mobile cellular": {
      "total": {
        "text": "35.008 million"
      },
      "subscriptions per 100 inhabitants": {
        "text": "133 (July 2015 est.)"
      }
    },
    "Telephone system": {
      "general assessment": {
        "text": "primarily microwave radio relay; wireless local loop has been installed; outdated and unreliable fixed-line infrastructure heavily concentrated in Accra"
      },
      "domestic": {
        "text": "competition among multiple mobile-cellular providers has spurred growth with a subscribership of more than 130 per 100 persons and rising"
      },
      "international": {
        "text": "country code - 233; landing point for the SAT-3/WASC, Main One, and GLO-1 fiber-optic submarine cables that provide connectivity to South Africa, Europe, and Asia; satellite earth stations - 4 Intelsat (Atlantic Ocean); microwave radio relay link to Panaftel system connects Ghana to its neighbors (2015)"
      }
    },
    "Broadcast media": {
      "text": "state-owned TV station, 2 state-owned radio networks; several privately owned TV stations and a large number of privately owned radio stations; transmissions of multiple international broadcasters are accessible; several cable and satellite TV subscription services are obtainable (2007)"
    },
    "Internet country code": {
      "text": ".gh"
    },
    "Internet users": {
      "total": {
        "text": "6.181 million"
      },
      "percent of population": {
        "text": "23.5% (July 2015 est.)"
      }
    }
  },
  "Transportation": {
    "National air transport system": {
      "number of registered air carriers": {
        "text": "4"
      },
      "inventory of registered aircraft operated by air carriers": {
        "text": "8"
      },
      "annual passenger traffic on registered air carriers": {
        "text": "390,457"
      },
      "annual freight traffic on registered air carriers": {
        "text": "844,630 mt-km (2015)"
      }
    },
    "Civil aircraft registration country code prefix": {
      "text": "9G (2016)"
    },
    "Airports": {
      "text": "10 (2013)"
    },
    "Airports - with paved runways": {
      "total": {
        "text": "7"
      },
      "over 3,047 m": {
        "text": "1"
      },
      "2,438 to 3,047 m": {
        "text": "1"
      },
      "1,524 to 2,437 m": {
        "text": "3"
      },
      "914 to 1,523 m": {
        "text": "2 (2013)"
      }
    },
    "Airports - with unpaved runways": {
      "total": {
        "text": "3"
      },
      "914 to 1,523 m": {
        "text": "3 (2013)"
      }
    },
    "Pipelines": {
      "text": "gas 394 km; oil 20 km; refined products 361 km (2013)"
    },
    "Railways": {
      "total": {
        "text": "947 km"
      },
      "narrow gauge": {
        "text": "947 km 1.067-m gauge (2014)"
      }
    },
    "Roadways": {
      "total": {
        "text": "109,515 km"
      },
      "paved": {
        "text": "13,787 km"
      },
      "unpaved": {
        "text": "95,728 km (2009)"
      }
    },
    "Waterways": {
      "text": "1,293 km (168 km for launches and lighters on Volta, Ankobra, and Tano Rivers; 1,125 km of arterial and feeder waterways on Lake Volta) (2011)"
    },
    "Merchant marine": {
      "total": {
        "text": "4"
      },
      "by type": {
        "text": "petroleum tanker 1, refrigerated cargo 3"
      },
      "foreign-owned": {
        "text": "2 (Brazil 1, South Korea 1) (2010)"
      }
    },
    "Ports and terminals": {
      "major seaport(s)": {
        "text": "Takoradi, Tema"
      }
    }
  },
  "Military and Security": {
    "Military branches": {
      "text": "Ghana Army, Ghana Navy, Ghana Air Force (2012)"
    },
    "Military service age and obligation": {
      "text": "18-26 years of age for voluntary military service, with basic education certificate; no conscription; must be HIV/AIDS negative (2012)"
    },
    "Military expenditures": {
      "text": "0.56% of GDP (2014) ++ 0.61% of GDP (2013) ++ 0.27% of GDP (2012)"
    }
  },
  "Transnational Issues": {
    "Disputes - international": {
      "text": "disputed maritime border between Ghana and Cote d'Ivoire"
    },
    "Refugees and internally displaced persons": {
      "refugees (country of origin)": {
        "text": "11,419 (Cote d'Ivoire; flight from 2010 post-election fighting) (2016)"
      }
    },
    "Trafficking in persons": {
      "current situation": {
        "text": "Ghana is a source, transit, and destination country for men, women, and children subjected to forced labor and sex trafficking; the trafficking of Ghanians, particularly children, internally is more common than the trafficking of foreign nationals; Ghanian children are subjected to forced labor in fishing, domestic service, street hawking, begging, portering, mining, quarrying, herding, and agriculture, with girls, and to a lesser extent boys, forced into prostitution; Ghanian women, sometimes lured with legitimate job offers, and girls are sex trafficked in West Africa, the Middle East, and Europe; Ghanian men fraudulently recruited for work in the Middle East are subjected to forced labor or prostitution, and a few Ghanian adults have been identified as victims of false labor in the US; women and girls from Vietnam, China, and neighboring West African countries are sex trafficked in Ghana; the country is also a transit point for sex trafficking from West Africa to Europe"
      },
      "tier rating": {
        "text": "Tier 2 Watch List - Ghana does not fully comply with the minimum standards for the elimination of trafficking; however, it is making significant efforts to do so; Ghana continued to investigate and prosecute trafficking offenses but was unable to ramp up its anti-trafficking efforts in 2014 because the government failed to provide law enforcement or protection agencies with operating budgets; victim protection efforts decreased in 2014, with significantly fewer victims identified; most child victims were referred to NGO-run facilities, but care for adults was lacking because the government did not provide any support to the country’s Human Trafficking Fund for victim services or its two shelters; anti-trafficking prevention measures increased modestly, including reconvening of the Human Trafficking Management Board, public awareness campaigns on child labor and trafficking, and anti-trafficking TV and radio programs (2015)"
      }
    },
    "Illicit drugs": {
      "text": "illicit producer of cannabis for the international drug trade; major transit hub for Southwest and Southeast Asian heroin and, to a lesser extent, South American cocaine destined for Europe and the US; widespread crime and money-laundering problem, but the lack of a well-developed financial infrastructure limits the country's utility as a money-laundering center; significant domestic cocaine and cannabis use"
    }
  }
}