{
  "Introduction": {
    "Background": {
      "text": "Settlement of freed slaves from the US in what is today Liberia began in 1822; by 1847, the Americo-Liberians were able to establish a republic. William TUBMAN, president from 1944-71, did much to promote foreign investment and to bridge the economic, social, and political gaps between the descendants of the original settlers and the inhabitants of the interior. In 1980, a military coup led by Samuel DOE ushered in a decade of authoritarian rule. In December 1989, Charles TAYLOR launched a rebellion against DOE's regime that led to a prolonged civil war in which DOE was killed. A period of relative peace in 1997 allowed for an election that brought TAYLOR to power, but major fighting resumed in 2000. An August 2003 peace agreement ended the war and prompted the resignation of former president Charles TAYLOR, who was convicted by the UN-backed Special Court for Sierra Leone in The Hague for his involvement in Sierra Leone's civil war. After two years of rule by a transitional government, democratic elections in late 2005 brought President Ellen JOHNSON SIRLEAF to power. She subsequently won reelection in 2011 and remains challenged to rebuild Liberia's economy, particularly following the 2014-15 Ebola epidemic, and to reconcile a nation still recovering from 14 years of fighting. The UN Security Council in September 2015 passed Resolution 2239, which renewed the mandate for the UN Mission in Liberia for another year. In July 2016, the UN handed over peacekeeping responsibility to Liberia and reduced the UN troop presence, which now serves a support role."
    }
  },
  "Geography": {
    "Location": {
      "text": "Western Africa, bordering the North Atlantic Ocean, between Cote d'Ivoire and Sierra Leone"
    },
    "Geographic coordinates": {
      "text": "6 30 N, 9 30 W"
    },
    "Map references": {
      "text": "Africa"
    },
    "Area": {
      "total": {
        "text": "111,369 sq km"
      },
      "land": {
        "text": "96,320 sq km"
      },
      "water": {
        "text": "15,049 sq km"
      }
    },
    "Area - comparative": {
      "text": "slightly larger than Tennessee"
    },
    "Land boundaries": {
      "total": {
        "text": "1,667 km"
      },
      "border countries": {
        "text": "Guinea 590 km, Cote d'Ivoire 778 km, Sierra Leone 299 km"
      }
    },
    "Coastline": {
      "text": "579 km"
    },
    "Maritime claims": {
      "territorial sea": {
        "text": "200 nm"
      }
    },
    "Climate": {
      "text": "tropical; hot, humid; dry winters with hot days and cool to cold nights; wet, cloudy summers with frequent heavy showers"
    },
    "Terrain": {
      "text": "mostly flat to rolling coastal plains rising to rolling plateau and low mountains in northeast"
    },
    "Elevation": {
      "mean elevation": {
        "text": "243 m"
      },
      "elevation extremes": {
        "text": "lowest point: Atlantic Ocean 0 m ++ highest point: Mount Wuteve 1,380 m"
      }
    },
    "Natural resources": {
      "text": "iron ore, timber, diamonds, gold, hydropower"
    },
    "Land use": {
      "agricultural land": {
        "text": "28.1% ++ arable land 5.2%; permanent crops 2.1%; permanent pasture 20.8%"
      },
      "forest": {
        "text": "44.6%"
      },
      "other": {
        "text": "27.3% (2011 est.)"
      }
    },
    "Irrigated land": {
      "text": "30 sq km (2012)"
    },
    "Natural hazards": {
      "text": "dust-laden harmattan winds blow from the Sahara (December to March)"
    },
    "Environment - current issues": {
      "text": "tropical rain forest deforestation; soil erosion; loss of biodiversity; pollution of coastal waters from oil residue and raw sewage"
    },
    "Environment - international agreements": {
      "party to": {
        "text": "Biodiversity, Climate Change, Climate Change-Kyoto Protocol, Desertification, Endangered Species, Hazardous Wastes, Law of the Sea, Ozone Layer Protection, Ship Pollution, Tropical Timber 83, Tropical Timber 94, Wetlands"
      },
      "signed, but not ratified": {
        "text": "Environmental Modification, Marine Life Conservation"
      }
    },
    "Geography - note": {
      "text": "facing the Atlantic Ocean, the coastline is characterized by lagoons, mangrove swamps, and river-deposited sandbars; the inland grassy plateau supports limited agriculture"
    }
  },
  "People and Society": {
    "Population": {
      "text": "4,299,944 (July 2016 est.)"
    },
    "Nationality": {
      "noun": {
        "text": "Liberian(s)"
      },
      "adjective": {
        "text": "Liberian"
      }
    },
    "Ethnic groups": {
      "text": "Kpelle 20.3%, Bassa 13.4%, Grebo 10%, Gio 8%, Mano 7.9%, Kru 6%, Lorma 5.1%, Kissi 4.8%, Gola 4.4%, other 20.1% (2008 Census)"
    },
    "Languages": {
      "text": "English 20% (official), some 20 ethnic group languages few of which can be written or used in correspondence"
    },
    "Religions": {
      "text": "Christian 85.6%, Muslim 12.2%, Traditional 0.6%, other 0.2%, none 1.4% (2008 Census)"
    },
    "Demographic profile": {
      "text": "Liberia’s high fertility rate of nearly 5 children per woman and large youth cohort – more than 60% of the population is under the age of 25 – will sustain a high dependency ratio for many years to come. Significant progress has been made in preventing child deaths, despite a lack of health care workers and infrastructure. Infant and child mortality have dropped nearly 70% since 1990; the annual reduction rate of about 5.4% is the highest in Africa. Nevertheless, Liberia’s high maternal mortality rate remains among the world’s worst; it reflects a high unmet need for family planning services, frequency of early childbearing, lack of quality obstetric care, high adolescent fertility, and a low proportion of births attended by a medical professional. Female mortality is also increased by the prevalence of female genital cutting (FGC), which is practiced by 10 of Liberia’s 16 tribes and affects more than two-thirds of women and girls. FGC is an initiation ritual performed in rural bush schools, which teach traditional beliefs on marriage and motherhood and are an obstacle to formal classroom education for Liberian girls. Liberia has been both a source and a destination for refugees. During Liberia’s 14-year civil war (1989-2003), more than 250,000 people became refugees and another half million were internally displaced. Between 2004 and the cessation of refugee status for Liberians in June 2012, the UNHCR helped more than 155,000 Liberians to voluntarily repatriate, while others returned home on their own. Some Liberian refugees spent more than two decades living in other West African countries. Liberia hosted more than 125,000 Ivoirian refugees escaping post-election violence in 2010-11; as of mid-2016, about 20,000 Ivoirian refugees were still living in Liberia because of instability."
    },
    "Age structure": {
      "0-14 years": {
        "text": "42.3% (male 917,354/female 901,627)"
      },
      "15-24 years": {
        "text": "18.9% (male 400,013/female 412,869)"
      },
      "25-54 years": {
        "text": "31.32% (male 669,630/female 677,321)"
      },
      "55-64 years": {
        "text": "4.3% (male 89,264/female 95,519)"
      },
      "65 years and over": {
        "text": "3.17% (male 66,658/female 69,689) (2016 est.)"
      }
    },
    "Dependency ratios": {
      "total dependency ratio": {
        "text": "82.9%"
      },
      "youth dependency ratio": {
        "text": "77.4%"
      },
      "elderly dependency ratio": {
        "text": "5.5%"
      },
      "potential support ratio": {
        "text": "18.2% (2015 est.)"
      }
    },
    "Median age": {
      "total": {
        "text": "18.3 years"
      },
      "male": {
        "text": "18.1 years"
      },
      "female": {
        "text": "18.5 years (2016 est.)"
      }
    },
    "Population growth rate": {
      "text": "2.44% (2016 est.)"
    },
    "Birth rate": {
      "text": "33.9 births/1,000 population (2016 est.)"
    },
    "Death rate": {
      "text": "9.5 deaths/1,000 population (2016 est.)"
    },
    "Net migration rate": {
      "text": "0 migrant(s)/1,000 population (2016 est.)"
    },
    "Urbanization": {
      "urban population": {
        "text": "49.7% of total population (2015)"
      },
      "rate of urbanization": {
        "text": "3.36% annual rate of change (2010-15 est.)"
      }
    },
    "Major urban areas - population": {
      "text": "MONROVIA (capital) 1.264 million (2015)"
    },
    "Sex ratio": {
      "at birth": {
        "text": "1.03 male(s)/female"
      },
      "0-14 years": {
        "text": "1.02 male(s)/female"
      },
      "15-24 years": {
        "text": "0.97 male(s)/female"
      },
      "25-54 years": {
        "text": "0.99 male(s)/female"
      },
      "55-64 years": {
        "text": "0.93 male(s)/female"
      },
      "65 years and over": {
        "text": "0.97 male(s)/female"
      },
      "total population": {
        "text": "0.99 male(s)/female (2016 est.)"
      }
    },
    "Mother's mean age at first birth": {
      "text": "19.2",
      "note": {
        "text": "median age at first birth among women 25-29 (2013 est.)"
      }
    },
    "Maternal mortality rate": {
      "text": "725 deaths/100,000 live births (2015 est.)"
    },
    "Infant mortality rate": {
      "total": {
        "text": "65.8 deaths/1,000 live births"
      },
      "male": {
        "text": "69.9 deaths/1,000 live births"
      },
      "female": {
        "text": "61.5 deaths/1,000 live births (2016 est.)"
      }
    },
    "Life expectancy at birth": {
      "total population": {
        "text": "59 years"
      },
      "male": {
        "text": "57.3 years"
      },
      "female": {
        "text": "60.8 years (2016 est.)"
      }
    },
    "Total fertility rate": {
      "text": "4.6 children born/woman (2016 est.)"
    },
    "Contraceptive prevalence rate": {
      "text": "20.2% (2013)"
    },
    "Health expenditures": {
      "text": "10% of GDP (2014)"
    },
    "Physicians density": {
      "text": "0.01 physicians/1,000 population (2008)"
    },
    "Hospital bed density": {
      "text": "0.8 beds/1,000 population (2010)"
    },
    "Drinking water source": {
      "improved": {
        "text": " ++ urban: 88.6% of population ++ rural: 62.6% of population ++ total: 75.6% of population"
      },
      "unimproved": {
        "text": " ++ urban: 11.4% of population ++ rural: 37.4% of population ++ total: 24.4% of population (2015 est.)"
      }
    },
    "Sanitation facility access": {
      "improved": {
        "text": " ++ urban: 28% of population ++ rural: 5.9% of population ++ total: 16.9% of population"
      },
      "unimproved": {
        "text": " ++ urban: 72% of population ++ rural: 94.1% of population ++ total: 83.1% of population (2015 est.)"
      }
    },
    "HIV/AIDS - adult prevalence rate": {
      "text": "1.09% (2015 est.)"
    },
    "HIV/AIDS - people living with HIV/AIDS": {
      "text": "30,200 (2015 est.)"
    },
    "HIV/AIDS - deaths": {
      "text": "1,900 (2015 est.)"
    },
    "Major infectious diseases": {
      "degree of risk": {
        "text": "very high"
      },
      "food or waterborne diseases": {
        "text": "bacterial and protozoal diarrhea, hepatitis A, and typhoid fever"
      },
      "vectorborne diseases": {
        "text": "malaria, dengue fever, and yellow fever"
      },
      "water contact disease": {
        "text": "schistosomiasis"
      },
      "aerosolized dust or soil contact disease": {
        "text": "Lassa fever"
      },
      "animal contact disease": {
        "text": "rabies (2016)"
      }
    },
    "Obesity - adult prevalence rate": {
      "text": "5.8% (2014)"
    },
    "Children under the age of 5 years underweight": {
      "text": "15.3% (2013)"
    },
    "Education expenditures": {
      "text": "2.8% of GDP (2012)"
    },
    "Literacy": {
      "definition": {
        "text": "age 15 and over can read and write"
      },
      "total population": {
        "text": "47.6%"
      },
      "male": {
        "text": "62.4%"
      },
      "female": {
        "text": "32.8% (2015 est.)"
      }
    },
    "Child labor - children ages 5-14": {
      "total number": {
        "text": "177,160"
      },
      "percentage": {
        "text": "21% (2007 est.)"
      }
    },
    "Unemployment, youth ages 15-24": {
      "total": {
        "text": "5.1%"
      },
      "male": {
        "text": "3.4%"
      },
      "female": {
        "text": "6.6% (2010 est.)"
      }
    }
  },
  "Government": {
    "Country name": {
      "conventional long form": {
        "text": "Republic of Liberia"
      },
      "conventional short form": {
        "text": "Liberia"
      },
      "etymology": {
        "text": "name derives from the Latin word \"liber\" meaning \"free\"; so named because the nation was created as a homeland for liberated African-American slaves"
      }
    },
    "Government type": {
      "text": "presidential republic"
    },
    "Capital": {
      "name": {
        "text": "Monrovia"
      },
      "geographic coordinates": {
        "text": "6 18 N, 10 48 W"
      },
      "time difference": {
        "text": "UTC 0 (5 hours ahead of Washington, DC, during Standard Time)"
      }
    },
    "Administrative divisions": {
      "text": "15 counties; Bomi, Bong, Gbarpolu, Grand Bassa, Grand Cape Mount, Grand Gedeh, Grand Kru, Lofa, Margibi, Maryland, Montserrado, Nimba, River Cess, River Gee, Sinoe"
    },
    "Independence": {
      "text": "26 July 1847"
    },
    "National holiday": {
      "text": "Independence Day, 26 July (1847)"
    },
    "Constitution": {
      "text": "previous 1847 (at independence); latest drafted 19 October 1983, revised version adopted by referendum 3 July 1984, effective 6 January 1986; amended 2011; note - a series of amendment proposals approved by the Constitution Review Conference in early 2015 are pending government review (2016)"
    },
    "Legal system": {
      "text": "mixed legal system of common law (based on  Anglo-American law) and customary law"
    },
    "International law organization participation": {
      "text": "accepts compulsory ICJ jurisdiction with reservations; accepts ICCt jurisdiction"
    },
    "Citizenship": {
      "citizenship by birth": {
        "text": "no"
      },
      "citizenship by descent only": {
        "text": "at least one parent must be a citizen of Liberia"
      },
      "dual citizenship recognized": {
        "text": "no"
      },
      "residency requirement for naturalization": {
        "text": "2 years"
      }
    },
    "Suffrage": {
      "text": "18 years of age; universal"
    },
    "Executive branch": {
      "chief of state": {
        "text": "President Ellen JOHNSON SIRLEAF (since 16 January 2006); Vice President Joseph BOAKAI (since 16 January 2006); note - the president is both chief of state and head of government"
      },
      "head of government": {
        "text": "President Ellen JOHNSON SIRLEAF (since 16 January 2006); Vice President Joseph BOAKAI (since 16 January 2006)"
      },
      "cabinet": {
        "text": "Cabinet appointed by the president, confirmed by the Senate"
      },
      "elections/appointments": {
        "text": "president directly elected by absolute majority popular vote in 2 rounds if needed for a 6-year term (eligible for a second term); election last held on 11 October and 8 November 2011 (next to be held in 2017)"
      },
      "election results": {
        "text": "Ellen JOHNSON SIRLEAF reelected president; percent of vote in second round - Ellen JOHNSON SIRLEAF (UP) 90.7%, Winston TUBMAN (NDPL) 9.3%"
      }
    },
    "Legislative branch": {
      "description": {
        "text": "bicameral National Assembly consists of the Senate (30 seats; members directly elected in 15 two-seat constituencies by simple majority vote to serve 9-year staggered terms with half the membership renewed at 3- and 6-year intervals; eligible for a second term; and the House of Representatives (73 seats; members directly elected in single-seat constituencies by simple majority vote to serve 6-year terms; eligible for a second term)"
      },
      "elections": {
        "text": "Senate - last held on 20 December 2014 (originally scheduled for 14 October 2014, but postponed due to Ebola-virus epidemic; next to be held in fall 2020); House of Representatives - last held on 11 October 2011 (next to be held in 2017)"
      },
      "election results": {
        "text": "Senate - percent of vote by party - CDC 29.8%, LP 11.5%, NPP 6.1%, PUP 4.9%, NDC 1.3%, other parties 11.8%, independent 24.3%; seats by party - UP 4, CDC 2, LP 2, ANC 1, NDC 1, NPP 1, PUP 1, independent 3; House of Representatives - percent of vote by party - UP 17.8%, CDC 12.8%, LP 9.2%, NDC 5.7%, LTP 4.5%, PUP 3.9%, NPP 3.3%, MPC 2.4%, LDP 1.0%, NRP 0.8%, other parties 16.8% independent 19.7% ; seats by party - UP 24, CDC 11, LP 7, PUP 6, NDC 5, APD 3, NPP 3, MPC 2, LDP 1, LTP 1, NRP 1, independent 9"
      }
    },
    "Judicial branch": {
      "highest court(s)": {
        "text": "Supreme Court (consists of a chief justice and 4 associate justices); note - the Supreme Court has jurisdiction for all constitutional cases"
      },
      "judge selection and term of office": {
        "text": "chief justice and associate justices appointed by the president of Liberia with consent of the Senate; judges can serve until age 70"
      },
      "subordinate courts": {
        "text": "judicial circuit courts; special courts including criminal, civil, labor, traffic; magistrate and traditional or customary courts"
      }
    },
    "Political parties and leaders": {
      "text": "Alliance for Peace and Democracy or APD [Marcus S. G. DAHN] ++ Alternative National Congress or ANC [Orishil GOULD] ++ Congress for Democratic Change or CDC [George WEAH] ++ Liberia Destiny Party or LDP [Nathaniel BARNES] ++ Liberia Transformation Party or LTP [Julius SUKU] ++ Liberty Party or LP [J. Fonati KOFFA] ++ Movement for Progressive Change or MPC [Simeon FREEMAN] ++ National Democratic Coalition or NDC [Dew MAYSON] ++ National Democratic Party of Liberia or NDPL [D. Nyandeh SIEH] ++ National Patriotic Party or NPP ++ National Reformist Party or NRP [Maximillian T. W. DIABE] ++ National Union for Democratic Progress or NUDP [Victor BARNEY] ++ People's Unification Party [Isobe GBORKORKOLLIE] ++ Unity Party or UP [Varney SHERMAN]"
    },
    "Political pressure groups and leaders": {
      "other": {
        "text": "demobilized former military officers"
      }
    },
    "International organization participation": {
      "text": "ACP, AfDB, AU, ECOWAS, EITI (compliant country), FAO, G-77, IAEA, IBRD, ICAO, ICC (NGOs), ICCt, ICRM, IDA, IFAD, IFC, IFRCS, ILO, IMF, IMO, IMSO, Interpol, IOC, IOM, ISO (correspondent), ITU, ITUC (NGOs), MIGA, MINUSMA, NAM, OPCW, UN, UNCTAD, UNESCO, UNIDO, UNWTO, UPU, WCO, WFTU (NGOs), WHO, WIPO, WMO, WTO (observer)"
    },
    "Diplomatic representation in the US": {
      "chief of mission": {
        "text": "Ambassador Jeremiah Congbeh SULUNTEH (since 2 May 2012)"
      },
      "chancery": {
        "text": "5201 16th Street NW, Washington, DC 20011"
      },
      "telephone": {
        "text": "[1] (202) 723-0437"
      },
      "FAX": {
        "text": "[1] (202) 723-0436"
      },
      "consulate(s) general": {
        "text": "New York"
      }
    },
    "Diplomatic representation from the US": {
      "chief of mission": {
        "text": "Ambassador Christine A. ELDER (since 23 June 2016)"
      },
      "embassy": {
        "text": "U.S. Embassy, 502 Benson Street, Monrovia"
      },
      "mailing address": {
        "text": "P.O. Box 98, Monrovia"
      },
      "telephone": {
        "text": "[231] 77-677-7000"
      },
      "FAX": {
        "text": "[231] 77-677-7370"
      }
    },
    "Flag description": {
      "text": "11 equal horizontal stripes of red (top and bottom) alternating with white; a white five-pointed star appears on a blue square in the upper hoist-side corner; the stripes symbolize the signatories of the Liberian Declaration of Independence; the blue square represents the African mainland, and the star represents the freedom granted to the ex-slaves; according to the constitution, the blue color signifies liberty, justice, and fidelity, the white color purity, cleanliness, and guilelessness, and the red color steadfastness, valor, and fervor",
      "note": {
        "text": "the design is based on the US flag"
      }
    },
    "National symbol(s)": {
      "text": "white star; national colors: red, white, blue"
    },
    "National anthem": {
      "name": {
        "text": "\"All Hail, Liberia Hail!\""
      },
      "lyrics/music": {
        "text": "Daniel Bashiel WARNER/Olmstead LUCA"
      },
      "note": {
        "text": "lyrics adopted 1847, music adopted 1860; the anthem's author later became the third president of Liberia"
      }
    }
  },
  "Economy": {
    "Economy - overview": {
      "text": "Liberia is a low income country that relies heavily on foreign assistance. It is richly endowed with water, mineral resources, forests, and a climate favorable to agriculture. Its principal exports are iron ore, rubber, gold and timber. The government has attempted to revive raw timber extraction and is encouraging oil exploration. ++  ++ In the 1990s and early 2000s, civil war and government mismanagement destroyed much of Liberia's economy, especially infrastructure in and around the capital. With the conclusion of fighting and the installation of a democratically elected government in 2006, businesses that had fled the country began to return. The country achieved high growth during 2010-13 due to favorable world prices for its commodities. However, in 2014 as the Ebolavirus began to spread, the economy declined and many businesses departed, taking capital and expertise with them. The epidemic forced the government to divert scarce resources to combat the spread of the virus, reducing funds available for needed public investment. The cost of addressing the Ebola epidemic will weigh heavily on public finances at the same time decreased economic activity reduces government revenue, although higher donor support will partly offset this loss. ++  ++ Revitalizing the economy in the future will depend on increasing investment and trade, higher global commodity prices, sustained foreign aid and remittances, development of infrastructure and institutions, and maintaining political stability and security."
    },
    "GDP (purchasing power parity)": {
      "text": "$3.749 billion (2015 est.) ++ $3.748 billion (2014 est.) ++ $3.723 billion (2013 est.)",
      "note": {
        "text": "data are in 2015 US dollars"
      }
    },
    "GDP (official exchange rate)": {
      "text": "$2.035 billion (2015 est.)"
    },
    "GDP - real growth rate": {
      "text": "0% (2015 est.) ++ 0.7% (2014 est.) ++ 8.7% (2013 est.)"
    },
    "GDP - per capita (PPP)": {
      "text": "$900 (2015 est.) ++ $900 (2014 est.) ++ $900 (2013 est.)",
      "note": {
        "text": "data are in 2015 US dollars"
      }
    },
    "Gross national saving": {
      "text": "NA% (2015 est.) ++ -41% of GDP (2014 est.) ++ -2.3% of GDP (2012 est.)"
    },
    "GDP - composition, by end use": {
      "household consumption": {
        "text": "134.1%"
      },
      "government consumption": {
        "text": "16.3%"
      },
      "investment in fixed capital": {
        "text": "19.5%"
      },
      "investment in inventories": {
        "text": "-5.2%"
      },
      "exports of goods and services": {
        "text": "25%"
      },
      "imports of goods and services": {
        "text": "-94.9% (2015 est.)"
      }
    },
    "GDP - composition, by sector of origin": {
      "agriculture": {
        "text": "35.2%"
      },
      "industry": {
        "text": "14.4%"
      },
      "services": {
        "text": "50.4% (2015 est.)"
      }
    },
    "Agriculture - products": {
      "text": "rubber, coffee, cocoa, rice, cassava (manioc, tapioca), palm oil, sugarcane, bananas; sheep, goats; timber"
    },
    "Industries": {
      "text": "mining (iron ore), rubber processing, palm oil processing, timber, diamonds"
    },
    "Industrial production growth rate": {
      "text": "-8% (2015 est.)"
    },
    "Labor force": {
      "text": "1.604 million (2015 est.)"
    },
    "Labor force - by occupation": {
      "agriculture": {
        "text": "70%"
      },
      "industry": {
        "text": "8%"
      },
      "services": {
        "text": "22% (2000 est.)"
      }
    },
    "Unemployment rate": {
      "text": "85% (2003 est.)"
    },
    "Population below poverty line": {
      "text": "63.8% (2007 est.)"
    },
    "Household income or consumption by percentage share": {
      "lowest 10%": {
        "text": "2.4%"
      },
      "highest 10%": {
        "text": "30.1% (2007)"
      }
    },
    "Budget": {
      "revenues": {
        "text": "$688.2 million"
      },
      "expenditures": {
        "text": "$812.4 million (2015 est.)"
      }
    },
    "Taxes and other revenues": {
      "text": "33.8% of GDP (2015 est.)"
    },
    "Budget surplus (+) or deficit (-)": {
      "text": "-6.1% of GDP (2015 est.)"
    },
    "Public debt": {
      "text": "5.7% of GDP (2015 est.) ++ 0.5% of GDP (2014 est.)"
    },
    "Fiscal year": {
      "text": "calendar year"
    },
    "Inflation rate (consumer prices)": {
      "text": "7.7% (2015 est.) ++ 9.8% (2014 est.)"
    },
    "Commercial bank prime lending rate": {
      "text": "13.61% (31 December 2015 est.) ++ 13.5% (31 December 2014 est.)"
    },
    "Stock of narrow money": {
      "text": "$458.4 million (31 December 2015 est.) ++ $463.5 million (31 December 2014 est.)"
    },
    "Stock of broad money": {
      "text": "$738.7 million (31 December 2014 est.) ++ $656 million (31 December 2013 est.)"
    },
    "Stock of domestic credit": {
      "text": "$824.1 million (31 December 2015 est.) ++ $736.5 million (31 December 2014 est.)"
    },
    "Market value of publicly traded shares": {
      "text": "$NA"
    },
    "Current account balance": {
      "text": "-$801 million (2015 est.) ++ -$635 million (2014 est.)"
    },
    "Exports": {
      "text": "$330.8 million (2015 est.) ++ $624.1 million (2014 est.)"
    },
    "Exports - commodities": {
      "text": "rubber, timber, iron, diamonds, cocoa, coffee"
    },
    "Exports - partners": {
      "text": "Poland 32.9%, China 20.7%, India 9.3%, US 5.1%, Greece 4.7%, France 4.3% (2015)"
    },
    "Imports": {
      "text": "$2.232 billion (2015 est.) ++ $2.167 billion (2014 est.)"
    },
    "Imports - commodities": {
      "text": "fuels, chemicals, machinery, transportation equipment, manufactured goods; foodstuffs"
    },
    "Imports - partners": {
      "text": "Singapore 28.7%, China 16%, South Korea 15.3%, Japan 10.3%, Philippines 6.6% (2015)"
    },
    "Debt - external": {
      "text": "$968 million (31 December 2015 est.) ++ $633 million (31 December 2014 est.)"
    },
    "Stock of direct foreign investment - at home": {
      "text": "$17.01 billion (31 December 2015 est.) ++ $16.56 billion (31 December 2014 est.)"
    },
    "Stock of direct foreign investment - abroad": {
      "text": "$201 million (31 December 2013 est.) ++ $201 million (31 December 2012 est.)"
    },
    "Exchange rates": {
      "text": "Liberian dollars (LRD) per US dollar - ++ 85.3 (2015 est.) ++ 83.893 (2014 est.) ++ 83.893 (2013 est.) ++ 73.52 (2012 est.) ++ 72.227 (2011 est.)"
    }
  },
  "Energy": {
    "Electricity access": {
      "population without electricity": {
        "text": "3,900,000"
      },
      "electrification - total population": {
        "text": "10%"
      },
      "electrification - urban areas": {
        "text": "17%"
      },
      "electrification - rural areas": {
        "text": "3% (2013)"
      }
    },
    "Electricity - production": {
      "text": "300 million kWh (2014 est.)"
    },
    "Electricity - consumption": {
      "text": "300 million kWh (2014 est.)"
    },
    "Electricity - exports": {
      "text": "0 kWh (2013 est.)"
    },
    "Electricity - imports": {
      "text": "0 kWh (2013 est.)"
    },
    "Electricity - installed generating capacity": {
      "text": "27,000 kW (2014 est.)"
    },
    "Electricity - from fossil fuels": {
      "text": "100% of total installed capacity (2012 est.)"
    },
    "Electricity - from nuclear fuels": {
      "text": "0% of total installed capacity (2012 est.)"
    },
    "Electricity - from hydroelectric plants": {
      "text": "0% of total installed capacity (2012 est.)"
    },
    "Electricity - from other renewable sources": {
      "text": "0% of total installed capacity (2012 est.)"
    },
    "Crude oil - production": {
      "text": "0 bbl/day (2015 est.)"
    },
    "Crude oil - exports": {
      "text": "0 bbl/day (2013 est.)"
    },
    "Crude oil - imports": {
      "text": "0 bbl/day (2013 est.)"
    },
    "Crude oil - proved reserves": {
      "text": "0 bbl (1 January 2016 es)"
    },
    "Refined petroleum products - production": {
      "text": "0 bbl/day (2013 est.)"
    },
    "Refined petroleum products - consumption": {
      "text": "6,600 bbl/day (2014 est.)"
    },
    "Refined petroleum products - exports": {
      "text": "0 bbl/day (2013 est.)"
    },
    "Refined petroleum products - imports": {
      "text": "6,611 bbl/day (2013 est.)"
    },
    "Natural gas - production": {
      "text": "0 cu m (2013 est.)"
    },
    "Natural gas - consumption": {
      "text": "0 cu m (2013 est.)"
    },
    "Natural gas - exports": {
      "text": "0 cu m (2013 est.)"
    },
    "Natural gas - imports": {
      "text": "0 cu m (2013 est.)"
    },
    "Natural gas - proved reserves": {
      "text": "0 cu m (1 January 2014 es)"
    },
    "Carbon dioxide emissions from consumption of energy": {
      "text": "600,000 Mt (2013 est.)"
    }
  },
  "Communications": {
    "Telephones - fixed lines": {
      "total subscriptions": {
        "text": "9,000"
      },
      "subscriptions per 100 inhabitants": {
        "text": "less than 1 (July 2015 est.)"
      }
    },
    "Telephones - mobile cellular": {
      "total": {
        "text": "3.652 million"
      },
      "subscriptions per 100 inhabitants": {
        "text": "87 (July 2015 est.)"
      }
    },
    "Telephone system": {
      "general assessment": {
        "text": "the limited services available are found almost exclusively in the capital, Monrovia; fixed-line service stagnant and extremely limited; telephone coverage extended to a number of other towns and rural areas by four mobile-cellular network operators"
      },
      "domestic": {
        "text": "mobile-cellular subscription base growing and teledensity reached 85 per 100 persons in 2015"
      },
      "international": {
        "text": "country code - 231; satellite earth station - 1 Intelsat (Atlantic Ocean) (2015)"
      }
    },
    "Broadcast media": {
      "text": "3 private TV stations; satellite TV service available; 1 state-owned radio station; about 15 independent radio stations broadcasting in Monrovia, with another 25 local stations operating in other areas; transmissions of 2 international broadcasters are available (2007)"
    },
    "Internet country code": {
      "text": ".lr"
    },
    "Internet users": {
      "total": {
        "text": "248,000"
      },
      "percent of population": {
        "text": "5.9% (July 2015 est.)"
      }
    }
  },
  "Transportation": {
    "Civil aircraft registration country code prefix": {
      "text": "A8 (2016)"
    },
    "Airports": {
      "text": "29 (2013)"
    },
    "Airports - with paved runways": {
      "total": {
        "text": "2"
      },
      "over 3,047 m": {
        "text": "1"
      },
      "1,524 to 2,437 m": {
        "text": "1 (2013)"
      }
    },
    "Airports - with unpaved runways": {
      "total": {
        "text": "27"
      },
      "1,524 to 2,437 m": {
        "text": "5"
      },
      "914 to 1,523 m": {
        "text": "8"
      },
      "under 914 m": {
        "text": "14 (2013)"
      }
    },
    "Pipelines": {
      "text": "oil 4 km (2013)"
    },
    "Railways": {
      "total": {
        "text": "429 km"
      },
      "standard gauge": {
        "text": "345 km 1.435-m gauge"
      },
      "narrow gauge": {
        "text": "84 km 1.067-m gauge"
      },
      "note": {
        "text": "most sections of the railways inoperable due to damage sustained during the civil wars from 1980 to 2003, but many are being rebuilt (2008)"
      }
    },
    "Roadways": {
      "total": {
        "text": "10,600 km"
      },
      "paved": {
        "text": "657 km"
      },
      "unpaved": {
        "text": "9,943 km (2000)"
      }
    },
    "Merchant marine": {
      "total": {
        "text": "2,771"
      },
      "by type": {
        "text": "barge carrier 5, bulk carrier 662, cargo 143, carrier 2, chemical tanker 248, combination ore/oil 8, container 937, liquefied gas 92, passenger 2, passenger/cargo 2, petroleum tanker 526, refrigerated cargo 102, roll on/roll off 5, specialized tanker 10, vehicle carrier 27"
      },
      "foreign-owned": {
        "text": "2,559 (Angola 1, Argentina 1, Australia 1, Belgium 1, Bermuda 4, Brazil 20, Canada 2, Chile 9, China 4, Croatia 1, Cyprus 9, Denmark 8, Egypt 3, Germany 1185, Gibraltar 5, Greece 505, Hong Kong 48, India 8, Indonesia 4, Israel 34, Italy 47, Japan 110, Latvia 5, Lebanon 1, Monaco 8, Netherlands 31, Nigeria 4, Norway 38, Poland 13, Qatar 5, Romania 3, Russia 109, Saudi Arabia 20, Singapore 22, Slovenia 7, South Korea 2, Sweden 12, Switzerland 25, Syria 1, Taiwan 94, Turkey 16, UAE 37, UK 32, Ukraine 10, Uruguay 1, US 53) (2010)"
      }
    },
    "Ports and terminals": {
      "major seaport(s)": {
        "text": "Buchanan, Monrovia"
      }
    }
  },
  "Military and Security": {
    "Military branches": {
      "text": "Armed Forces of Liberia (AFL): Army, Navy, Air Force"
    },
    "Military service age and obligation": {
      "text": "18 years of age for voluntary military service; no conscription (2012)"
    },
    "Military expenditures": {
      "text": "0.82% of GDP (2012) ++ 0.86% of GDP (2011) ++ 0.82% of GDP (2010)"
    }
  },
  "Transnational Issues": {
    "Disputes - international": {
      "text": "although civil unrest continues to abate with the assistance of 6,500 UN Mission in Liberia peacekeepers, as of January 2013, Liberian refugees still remain in Guinea, Cote d'Ivoire, Sierra Leone, and Ghana; Liberia, in turn, shelters refugees fleeing turmoil in Cote d'Ivoire; despite the presence of over 9,000 UN forces in Cote d'Ivoire since 2004, ethnic conflict continues to spread into neighboring states who can no longer send their migrant workers to Ivorian cocoa plantations; UN sanctions ban Liberia from exporting diamonds and timber"
    },
    "Refugees and internally displaced persons": {
      "refugees (country of origin)": {
        "text": "19,875 (Cote d'Ivoire) (2016)"
      },
      "IDPs": {
        "text": "up to 23,000 (civil war from 1990-2004; post-election violence in March and April 2011; many dwell in slums in Monrovia) (2014)"
      },
      "stateless persons": {
        "text": "1 (2015)"
      }
    },
    "Illicit drugs": {
      "text": "transshipment point for Southeast and Southwest Asian heroin and South American cocaine for the European and US markets; corruption, criminal activity, arms-dealing, and diamond trade provide significant potential for money laundering, but the lack of well-developed financial system limits the country's utility as a major money-laundering center"
    }
  }
}