{
  "Introduction": {
    "Background": {
      "text": "Niger became independent from France in 1960 and experienced single-party and military rule until 1991, when Gen. Ali SAIBOU was forced by public pressure to allow multiparty elections, which resulted in a democratic government in 1993. Political infighting brought the government to a standstill and in 1996 led to a coup by Col. Ibrahim BARE. In 1999, BARE was killed in a counter coup by military officers who restored democratic rule and held elections that brought Mamadou TANDJA to power in December of that year. TANDJA was reelected in 2004 and in 2009 spearheaded a constitutional amendment allowing him to extend his term as president. In February 2010, military officers led a coup that deposed TANDJA and suspended the constitution. ISSOUFOU Mahamadou was elected in April 2011 following the coup and reelected to a second term in early 2016. Niger is one of the poorest countries in the world with minimal government services and insufficient funds to develop its resource base. The largely agrarian and subsistence-based economy is frequently disrupted by extended droughts common to the Sahel region of Africa. A Tuareg rebellion emerged in 2007 and ended in 2009. Niger is facing increased security concerns on its borders from various external threats including insecurity in Libya, spillover from the conflict in Mali, and violent extremism in northeastern Nigeria."
    }
  },
  "Geography": {
    "Location": {
      "text": "Western Africa, southeast of Algeria"
    },
    "Geographic coordinates": {
      "text": "16 00 N, 8 00 E"
    },
    "Map references": {
      "text": "Africa"
    },
    "Area": {
      "total": {
        "text": "1.267 million sq km"
      },
      "land": {
        "text": "1,266,700 sq km"
      },
      "water": {
        "text": "300 sq km"
      }
    },
    "Area - comparative": {
      "text": "slightly less than twice the size of Texas"
    },
    "Land boundaries": {
      "total": {
        "text": "5,834 km"
      },
      "border countries": {
        "text": "Algeria 951 km, Benin 277 km, Burkina Faso 622 km, Chad 1,196 km, Libya 342 km, Mali 838 km, Nigeria 1,608 km"
      }
    },
    "Coastline": {
      "text": "0 km (landlocked)"
    },
    "Maritime claims": {
      "text": "none (landlocked)"
    },
    "Climate": {
      "text": "desert; mostly hot, dry, dusty; tropical in extreme south"
    },
    "Terrain": {
      "text": "predominately desert plains and sand dunes; flat to rolling plains in south; hills in north"
    },
    "Elevation": {
      "mean elevation": {
        "text": "474 m"
      },
      "elevation extremes": {
        "text": "lowest point: Niger River 200 m ++ highest point: Idoukal-n-Taghes 2,022 m"
      }
    },
    "Natural resources": {
      "text": "uranium, coal, iron ore, tin, phosphates, gold, molybdenum, gypsum, salt, petroleum"
    },
    "Land use": {
      "agricultural land": {
        "text": "35.1% ++ arable land 12.3%; permanent crops 0.1%; permanent pasture 22.7%"
      },
      "forest": {
        "text": "1%"
      },
      "other": {
        "text": "63.9% (2011 est.)"
      }
    },
    "Irrigated land": {
      "text": "1,000 sq km (2012)"
    },
    "Natural hazards": {
      "text": "recurring droughts"
    },
    "Environment - current issues": {
      "text": "overgrazing; soil erosion; deforestation; desertification; wildlife populations (such as elephant, hippopotamus, giraffe, and lion) threatened because of poaching and habitat destruction"
    },
    "Environment - international agreements": {
      "party to": {
        "text": "Biodiversity, Climate Change, Climate Change-Kyoto Protocol, Desertification, Endangered Species, Environmental Modification, Hazardous Wastes, Ozone Layer Protection, Wetlands"
      },
      "signed, but not ratified": {
        "text": "Law of the Sea"
      }
    },
    "Geography - note": {
      "text": "landlocked; one of the hottest countries in the world; northern four-fifths is desert, southern one-fifth is savanna, suitable for livestock and limited agriculture"
    }
  },
  "People and Society": {
    "Population": {
      "text": "18,638,600 (July 2016 est.)"
    },
    "Nationality": {
      "noun": {
        "text": "Nigerien(s)"
      },
      "adjective": {
        "text": "Nigerien"
      }
    },
    "Ethnic groups": {
      "text": "Hausa 53.1%, Zarma/Songhai 21.2%, Tuareg 11%, Fulani (Peul) 6.5%, Kanuri 5.9%, Gurma 0.8%, Arab 0.4%, Tubu 0.4%, other/unavailable 0.9% (2006 est.)"
    },
    "Languages": {
      "text": "French (official), Hausa, Djerma"
    },
    "Religions": {
      "text": "Muslim 80%, other (includes indigenous beliefs and Christian) 20%"
    },
    "Demographic profile": {
      "text": "Niger has the highest total fertility rate (TFR) of any country in the world, averaging close to 7 children per woman in 2016. A slight decline in fertility over the last few decades has stalled. This leveling off of the high fertility rate is in large part a product of the continued desire for large families. In Niger, the TFR is lower than the desired fertility rate, which makes it unlikely that contraceptive use will increase. The high TFR sustains rapid population growth and a large youth population – almost 70% of the populace is under the age of 25. Gender inequality, including a lack of educational opportunities for women and early marriage and childbirth, also contributes to high population growth. Because of large family sizes, children are inheriting smaller and smaller parcels of land. The dependence of most Nigeriens on subsistence farming on increasingly small landholdings, coupled with declining rainfall and the resultant shrinkage of arable land, are all preventing food production from keeping up with population growth. For more than half a century, Niger's lack of economic development has led to steady net outmigration. In the 1960s, Nigeriens mainly migrated to coastal West African countries to work on a seasonal basis. Some headed to Libya and Algeria in the 1970s to work in the booming oil industry until its decline in the 1980s. Since the 1990s, the principal destinations for Nigerien labor migrants have been West African countries, especially Burkina Faso and Cote d’Ivoire, while emigration to Europe and North America has remained modest. During the same period, Niger’s desert trade route town Agadez became a hub for West African and other sub-Saharan migrants crossing the Sahara to North Africa and sometimes onward to Europe. More than 60,000 Malian refugees have fled to Niger since violence between Malian government troops and armed rebels began in early 2012. Ongoing attacks by the Boko Haram Islamist insurgency, dating to 2013 in northern Nigeria and February 2015 in southeastern Niger, have pushed tens of thousands of Nigerian refugees and Nigerien returnees across the border to Niger and to displace thousands of locals in Niger’s already impoverished Diffa region."
    },
    "Age structure": {
      "0-14 years": {
        "text": "49.31% (male 4,635,901/female 4,554,010)"
      },
      "15-24 years": {
        "text": "18.85% (male 1,734,887/female 1,777,896)"
      },
      "25-54 years": {
        "text": "25.94% (male 2,414,668/female 2,419,725)"
      },
      "55-64 years": {
        "text": "3.27% (male 316,655/female 293,570)"
      },
      "65 years and over": {
        "text": "2.64% (male 250,314/female 240,974) (2016 est.)"
      }
    },
    "Dependency ratios": {
      "total dependency ratio": {
        "text": "113%"
      },
      "youth dependency ratio": {
        "text": "107.5%"
      },
      "elderly dependency ratio": {
        "text": "5.5%"
      },
      "potential support ratio": {
        "text": "18.2% (2015 est.)"
      }
    },
    "Median age": {
      "total": {
        "text": "15.3 years"
      },
      "male": {
        "text": "15.2 years"
      },
      "female": {
        "text": "15.4 years (2016 est.)"
      }
    },
    "Population growth rate": {
      "text": "3.22% (2016 est.)"
    },
    "Birth rate": {
      "text": "44.8 births/1,000 population (2016 est.)"
    },
    "Death rate": {
      "text": "12.1 deaths/1,000 population (2016 est.)"
    },
    "Net migration rate": {
      "text": "-0.5 migrant(s)/1,000 population (2016 est.)"
    },
    "Urbanization": {
      "urban population": {
        "text": "18.7% of total population (2015)"
      },
      "rate of urbanization": {
        "text": "5.14% annual rate of change (2010-15 est.)"
      }
    },
    "Major urban areas - population": {
      "text": "NIAMEY (capital) 1.09 million (2015)"
    },
    "Sex ratio": {
      "at birth": {
        "text": "1.03 male(s)/female"
      },
      "0-14 years": {
        "text": "1.02 male(s)/female"
      },
      "15-24 years": {
        "text": "0.98 male(s)/female"
      },
      "25-54 years": {
        "text": "1 male(s)/female"
      },
      "55-64 years": {
        "text": "1.08 male(s)/female"
      },
      "65 years and over": {
        "text": "1.04 male(s)/female"
      },
      "total population": {
        "text": "1.01 male(s)/female (2016 est.)"
      }
    },
    "Mother's mean age at first birth": {
      "text": "18.1",
      "note": {
        "text": "median age at first birth among women 25-29 (2012 est.)"
      }
    },
    "Maternal mortality rate": {
      "text": "553 deaths/100,000 live births (2015 est.)"
    },
    "Infant mortality rate": {
      "total": {
        "text": "82.8 deaths/1,000 live births"
      },
      "male": {
        "text": "87.3 deaths/1,000 live births"
      },
      "female": {
        "text": "78.2 deaths/1,000 live births (2016 est.)"
      }
    },
    "Life expectancy at birth": {
      "total population": {
        "text": "55.5 years"
      },
      "male": {
        "text": "54.3 years"
      },
      "female": {
        "text": "56.8 years (2016 est.)"
      }
    },
    "Total fertility rate": {
      "text": "6.62 children born/woman (2016 est.)"
    },
    "Contraceptive prevalence rate": {
      "text": "13.9% (2012)"
    },
    "Health expenditures": {
      "text": "5.8% of GDP (2014)"
    },
    "Physicians density": {
      "text": "0.02 physicians/1,000 population (2008)"
    },
    "Drinking water source": {
      "improved": {
        "text": " ++ urban: 100% of population ++ rural: 48.6% of population ++ total: 58.2% of population"
      },
      "unimproved": {
        "text": " ++ urban: 0% of population ++ rural: 51.4% of population ++ total: 41.8% of population (2015 est.)"
      }
    },
    "Sanitation facility access": {
      "improved": {
        "text": " ++ urban: 37.9% of population ++ rural: 4.6% of population ++ total: 10.9% of population"
      },
      "unimproved": {
        "text": " ++ urban: 62.1% of population ++ rural: 95.4% of population ++ total: 89.1% of population (2015 est.)"
      }
    },
    "HIV/AIDS - adult prevalence rate": {
      "text": "0.46% (2015 est.)"
    },
    "HIV/AIDS - people living with HIV/AIDS": {
      "text": "49,000 (2015 est.)"
    },
    "HIV/AIDS - deaths": {
      "text": "3,600 (2015 est.)"
    },
    "Major infectious diseases": {
      "degree of risk": {
        "text": "very high"
      },
      "food or waterborne diseases": {
        "text": "bacterial and protozoal diarrhea, hepatitis A, and typhoid fever"
      },
      "vectorborne diseases": {
        "text": "malaria and dengue fever"
      },
      "water contact disease": {
        "text": "schistosomiasis"
      },
      "respiratory disease": {
        "text": "meningococcal meningitis"
      },
      "animal contact disease": {
        "text": "rabies (2016)"
      }
    },
    "Obesity - adult prevalence rate": {
      "text": "3.7% (2014)"
    },
    "Children under the age of 5 years underweight": {
      "text": "37.9% (2012)"
    },
    "Education expenditures": {
      "text": "6.8% of GDP (2014)"
    },
    "Literacy": {
      "definition": {
        "text": "age 15 and over can read and write"
      },
      "total population": {
        "text": "19.1%"
      },
      "male": {
        "text": "27.3%"
      },
      "female": {
        "text": "11% (2015 est.)"
      }
    },
    "School life expectancy (primary to tertiary education)": {
      "total": {
        "text": "5 years"
      },
      "male": {
        "text": "6 years"
      },
      "female": {
        "text": "5 years (2012)"
      }
    },
    "Child labor - children ages 5-14": {
      "total number": {
        "text": "1,557,913"
      },
      "percentage": {
        "text": "43% (2006 est.)"
      }
    },
    "Unemployment, youth ages 15-24": {
      "total": {
        "text": "2.3%"
      },
      "male": {
        "text": "4.4%"
      },
      "female": {
        "text": "0.8% (2007 est.)"
      }
    }
  },
  "Government": {
    "Country name": {
      "conventional long form": {
        "text": "Republic of Niger"
      },
      "conventional short form": {
        "text": "Niger"
      },
      "local long form": {
        "text": "Republique du Niger"
      },
      "local short form": {
        "text": "Niger"
      },
      "etymology": {
        "text": "named for the Niger River that passes through the southwest of the country; from a native term \"Ni Gir\" meaning \"River Gir\""
      }
    },
    "Government type": {
      "text": "semi-presidential republic"
    },
    "Capital": {
      "name": {
        "text": "Niamey"
      },
      "geographic coordinates": {
        "text": "13 31 N, 2 07 E"
      },
      "time difference": {
        "text": "UTC+1 (6 hours ahead of Washington, DC, during Standard Time)"
      }
    },
    "Administrative divisions": {
      "text": "7 regions (regions, singular - region) and 1 capital district* (communite urbaine); Agadez, Diffa, Dosso, Maradi, Niamey*, Tahoua, Tillaberi, Zinder"
    },
    "Independence": {
      "text": "3 August 1960 (from France)"
    },
    "National holiday": {
      "text": "Republic Day, 18 December (1958); note - commemorates the founding of the Republic of Niger which predated independence from France in 1960"
    },
    "Constitution": {
      "text": "several previous; passed by referendum 31 October 2010, entered into force 25 November 2010 (2016)"
    },
    "Legal system": {
      "text": "mixed legal system of civil law (based on French civil law), Islamic law, and customary law"
    },
    "International law organization participation": {
      "text": "has not submitted an ICJ jurisdiction declaration; accepts ICCt jurisdiction"
    },
    "Citizenship": {
      "citizenship by birth": {
        "text": "no"
      },
      "citizenship by descent only": {
        "text": "at least one parent must be a citizen of Niger"
      },
      "dual citizenship recognized": {
        "text": "yes"
      },
      "residency requirement for naturalization": {
        "text": "unknown"
      }
    },
    "Suffrage": {
      "text": "18 years of age; universal"
    },
    "Executive branch": {
      "chief of state": {
        "text": "President ISSOUFOU Mahamadou (since 7 April 2011)"
      },
      "head of government": {
        "text": "Prime Minister Brigi RAFINI (since 7 April 2011)"
      },
      "cabinet": {
        "text": "Cabinet appointed by the president"
      },
      "elections/appointments": {
        "text": "president directly elected by absolute majority popular vote in 2 rounds if needed for a 5-year term (eligible for a second term); election last held on 21 February 2016 and 20 March 2016 (next to be held in 2021); prime minister appointed by the president, authorized by the National Assembly"
      },
      "election results": {
        "text": "ISSOUFOU Mahamadou reelected president; percent of vote in first round - ISSOUFOU Mahamadou (PNDS-Tarrayya) 48.6%, Hama AMADOU (MODEN/FA Lumana Africa) 17.8%, Seini OUMAROU (MNSD-Nassara) 11.3%, other 22.3%; percent of vote in second round - ISSOUFOU Mahamadou 92%, Hama AMADOU 8%"
      }
    },
    "Legislative branch": {
      "description": {
        "text": "unicameral National Assembly or Assemblee Nationale (171 seats; 158 members directly elected from 8 multi-member constituencies in 7 regions and Niamey by party-list proportional representation, 8 reserved for minorities elected in special single-seat constituencies by simple majority vote, 5 seats reserved for Nigeriens living abroad - l seat per continent - elected in single-seat constituencies by simple majority vote; members serve 5-year terms); note - the number of National Assembly seats increased from 113 to 171 in the February 2016 legislative election"
      },
      "elections": {
        "text": "last held on 21 February 2016 (next to be held in 2021)"
      },
      "election results": {
        "text": "percent of vote by party - PNDS-Tarrayya 44.1%, MODEN/FA-Lumana 14.7%, MNSD-Nassara 11.8%, MPR-Jamhuriya 7.1%, MNRD Hankuri-PSDN Alheri 3.5%, MPN-Kishin Kassa 2.9%, ANDP-Zaman Lahiya 2.4%, RSD-Gaskiya 2.4%, CDS-Rahama 1.8%, CPR-Inganci 1.8%, RDP-Jama'a 1.8%, AMEN AMIN 3.0%, other 1.4%; seats by party - PNDS-Tarrayya 75, MODEN/FA-Lumana 25, MNSD-Nassara 20, MPR-Jamhuriya 12, MNRD Hankuri-PSDN Alheri 6, MPN-Kishin Kassa 5, ANDP-Zaman Lahiya 4, RSD-Gaskiya 4, CDS-Rahama 3, CPR-Inganci 3, RDP-Jama'a 3, RDP-Jama'a 3, AMEN AMIN 3, other 8"
      }
    },
    "Judicial branch": {
      "highest court(s)": {
        "text": "Constitutional Court (consists of 7 judges); High Court of Justice (consists of 7 members)"
      },
      "judge selection and term of office": {
        "text": "Constitutional Court judges nominated/elected - 1 by the president of the Republic, 1 by the president of the National Assembly, 2 by peer judges, 2 by peer lawyers, 1 law professor by peers, and 1 from within Nigerien society; all appointed by the president; judges serve 6-year nonrenewable terms with one-third of membership renewed every 2 years; High Judicial Court members selected from among the legislature and judiciary; members serve 5-year terms"
      },
      "subordinate courts": {
        "text": "Court of Cassation; Council of State; Court of Finances; various specialized tribunals and customary courts"
      }
    },
    "Political parties and leaders": {
      "text": "Alliance of Movements for the Emergence of Niger or AMEN AMIN [Omar Hamidou TCHIANA] ++ Congress for the Republic or CPR-Inganci [Kassoum MOCTAR] ++ Democratic Alliance for Niger or ADN-Fusaha [Habi Mahamadou SALISSOU] ++ Democratic and Social Convention-Rahama or CDS-Rahama [Abdou LABO] ++ National Movement for the Development of Society-Nassara or MNSD-Nassara [Seini OUMAROU] ++ Nigerien Alliance for Democracy and Progress-Zaman Lahiya or ANDP-Zaman Lahiya [Moussa Moumouni DJERMAKOYE] ++ Nigerien Democratic Movement for an African Federation or MODEN/FA Lumana [Hama AMADOU] ++ Nigerien Movement for Democratic Renewal or MNRD-Hankuri [Mahamane OUSMANE] ++ Nigerien Party for Democracy and Socialism or PNDS-Tarrayya [Mahamadou ISSOUFOU] ++ Nigerien Patriotic Movement or MPN-Kishin Kassa [Ibrahim YACOUBA] ++ Party for Socialism and Democracy in Niger or PSDN-Alheri ++ Patriotic Movement for the Republic or MPR-Jamhuriya [Albade ABOUBA] ++ Rally for Democracy and Progress-Jama'a or RDP-Jama'a [Hamid ALGABID] ++ Social and Democratic Rally or RSD-Gaskiyya [Amadou CHEIFFOU] ++ Social Democratic Party or PSD-Bassira [Mohamed BEN OMAR] ++ Union for Democracy and the Republic-Tabbat or UDR-Tabbat [Amadou Boubacar CISSE]",
      "note": {
        "text": "the SPLM and SPLM-DC are banned political parties"
      }
    },
    "International organization participation": {
      "text": "ACP, AfDB, AU, CD, ECOWAS, EITI (compliant country), Entente, FAO, FZ, G-77, IAEA, IBRD, ICAO, ICCt, ICRM, IDA, IDB, IFAD, IFC, IFRCS, ILO, IMF, Interpol, IOC, IOM, IPU, ISO (correspondent), ITSO, ITU, ITUC (NGOs), MIGA, MINUSMA, MONUSCO, NAM, OIC, OIF, OPCW, UN, UNCTAD, UNESCO, UNIDO, UNMIL, UNOCI, UNWTO, UPU, WADB (regional), WAEMU, WCO, WFTU (NGOs), WHO, WIPO, WMO, WTO"
    },
    "Diplomatic representation in the US": {
      "chief of mission": {
        "text": "Ambassador Hassana ALIDOU (since 23 February 2015)"
      },
      "chancery": {
        "text": "2204 R Street NW, Washington, DC 20008"
      },
      "telephone": {
        "text": "[1] (202) 483-4224 through 4227"
      },
      "FAX": {
        "text": "[1] (202) 483-3169"
      }
    },
    "Diplomatic representation from the US": {
      "chief of mission": {
        "text": "Ambassador Eunice S. REDDICK (since 12 September 2014)"
      },
      "embassy": {
        "text": "BP 11201, Rue Des Ambassades, Niamey"
      },
      "mailing address": {
        "text": "2420 Niamey Place, Washington DC 20521-2420"
      },
      "telephone": {
        "text": "[227] 20-73-31-69 or [227] 20-72-39-41"
      },
      "FAX": {
        "text": "[227] 20-73-55-60"
      }
    },
    "Flag description": {
      "text": "three equal horizontal bands of orange (top), white, and green with a small orange disk centered in the white band; the orange band denotes the drier northern regions of the Sahara; white stands for purity and innocence; green symbolizes hope and the fertile and productive southern and western areas, as well as the Niger River; the orange disc represents the sun and the sacrifices made by the people",
      "note": {
        "text": "similar to the flag of India, which has a blue spoked wheel centered in the white band"
      }
    },
    "National symbol(s)": {
      "text": "zebu; national colors: orange, white, green"
    },
    "National anthem": {
      "name": {
        "text": "\"La Nigerienne\" (The Nigerien)"
      },
      "lyrics/music": {
        "text": "Maurice Albert THIRIET/Robert JACQUET and Nicolas Abel Francois FRIONNET"
      },
      "note": {
        "text": "adopted 1961"
      }
    }
  },
  "Economy": {
    "Economy - overview": {
      "text": "Niger is a landlocked, sub-Saharan nation, whose economy centers on subsistence crops, livestock, and some of the world's largest uranium deposits. Agriculture contributes nearly 40% of GDP and provides livelihood for most of the population. The UN ranked Niger as the least developed country in the world in 2015 due to multiple factors such as food insecurity, lack of industry, high population growth, a weak educational sector, and few prospects for work outside of subsistence farming and herding. ++  ++ Since 2011 public debt has increased due to efforts to scale-up public investment, particularly that related to infrastructure. The government relies on foreign donor resources for a large portion of its fiscal budget. The economy in recent years has been hurt by terrorist activity and kidnappings near its uranium mines and by instability in Mali and in the Diffa region of the country; concerns about security have resulted in increased support from regional and international partners on defense. Low uranium prices, demographics, and security expenditures may continue to put pressure on the government’s finances. ++  ++ Future growth may be sustained by exploitation of oil, gold, coal, and other mineral resources. Although Niger has sizable reserves of oil, the profitability of these commodities has been called in to question due to the prolonged drop in oil prices. Food insecurity and drought remain perennial problems for Niger, and the government plans to invest a little more in the agriculture sector, most notably irrigation. Niger’s three-year $131 million IMF Extended Credit Facility agreement for years 2012-15 was extended until the end of 2016, although formal private sector investment needed for economic diversification and growth remains a challenge, given the country’s limited domestic markets, access to credit, and competitiveness."
    },
    "GDP (purchasing power parity)": {
      "text": "$19.05 billion (2015 est.) ++ $18.32 billion (2014 est.) ++ $17.11 billion (2013 est.)",
      "note": {
        "text": "data are in 2015 US dollars"
      }
    },
    "GDP (official exchange rate)": {
      "text": "$7.151 billion (2015 est.)"
    },
    "GDP - real growth rate": {
      "text": "4% (2015 est.) ++ 7.1% (2014 est.) ++ 5.3% (2013 est.)"
    },
    "GDP - per capita (PPP)": {
      "text": "$1,100 (2015 est.) ++ $1,100 (2014 est.) ++ $1,000 (2013 est.)",
      "note": {
        "text": "data are in 2015 US dollars"
      }
    },
    "Gross national saving": {
      "text": "21.4% of GDP (2015 est.) ++ 22.5% of GDP (2014 est.) ++ 21% of GDP (2013 est.)"
    },
    "GDP - composition, by end use": {
      "household consumption": {
        "text": "66.8%"
      },
      "government consumption": {
        "text": "16.7%"
      },
      "investment in fixed capital": {
        "text": "38.8%"
      },
      "investment in inventories": {
        "text": "0.1%"
      },
      "exports of goods and services": {
        "text": "17.2%"
      },
      "imports of goods and services": {
        "text": "-39.4% (2015 est.)"
      }
    },
    "GDP - composition, by sector of origin": {
      "agriculture": {
        "text": "36.9%"
      },
      "industry": {
        "text": "18.4%"
      },
      "services": {
        "text": "46.5% (2015 est.)"
      }
    },
    "Agriculture - products": {
      "text": "cowpeas, cotton, peanuts, millet, sorghum, cassava (manioc, tapioca), rice; cattle, sheep, goats, camels, donkeys, horses, poultry"
    },
    "Industries": {
      "text": "uranium mining, petroleum, cement, brick, soap, textiles, food processing, chemicals, slaughterhouses"
    },
    "Industrial production growth rate": {
      "text": "4% (2015 est.)"
    },
    "Labor force": {
      "text": "6.3 million (2015 est.)"
    },
    "Labor force - by occupation": {
      "agriculture": {
        "text": "90%"
      },
      "industry": {
        "text": "6%"
      },
      "services": {
        "text": "4% (1995)"
      }
    },
    "Unemployment rate": {
      "text": "5.1% (2015 est.) ++ 5.1% (2014 est.)"
    },
    "Population below poverty line": {
      "text": "63% (1993 est.)"
    },
    "Household income or consumption by percentage share": {
      "lowest 10%": {
        "text": "3.7%"
      },
      "highest 10%": {
        "text": "28.5% (2007)"
      }
    },
    "Distribution of family income - Gini index": {
      "text": "34 (2007) ++ 50.5 (1995)"
    },
    "Budget": {
      "revenues": {
        "text": "$1.693 billion"
      },
      "expenditures": {
        "text": "$2.346 billion (2015 est.)"
      }
    },
    "Taxes and other revenues": {
      "text": "23.7% of GDP (2015 est.)"
    },
    "Budget surplus (+) or deficit (-)": {
      "text": "-9.1% of GDP (2015 est.)"
    },
    "Fiscal year": {
      "text": "calendar year"
    },
    "Inflation rate (consumer prices)": {
      "text": "1% (2015 est.) ++ -0.9% (2014 est.)"
    },
    "Central bank discount rate": {
      "text": "4.25% (31 December 2009) ++ 4.75% (31 December 2008)"
    },
    "Commercial bank prime lending rate": {
      "text": "3.5% (31 December 2015 est.) ++ 3.5% (31 December 2014 est.)"
    },
    "Stock of narrow money": {
      "text": "$1.508 billion (31 December 2015 est.) ++ $1.657 billion (31 December 2014 est.)"
    },
    "Stock of broad money": {
      "text": "$2.027 billion (31 December 2015 est.) ++ $2.047 billion (31 December 2014 est.)"
    },
    "Stock of domestic credit": {
      "text": "$1.145 billion (31 December 2015 est.) ++ $922.7 million (31 December 2014 est.)"
    },
    "Market value of publicly traded shares": {
      "text": "$NA"
    },
    "Current account balance": {
      "text": "-$1.289 billion (2015 est.) ++ -$1.318 billion (2014 est.)"
    },
    "Exports": {
      "text": "$1.099 billion (2015 est.) ++ $1.448 billion (2014 est.)"
    },
    "Exports - commodities": {
      "text": "uranium ore, livestock, cowpeas, onions"
    },
    "Exports - partners": {
      "text": "France 53.1%, Nigeria 20.3%, China 13.8% (2015)"
    },
    "Imports": {
      "text": "$1.888 billion (2015 est.) ++ $2.157 billion (2014 est.)"
    },
    "Imports - commodities": {
      "text": "foodstuffs, machinery, vehicles and parts, petroleum, cereals"
    },
    "Imports - partners": {
      "text": "France 12%, China 10.5%, Nigeria 9.5%, French Polynesia 9%, Togo 6.1%, Belgium 5.3%, Cote dIvoire 5.3%, US 4.3% (2015)"
    },
    "Debt - external": {
      "text": "$2.611 billion (31 December 2015 est.) ++ $2.585 billion (31 December 2014 est.)"
    },
    "Exchange rates": {
      "text": "Communaute Financiere Africaine francs (XOF) per US dollar - ++ 591.45 (2015 est.) ++ 494.42 (2014 est.) ++ 494.42 (2013 est.) ++ 510.53 (2012 est.) ++ 471.87 (2011 est.)"
    }
  },
  "Energy": {
    "Electricity access": {
      "population without electricity": {
        "text": "15,200,000"
      },
      "electrification - total population": {
        "text": "15%"
      },
      "electrification - urban areas": {
        "text": "62%"
      },
      "electrification - rural areas": {
        "text": "4% (2013)"
      }
    },
    "Electricity - production": {
      "text": "600 million kWh (2014 est.)"
    },
    "Electricity - consumption": {
      "text": "1.2 billion kWh (2014 est.)"
    },
    "Electricity - exports": {
      "text": "3 million kWh (2013 est.)"
    },
    "Electricity - imports": {
      "text": "700 million kWh (2014 est.)"
    },
    "Electricity - installed generating capacity": {
      "text": "100,000 kW (2014 est.)"
    },
    "Electricity - from fossil fuels": {
      "text": "100% of total installed capacity (2012 est.)"
    },
    "Electricity - from nuclear fuels": {
      "text": "0% of total installed capacity (2012 est.)"
    },
    "Electricity - from hydroelectric plants": {
      "text": "0% of total installed capacity (2012 est.)"
    },
    "Electricity - from other renewable sources": {
      "text": "0% of total installed capacity (2012 est.)"
    },
    "Crude oil - production": {
      "text": "20,000 bbl/day (2015 est.)"
    },
    "Crude oil - exports": {
      "text": "0 bbl/day (2013 est.)"
    },
    "Crude oil - imports": {
      "text": "0 bbl/day (2013 est.)"
    },
    "Crude oil - proved reserves": {
      "text": "150 million bbl (1 January 2016 es)"
    },
    "Refined petroleum products - production": {
      "text": "18,000 bbl/day (2013 est.)"
    },
    "Refined petroleum products - consumption": {
      "text": "14,000 bbl/day (2014 est.)"
    },
    "Refined petroleum products - exports": {
      "text": "6,193 bbl/day (2013 est.)"
    },
    "Refined petroleum products - imports": {
      "text": "2,417 bbl/day (2013 est.)"
    },
    "Natural gas - production": {
      "text": "0 cu m (2013 est.)"
    },
    "Natural gas - consumption": {
      "text": "0 cu m (2013 est.)"
    },
    "Natural gas - exports": {
      "text": "0 cu m (2013 est.)"
    },
    "Natural gas - imports": {
      "text": "0 cu m (2013 est.)"
    },
    "Natural gas - proved reserves": {
      "text": "0 cu m (1 January 2014 es)"
    },
    "Carbon dioxide emissions from consumption of energy": {
      "text": "900,000 Mt (2013 est.)"
    }
  },
  "Communications": {
    "Telephones - fixed lines": {
      "total subscriptions": {
        "text": "110,000"
      },
      "subscriptions per 100 inhabitants": {
        "text": "1 (July 2015 est.)"
      }
    },
    "Telephones - mobile cellular": {
      "total": {
        "text": "8.959 million"
      },
      "subscriptions per 100 inhabitants": {
        "text": "50 (July 2015 est.)"
      }
    },
    "Telephone system": {
      "general assessment": {
        "text": "inadequate; small system of wire, radio telephone communications, and microwave radio relay links concentrated in southwestern Niger"
      },
      "domestic": {
        "text": "combined fixed-line and mobile-cellular teledensity remains only about 50 per 100 persons despite a rapidly increasing cellular subscribership base; domestic satellite system with 3 earth stations and 1 planned"
      },
      "international": {
        "text": "country code - 227; satellite earth stations - 2 Intelsat (1 Atlantic Ocean and 1 Indian Ocean) (2015)"
      }
    },
    "Broadcast media": {
      "text": "state-run TV station; 3 private TV stations provide a mix of local and foreign programming; state-run radio has only radio station with national coverage; about 30 private radio stations operate locally; as many as 100 community radio stations broadcast; transmissions of multiple international broadcasters are available (2007)"
    },
    "Internet country code": {
      "text": ".ne"
    },
    "Internet users": {
      "total": {
        "text": "401,000"
      },
      "percent of population": {
        "text": "2.2% (July 2015 est.)"
      }
    }
  },
  "Transportation": {
    "National air transport system": {
      "number of registered air carriers": {
        "text": "2"
      },
      "inventory of registered aircraft operated by air carriers": {
        "text": "2"
      },
      "annual passenger traffic on registered air carriers": {
        "text": "15,242"
      },
      "annual freight traffic on registered air carriers": {
        "text": "0 mt-km (2015)"
      }
    },
    "Civil aircraft registration country code prefix": {
      "text": "5U (2016)"
    },
    "Airports": {
      "text": "30 (2013)"
    },
    "Airports - with paved runways": {
      "total": {
        "text": "10"
      },
      "2,438 to 3,047 m": {
        "text": "3"
      },
      "1,524 to 2,437 m": {
        "text": "6"
      },
      "914 to 1,523 m": {
        "text": "1 (2013)"
      }
    },
    "Airports - with unpaved runways": {
      "total": {
        "text": "20"
      },
      "1,524 to 2,437 m": {
        "text": "3"
      },
      "914 to 1,523 m": {
        "text": "15"
      },
      "under 914 m": {
        "text": "2 (2013)"
      }
    },
    "Heliports": {
      "text": "1 (2013)"
    },
    "Roadways": {
      "total": {
        "text": "18,949 km"
      },
      "paved": {
        "text": "3,912 km"
      },
      "unpaved": {
        "text": "15,037 km (2010)"
      }
    },
    "Waterways": {
      "text": "300 km (the Niger, the only major river, is navigable to Gaya between September and March) (2012)"
    }
  },
  "Military and Security": {
    "Military branches": {
      "text": "Nigerien Armed Forces (Forces Armees Nigeriennes, FAN): Army, Nigerien Air Force (Force Aerienne du Niger) (2012)"
    },
    "Military service age and obligation": {
      "text": "18 is the presumed legal minimum age for compulsory or voluntary military service; enlistees must be Nigerien citizens and unmarried; 2-year service term; women may serve in health care (2012)"
    },
    "Military expenditures": {
      "text": "1.06% of GDP (2012) ++ NA% (2011) ++ 1.06% of GDP (2010)"
    }
  },
  "Transnational Issues": {
    "Disputes - international": {
      "text": "Libya claims about 25,000 sq km in a currently dormant dispute in the Tommo region; location of Benin-Niger-Nigeria tripoint is unresolved; only Nigeria and Cameroon have heeded the Lake Chad Commission's admonition to ratify the delimitation treaty that also includes the Chad-Niger and Niger-Nigeria boundaries; the dispute with Burkina Faso was referred to the ICJ in 2010"
    },
    "Refugees and internally displaced persons": {
      "refugees (country of origin)": {
        "text": "96,940 (Nigeria); 60,792 (Mali) (2016)"
      },
      "IDPs": {
        "text": "137,337 (unknown how many of the 11,000 people displaced by clashes between government forces and the Tuareg militant group, Niger Movement for Justice, in 2007 are still displaced; inter-communal violence; Boko Haram attacks in southern Niger, 2015) (2015)"
      }
    }
  }
}