{
  "Introduction": {
    "Background": {
      "text": "Saint Helena is a British Overseas Territory consisting of Saint Helena and Ascension Islands, and the island group of Tristan da Cunha.",
      "Saint Helena": {
        "text": "Uninhabited when first discovered by the Portuguese in 1502, Saint Helena was garrisoned by the British during the 17th century. It acquired fame as the place of Napoleon BONAPARTE's exile from 1815 until his death in 1821, but its importance as a port of call declined after the opening of the Suez Canal in 1869. During the Anglo-Boer War in South Africa, several thousand Boer prisoners were confined on the island between 1900 and 1903."
      },
      "Ascension Island": {
        "text": "This barren and uninhabited island was discovered and named by the Portuguese in 1503. The British garrisoned the island in 1815 to prevent a rescue of Napoleon from Saint Helena. It served as a provisioning station for the Royal Navy's West Africa Squadron on anti-slavery patrol. The island remained under Admiralty control until 1922, when it became a dependency of Saint Helena. During World War II, the UK permitted the US to construct an airfield on Ascension in support of transatlantic flights to Africa and anti-submarine operations in the South Atlantic. In the 1960s the island became an important space tracking station for the US. In 1982, Ascension was an essential staging area for British forces during the Falklands War. It remains a critical refueling point in the air-bridge from the UK to the South Atlantic. The island hosts one of four dedicated ground antennas (the others are on Diego Garcia (British Indian Ocean Territory), Kwajalein (Marshall Islands), and at Cape Canaveral, Florida (US)) that assist in the operation of the Global Positioning System (GPS) navigation system. NASA and the US Air Force also operate a Meter-Class Autonomous Telescope (MCAT) on Ascension as part of the deep space surveillance system for tracking orbital debris, which can be a hazard to spacecraft and astronauts."
      },
      "Tristan da Cunha": {
        "text": "The island group consists of Tristan da Cunha, Nightingale, Inaccessible, and Gough Islands. Tristan da Cunha is named after its Portuguese discoverer (1506); it was garrisoned by the British in 1816 to prevent any attempt to rescue Napoleon from Saint Helena. Gough and Inaccessible Islands have been designated World Heritage Sites. South Africa leases a site for a meteorological station on Gough Island."
      }
    }
  },
  "Geography": {
    "Location": {
      "text": "islands in the South Atlantic Ocean, about midway between South America and Africa; Ascension Island lies 1,300 km (800 mi) northwest of Saint Helena; Tristan da Cunha lies 4,300 km (2,700 mi) southwest of Saint Helena"
    },
    "Geographic coordinates": {
      "Saint Helena": {
        "text": "15 57 S, 5 42 W"
      },
      "Ascension Island": {
        "text": "7 57 S, 14 22 W"
      },
      "Tristan da Cunha island group": {
        "text": "37 15 S, 12 30 W"
      }
    },
    "Map references": {
      "text": "Africa"
    },
    "Area": {
      "total": {
        "text": "308 sq km"
      },
      "land": {
        "text": "Saint Helena Island 122 sq km; Ascension Island 88 sq km; Tristan da Cunha island group 98 sq km"
      },
      "water": {
        "text": "0 sq km"
      }
    },
    "Area - comparative": {
      "text": "slightly more than twice the size of Washington, DC"
    },
    "Land boundaries": {
      "text": "0 km"
    },
    "Coastline": {
      "Saint Helena": {
        "text": "60 km"
      },
      "Ascension Island": {
        "text": "NA"
      },
      "Tristan da Cunha": {
        "text": "40 km"
      }
    },
    "Maritime claims": {
      "territorial sea": {
        "text": "12 nm"
      },
      "exclusive fishing zone": {
        "text": "200 nm"
      }
    },
    "Climate": {
      "Saint Helena": {
        "text": "tropical marine; mild, tempered by trade winds"
      },
      "Ascension Island": {
        "text": "tropical marine; mild, semi-arid"
      },
      "Tristan da Cunha": {
        "text": "temperate marine; mild, tempered by trade winds (tends to be cooler than Saint Helena)"
      }
    },
    "Terrain": {
      "text": "the islands of this group are of volcanic origin associated with the Atlantic Mid-Ocean Ridge",
      "Saint Helena": {
        "text": "rugged, volcanic; small scattered plateaus and plains"
      },
      "Ascension": {
        "text": "surface covered by lava flows and cinder cones of 44 dormant volcanoes; terrain rises to the east"
      },
      "Tristan da Cunha": {
        "text": "sheer cliffs line the coastline of the nearly circular island; the flanks of the central volcanic peak are deeply dissected; narrow coastal plain lies between The Peak and the coastal cliffs"
      }
    },
    "Elevation": {
      "mean elevation": {
        "text": "NA"
      },
      "elevation extremes": {
        "text": "lowest point: Atlantic Ocean 0 m ++ highest point: Queen Mary's Peak on Tristan da Cunha 2,060 m; Green Mountain on Ascension Island 859 m; Mount Actaeon on Saint Helena Island 818 m"
      }
    },
    "Natural resources": {
      "text": "fish, lobster"
    },
    "Land use": {
      "agricultural land": {
        "text": "30.8% ++ arable land 10.3%; permanent crops 0%; permanent pasture 20.5%"
      },
      "forest": {
        "text": "5.1%"
      },
      "other": {
        "text": "64.1% (2011 est.)"
      }
    },
    "Irrigated land": {
      "text": "0 sq km (2012)"
    },
    "Natural hazards": {
      "text": "active volcanism on Tristan da Cunha",
      "volcanism": {
        "text": "the island volcanoes of Tristan da Cunha (elev. 2,060 m) and Nightingale Island (elev. 365 m) experience volcanic activity; Tristan da Cunha erupted in 1962 and Nightingale in 2004"
      }
    },
    "Environment - current issues": {
      "text": "NA"
    },
    "Geography - note": {
      "text": "Saint Helena harbors at least 40 species of plants unknown elsewhere in the world; Ascension is a breeding ground for sea turtles and sooty terns; Queen Mary's Peak on Tristan da Cunha is the highest island mountain in the South Atlantic and a prominent landmark on the sea lanes around southern Africa"
    }
  },
  "People and Society": {
    "Population": {
      "text": "7,795",
      "note": {
        "text": "Saint Helena's statistical agency estimated the enumerated national population (including Ascension Island and Tristan da Cuhna) to be 5,901 in 2016, according to the 2016 census; only Saint Helena, Ascension, and Tristan da Cunha islands are inhabited, none of the other nearby islands/islets (July 2016 est.)"
      }
    },
    "Nationality": {
      "noun": {
        "text": "Saint Helenian(s)"
      },
      "adjective": {
        "text": "Saint Helenian"
      },
      "note": {
        "text": "referred to locally as \"Saints\""
      }
    },
    "Ethnic groups": {
      "text": "African descent 50%, white 25%, Chinese 25%"
    },
    "Languages": {
      "text": "English"
    },
    "Religions": {
      "text": "Protestant 75.9% (includes Anglican 68.9, Baptist 2.1%, Seventh Day Adventist 1.8%, Salvation Army 1.7%, New Apostolic 1.4%), Jehovah's Witness 4.1%, Roman Catholic 1.2%, other 2.5% (includes Baha'i), unspecified 0.8%, none 6.1%, no response 9.4%",
      "note": {
        "text": "data represent Saint Helena only (2016 est.)"
      }
    },
    "Demographic profile": {
      "text": "The vast majority of the population of Saint Helena, Ascension, and Tristan da Cunha live on Saint Helena. Ascension has no indigenous or permanent residents and is inhabited only by persons contracted to work on the island (mainly with the UK and US military or in the space and communications industries) or their dependents, while Tristan da Cunha – the main island in a small archipelago – has fewer than 300 residents. The population of Saint Helena consists of the descendants of 17th century British sailors and settlers from the East India Company, African slaves, and indentured servants and laborers from India, Indonesia, and China. Most of the population of Ascension are Saint Helenians, Britons, and Americans, while that of Tristan da Cunha descends from shipwrecked sailors and Saint Helenians. Change in Saint Helena’s population size is driven by net outward migration. Since the 1980s, Saint Helena’s population steadily has shrunk and aged as the birth rate has decreased and many working-age residents left for better opportunities elsewhere. The restoration of British citizenship in 2002 accelerated family emigration; from 1998 to 2008 alone, population declined by about 20%. In the last few years, population has experienced some temporary growth, as foreigners and returning Saint Helenians, have come to build an international airport, but numbers are beginning to fade as the project reaches completion and workers depart. In the long term, once the airport is fully operational, increased access to the remote island has the potential to boost tourism and fishing, provide more jobs for Saint Helenians domestically, and could encourage some ex-patriots to return home. In the meantime, however, Saint Helena, Ascension, and Tristan da Cunha have to contend with the needs of an aging population. The elderly population of the islands has risen from an estimated 9.4% in 1998 to 20.4% in 2016."
    },
    "Age structure": {
      "0-14 years": {
        "text": "16.27% (male 647/female 624)"
      },
      "15-24 years": {
        "text": "12.12% (male 484/female 463)"
      },
      "25-54 years": {
        "text": "44.27% (male 1,709/female 1,750)"
      },
      "55-64 years": {
        "text": "12.72% (male 519/female 475)"
      },
      "65 years and over": {
        "text": "14.62% (male 582/female 560) (2016 est.)"
      }
    },
    "Median age": {
      "total": {
        "text": "41.5 years"
      },
      "male": {
        "text": "41.5 years"
      },
      "female": {
        "text": "41.4 years (2016 est.)"
      }
    },
    "Population growth rate": {
      "text": "0.21% (2016 est.)"
    },
    "Birth rate": {
      "text": "9.7 births/1,000 population (2016 est.)"
    },
    "Death rate": {
      "text": "7.7 deaths/1,000 population (2016 est.)"
    },
    "Net migration rate": {
      "text": "0 migrant(s)/1,000 population (2016 est.)"
    },
    "Urbanization": {
      "urban population": {
        "text": "39.4% of total population (2015)"
      },
      "rate of urbanization": {
        "text": "-0.59% annual rate of change (2010-15 est.)"
      }
    },
    "Major urban areas - population": {
      "text": "JAMESTOWN (capital) 1,000 (2014)"
    },
    "Sex ratio": {
      "at birth": {
        "text": "1.05 male(s)/female"
      },
      "0-14 years": {
        "text": "1.04 male(s)/female"
      },
      "15-24 years": {
        "text": "1.05 male(s)/female"
      },
      "25-54 years": {
        "text": "0.98 male(s)/female"
      },
      "55-64 years": {
        "text": "1.09 male(s)/female"
      },
      "65 years and over": {
        "text": "1.04 male(s)/female"
      },
      "total population": {
        "text": "1.02 male(s)/female (2016 est.)"
      }
    },
    "Infant mortality rate": {
      "total": {
        "text": "13.7 deaths/1,000 live births"
      },
      "male": {
        "text": "16.2 deaths/1,000 live births"
      },
      "female": {
        "text": "11.1 deaths/1,000 live births (2016 est.)"
      }
    },
    "Life expectancy at birth": {
      "total population": {
        "text": "79.5 years"
      },
      "male": {
        "text": "76.6 years"
      },
      "female": {
        "text": "82.6 years (2016 est.)"
      }
    },
    "Total fertility rate": {
      "text": "1.58 children born/woman (2016 est.)"
    },
    "HIV/AIDS - adult prevalence rate": {
      "text": "NA"
    },
    "HIV/AIDS - people living with HIV/AIDS": {
      "text": "NA"
    },
    "HIV/AIDS - deaths": {
      "text": "NA"
    }
  },
  "Government": {
    "Country name": {
      "conventional long form": {
        "text": "Saint Helena, Ascension, and Tristan da Cunha"
      },
      "conventional short form": {
        "text": "none"
      },
      "etymology": {
        "text": "Saint Helena was discovered in 1502 by Galician navigator Joao da NOVA, sailing in the service of the Kingdom of Portugal, who named it \"Santa Helena\"; Ascension was named in 1503 by Portuguese navigator Afonso de ALBUQUERQUE who sighted the island on the Feast Day of the Ascension; Tristan da Cunha was discovered in 1506 by Portuguese explorer Tristao da CUNHA who christened the main island after himself (the name was subsequently anglicized)"
      }
    },
    "Dependency status": {
      "text": "overseas territory of the UK"
    },
    "Government type": {
      "text": "parliamentary democracy (Legislative Council); limited self-governing overseas territory of the UK"
    },
    "Capital": {
      "name": {
        "text": "Jamestown"
      },
      "geographic coordinates": {
        "text": "15 56 S, 5 43 W"
      },
      "time difference": {
        "text": "UTC 0 (5 hours ahead of Washington, DC, during Standard Time)"
      }
    },
    "Administrative divisions": {
      "text": "3 administrative areas; Ascension, Saint Helena, Tristan da Cunha"
    },
    "Independence": {
      "text": "none (overseas territory of the UK)"
    },
    "National holiday": {
      "text": "Birthday of Queen ELIZABETH II, third Monday in April (1926)"
    },
    "Constitution": {
      "text": "several previous; latest effective 1 September 2009 (The St. Helena, Ascension and Tristan da Cunha Constitution Order 2009) (2016)"
    },
    "Legal system": {
      "text": "English common law and local statutes"
    },
    "Citizenship": {
      "text": "see United Kingdom"
    },
    "Suffrage": {
      "text": "18 years of age"
    },
    "Executive branch": {
      "chief of state": {
        "text": "Queen ELIZABETH II (since 6 February 1952)"
      },
      "head of government": {
        "text": "Governor Lisa PHILLIPS (since 25 April 2016)"
      },
      "cabinet": {
        "text": "Executive Council consists of the governor, 3 ex-officio officers, and 5 elected members of the Legislative Council"
      },
      "elections/appointments": {
        "text": "none; the monarchy is hereditary; governor appointed by the monarch"
      },
      "note": {
        "text": "the constitution order provides for an administrator for Ascension and Tristan da Cunha appointed by the governor"
      }
    },
    "Legislative branch": {
      "description": {
        "text": "unicameral Legislative Council (17 seats including the speaker and deputy speaker; 12 members directly elected in a single countrywide constituency by simple majority vote and 3 ex-officio members - the chief secretary, financial secretary, and attorney general; members serve 4-year terms)"
      },
      "note": {
        "text": "each voter can vote for up to 12 candidates; the Constitution Order provides for separate Island Councils for both Ascension and Tristan da Cunha"
      },
      "elections": {
        "text": "last held on 17 July 2013 (next to be held in 2017)"
      },
      "election results": {
        "text": "percent of vote - NA; seats - independents 12"
      }
    },
    "Judicial branch": {
      "highest resident court(s)": {
        "text": "Court of Appeal (consists of the court president and 2 justices); Supreme Court (consists of the chief justice - a non-resident - and NA judges); note - appeals beyond the Court of Appeal are heard by the Judicial Committee of the Privy Council (in London)"
      },
      "judge selection and term of office": {
        "text": "Court of Appeal and Supreme Court justices appointed by the governor acting upon the instructions from a secretary of state acting on behalf of Queen ELIZABETH II; justices of  both courts appointed until retirement at age 70, but can be extended"
      },
      "subordinate courts": {
        "text": "Magistrate's Court; Small Claims Court; Juvenile Court"
      }
    },
    "Political parties and leaders": {
      "text": "none"
    },
    "Political pressure groups and leaders": {
      "other": {
        "text": "private sector; unions"
      }
    },
    "International organization participation": {
      "text": "UPU"
    },
    "Diplomatic representation in the US": {
      "text": "none (overseas territory of the UK)"
    },
    "Diplomatic representation from the US": {
      "text": "none (overseas territory of the UK)"
    },
    "Flag description": {
      "text": "blue with the flag of the UK in the upper hoist-side quadrant and the Saint Helenian shield centered on the outer half of the flag; the upper third of the shield depicts a white plover (wire bird) on a yellow field; the remainder of the shield depicts a rocky coastline on the left, offshore is a three-masted sailing ship with sails furled but flying an English flag"
    },
    "National symbol(s)": {
      "text": "Saint Helena plover (bird)"
    },
    "National anthem": {
      "note": {
        "text": "as a territory of the UK, \"God Save the Queen\" is official (see United Kingdom)"
      }
    }
  },
  "Economy": {
    "Economy - overview": {
      "text": "The economy depends largely on financial assistance from the UK, which amounted to about $27 million in FY06/07 or more than twice the level of annual budgetary revenues. The local population earns income from fishing, raising livestock, and sales of handicrafts. Because there are few jobs, 25% of the work force has left to seek employment on Ascension Island, on the Falklands, and in the UK."
    },
    "GDP (purchasing power parity)": {
      "text": "$31.1 million (FY09/10 est.)"
    },
    "GDP (official exchange rate)": {
      "text": "$NA"
    },
    "GDP - real growth rate": {
      "text": "NA%"
    },
    "GDP - per capita (PPP)": {
      "text": "$7,800 (FY09/10 est.)"
    },
    "GDP - composition, by sector of origin": {
      "agriculture": {
        "text": "NA%"
      },
      "industry": {
        "text": "NA%"
      },
      "services": {
        "text": "NA%"
      }
    },
    "Agriculture - products": {
      "text": "coffee, corn, potatoes, vegetables; fish, lobster; livestock; timber"
    },
    "Industries": {
      "text": "construction, crafts (furniture, lacework, fancy woodwork), fishing, collectible postage stamps"
    },
    "Industrial production growth rate": {
      "text": "NA%"
    },
    "Labor force": {
      "text": "2,486 (1998 est.)"
    },
    "Labor force - by occupation": {
      "agriculture": {
        "text": "6%"
      },
      "industry": {
        "text": "48%"
      },
      "services": {
        "text": "46% (1987 est.)"
      }
    },
    "Unemployment rate": {
      "text": "14% (1998 est.)"
    },
    "Population below poverty line": {
      "text": "NA%"
    },
    "Household income or consumption by percentage share": {
      "lowest 10%": {
        "text": "NA%"
      },
      "highest 10%": {
        "text": "NA%"
      }
    },
    "Budget": {
      "revenues": {
        "text": "$9.992 million"
      },
      "expenditures": {
        "text": "$24.55 million"
      },
      "note": {
        "text": "revenue data reflect locally raised revenues only; the budget deficit is resolved by grant aid from the UK (FY06/07 est.)"
      }
    },
    "Fiscal year": {
      "text": "1 April - 31 March"
    },
    "Inflation rate (consumer prices)": {
      "text": "4% (2012 est.)"
    },
    "Exports": {
      "text": "$19 million (2004 est.)"
    },
    "Exports - commodities": {
      "text": "fish (frozen, canned, and salt-dried skipjack, tuna), coffee, handicrafts"
    },
    "Imports": {
      "text": "$20.53 million (2010 est.)"
    },
    "Imports - commodities": {
      "text": "food, beverages, tobacco, fuel oils, animal feed, building materials, motor vehicles and parts, machinery and parts"
    },
    "Debt - external": {
      "text": "$NA"
    },
    "Exchange rates": {
      "text": "Saint Helenian pounds (SHP) per US dollar - ++ 0.6542 (2015) ++ 0.6391 (2013) ++ 0.6391 (2013) ++ 0.63 (2012) ++ 0.624 (2011)"
    }
  },
  "Energy": {
    "Electricity - production": {
      "text": "10 million kWh (2014 est.)"
    },
    "Electricity - consumption": {
      "text": "9.3 million kWh (2014 est.)"
    },
    "Electricity - exports": {
      "text": "0 kWh (2013 est.)"
    },
    "Electricity - imports": {
      "text": "0 kWh (2013 est.)"
    },
    "Electricity - installed generating capacity": {
      "text": "8,000 kW (2014 est.)"
    },
    "Electricity - from fossil fuels": {
      "text": "100% of total installed capacity (2012 est.)"
    },
    "Electricity - from nuclear fuels": {
      "text": "0% of total installed capacity (2012 est.)"
    },
    "Electricity - from hydroelectric plants": {
      "text": "0% of total installed capacity (2012 est.)"
    },
    "Electricity - from other renewable sources": {
      "text": "0% of total installed capacity (2012 est.)"
    },
    "Crude oil - production": {
      "text": "0 bbl/day (2015 est.)"
    },
    "Crude oil - exports": {
      "text": "0 bbl/day (2013 est.)"
    },
    "Crude oil - imports": {
      "text": "0 bbl/day (2013 est.)"
    },
    "Crude oil - proved reserves": {
      "text": "0 bbl (1 January 2016 es)"
    },
    "Refined petroleum products - production": {
      "text": "0 bbl/day (2013 est.)"
    },
    "Refined petroleum products - consumption": {
      "text": "80 bbl/day (2014 est.)"
    },
    "Refined petroleum products - exports": {
      "text": "0 bbl/day (2013 est.)"
    },
    "Refined petroleum products - imports": {
      "text": "84.68 bbl/day (2013 est.)"
    },
    "Natural gas - production": {
      "text": "0 cu m (2013 est.)"
    },
    "Natural gas - consumption": {
      "text": "0 cu m (2013 est.)"
    },
    "Natural gas - exports": {
      "text": "0 cu m (2013 est.)"
    },
    "Natural gas - imports": {
      "text": "0 cu m (2013 est.)"
    },
    "Natural gas - proved reserves": {
      "text": "0 cu m (1 January 2014 es)"
    },
    "Carbon dioxide emissions from consumption of energy": {
      "text": "12,080 Mt (2012 est.)"
    }
  },
  "Communications": {
    "Telephones - fixed lines": {
      "total": {
        "text": "2,728"
      },
      "subscriptions per 100 inhabitants": {
        "text": "35 (July 2015 est.)"
      }
    },
    "Telephones - mobile cellular": {
      "total": {
        "text": "1,267"
      },
      "subscriptions per 100 inhabitants": {
        "text": "(July 2015 est.)"
      }
    },
    "Telephone system": {
      "general assessment": {
        "text": "can communicate worldwide"
      },
      "domestic": {
        "text": "automatic digital network"
      },
      "international": {
        "text": "country code (Saint Helena) - 290, (Ascension Island) - 247; international direct dialing; satellite voice and data communications; satellite earth stations - 5 (Ascension Island - 4, Saint Helena - 1) (2010)"
      }
    },
    "Broadcast media": {
      "text": "Saint Helena has no local TV station; 2 local radio stations, one of which is relayed to Ascension Island; satellite TV stations rebroadcast terrestrially; Ascension Island has no local TV station but has 1 local radio station and receives relays of broadcasts from 1 radio station on Saint Helena; broadcasts from the British Forces Broadcasting Service (BFBS) are available, as well as TV services for the US military; Tristan da Cunha has 1 local radio station and receives BFBS TV and radio broadcasts (2007)"
    },
    "Internet country code": {
      "text": ".sh; note - Ascension Island assigned .ac"
    },
    "Internet users": {
      "total": {
        "text": "1,800"
      },
      "percent of population": {
        "text": "23.1% (July 2015 est.)"
      }
    },
    "Communications - note": {
      "text": "South Africa maintains a meteorological station on Gough Island"
    }
  },
  "Transportation": {
    "Civil aircraft registration country code prefix": {
      "text": "VQ-H (2016)"
    },
    "Airports": {
      "text": "2 (2015)"
    },
    "Airports - with paved runways": {
      "total": {
        "text": "2"
      },
      "over 3,047 m": {
        "text": "1 Ascension Island (Wideawake Field)"
      },
      "1,524 to 2,437 m": {
        "text": "1 Saint Helena; note - opened to limited operations in July 2016 (2016)"
      }
    },
    "Roadways": {
      "total": {
        "text": "198 km (Saint Helena 138 km, Ascension 40 km, Tristan da Cunha 20 km)"
      },
      "paved": {
        "text": "168 km (Saint Helena 118 km, Ascension 40 km, Tristan da Cunha 10 km)"
      },
      "unpaved": {
        "text": "30 km (Saint Helena 20 km, Tristan da Cunha 10 km) (2002)"
      }
    },
    "Ports and terminals": {
      "major seaport(s)": {
        "text": ""
      },
      "Saint Helena": {
        "text": "Jamestown"
      },
      "Ascension Island": {
        "text": "Georgetown"
      },
      "Tristan da Cunha": {
        "text": "Calshot Harbor (Edinburgh)"
      }
    },
    "Transportation - note": {
      "text": "the new airport on Saint Helena opened for limited operations in July 2016 with the goal of providing regular commercial traffic via South Africa in the near term; the military airport on Ascension Island is closed to civilian traffic; there is no air connection to Tristan da Cunha and very limited sea connections making it one of the most isolated communities on the planet"
    }
  },
  "Military and Security": {
    "Military - note": {
      "text": "defense is the responsibility of the UK"
    }
  },
  "Transnational Issues": {
    "Disputes - international": {
      "text": "none"
    }
  }
}