{
  "Introduction": {
    "Background": {
      "text": "Military regimes favoring Islamic-oriented governments have dominated national politics since independence from Anglo-Egyptian co-rule in 1956. Sudan was embroiled in two prolonged civil wars during most of the remainder of the 20th century. These conflicts were rooted in northern economic, political, and social domination of largely non-Muslim, non-Arab southern Sudanese. The first civil war ended in 1972 but another broke out in 1983. Peace talks gained momentum in 2002-04 with the signing of several accords. The final North/South Comprehensive Peace Agreement (CPA), signed in January 2005, granted the southern rebels autonomy for six years followed by a referendum on independence for Southern Sudan. The referendum was held in January 2011 and indicated overwhelming support for independence. South Sudan became independent on 9 July 2011. Sudan and South Sudan have yet to fully implement security and economic agreements signed in September 2012 relating to the normalization of relations between the two countries. The final disposition of the contested Abyei region has also to be decided. ++ Since South Sudan's independence, conflict has broken out between the government and the Sudan People's Liberation Movement-North in Southern Kordofan and Blue Nile states, which has resulted in 1.2 million internally displaced persons or severely affected persons needing humanitarian assistance. A separate conflict, which broke out in the western region of Darfur in 2003, displaced nearly two million people and caused an estimated 200,000 to 400,000 deaths. Violence in Darfur in 2013 resulted in an additional estimated 6,000 civilians killed and 500,000 displaced. The UN and the African Union have jointly commanded a Darfur peacekeeping operation known as the African Union-United Nations Hybrid Mission in Darfur (UNAMID) since 2007. Peacekeeping troops have struggled to stabilize the situation and have increasingly become targets for attacks by armed groups. Sudan also has faced refugee influxes from neighboring countries, primarily Ethiopia, Eritrea, Chad, Central African Republic, and South Sudan. Armed conflict, poor transport infrastructure, and government denial of access have impeded the provision of humanitarian assistance to affected populations."
    }
  },
  "Geography": {
    "Location": {
      "text": "north-eastern Africa, bordering the Red Sea, between Egypt and Eritrea"
    },
    "Geographic coordinates": {
      "text": "15 00 N, 30 00 E"
    },
    "Map references": {
      "text": "Africa"
    },
    "Area": {
      "total": {
        "text": "1,861,484 sq km"
      },
      "land": {
        "text": "NA"
      },
      "water": {
        "text": "NA"
      }
    },
    "Area - comparative": {
      "text": "slightly less than one-fifth the size of the US"
    },
    "Land boundaries": {
      "total": {
        "text": "6,819 km"
      },
      "border countries": {
        "text": "Central African Republic 174 km, Chad 1,403 km, Egypt 1,276 km, Eritrea 682 km, Ethiopia 744 km, Libya 382 km, South Sudan 2,158 km"
      },
      "note": {
        "text": "Sudan-South Sudan boundary represents 1 January 1956 alignment; final alignment pending negotiations and demarcation; final sovereignty status of Abyei region pending negotiations between Sudan and South Sudan"
      }
    },
    "Coastline": {
      "text": "853 km"
    },
    "Maritime claims": {
      "territorial sea": {
        "text": "12 nm"
      },
      "contiguous zone": {
        "text": "18 nm"
      },
      "continental shelf": {
        "text": "200-m depth or to the depth of exploitation"
      }
    },
    "Climate": {
      "text": "hot and dry; arid desert; rainy season varies by region (April to November)"
    },
    "Terrain": {
      "text": "generally flat, featureless plain; desert dominates the north"
    },
    "Elevation": {
      "mean elevation": {
        "text": "568 m"
      },
      "elevation extremes": {
        "text": "lowest point: Red Sea 0 m ++ highest point: Jabal Marrah 3,071 m"
      }
    },
    "Natural resources": {
      "text": "petroleum; small reserves of iron ore, copper, chromium ore, zinc, tungsten, mica, silver, gold; hydropower"
    },
    "Land use": {
      "agricultural land": {
        "text": "100% ++ arable land 15.7%; permanent crops 0.2%; permanent pasture 84.2%"
      },
      "forest": {
        "text": "0%"
      },
      "other": {
        "text": "0% (2011 est.)"
      }
    },
    "Irrigated land": {
      "text": "18,900 sq km (2012)"
    },
    "Natural hazards": {
      "text": "dust storms and periodic persistent droughts"
    },
    "Environment - current issues": {
      "text": "inadequate supplies of potable water; wildlife populations threatened by excessive hunting; soil erosion; desertification; periodic drought"
    },
    "Environment - international agreements": {
      "party to": {
        "text": "Biodiversity, Climate Change, Climate Change-Kyoto Protocol, Desertification, Endangered Species, Hazardous Wastes, Law of the Sea, Ozone Layer Protection, Wetlands"
      },
      "signed, but not ratified": {
        "text": "none of the selected agreements"
      }
    },
    "Geography - note": {
      "text": "dominated by the Nile and its tributaries"
    }
  },
  "People and Society": {
    "Population": {
      "text": "36,729,501 (July 2016 est.)"
    },
    "Nationality": {
      "noun": {
        "text": "Sudanese (singular and plural)"
      },
      "adjective": {
        "text": "Sudanese"
      }
    },
    "Ethnic groups": {
      "text": "Sudanese Arab (approximately 70%), Fur, Beja, Nuba, Fallata"
    },
    "Languages": {
      "text": "Arabic (official), English (official), Nubian, Ta Bedawie, Fur",
      "note": {
        "text": "program of \"Arabization\" in process"
      }
    },
    "Religions": {
      "text": "Sunni Muslim, small Christian minority"
    },
    "Age structure": {
      "0-14 years": {
        "text": "39.43% (male 7,351,759/female 7,130,224)"
      },
      "15-24 years": {
        "text": "20.77% (male 3,926,374/female 3,703,826)"
      },
      "25-54 years": {
        "text": "32.42% (male 5,779,482/female 6,129,213)"
      },
      "55-64 years": {
        "text": "4.12% (male 793,848/female 721,075)"
      },
      "65 years and over": {
        "text": "3.25% (male 645,876/female 547,824) (2016 est.)"
      }
    },
    "Dependency ratios": {
      "total dependency ratio": {
        "text": "78%"
      },
      "youth dependency ratio": {
        "text": "72.1%"
      },
      "elderly dependency ratio": {
        "text": "5.9%"
      },
      "potential support ratio": {
        "text": "16.9% (2015 est.)"
      }
    },
    "Median age": {
      "total": {
        "text": "19.6 years"
      },
      "male": {
        "text": "19.4 years"
      },
      "female": {
        "text": "19.9 years (2016 est.)"
      }
    },
    "Population growth rate": {
      "text": "1.69% (2016 est.)"
    },
    "Birth rate": {
      "text": "28.5 births/1,000 population (2016 est.)"
    },
    "Death rate": {
      "text": "7.5 deaths/1,000 population (2016 est.)"
    },
    "Net migration rate": {
      "text": "-4.2 migrant(s)/1,000 population (2016 est.)"
    },
    "Urbanization": {
      "urban population": {
        "text": "33.8% of total population (2015)"
      },
      "rate of urbanization": {
        "text": "2.54% annual rate of change (2010-15 est.)"
      }
    },
    "Major urban areas - population": {
      "text": "KHARTOUM (capital) 5.129 million (2015)"
    },
    "Sex ratio": {
      "at birth": {
        "text": "1.05 male(s)/female"
      },
      "0-14 years": {
        "text": "1.03 male(s)/female"
      },
      "15-24 years": {
        "text": "1.06 male(s)/female"
      },
      "25-54 years": {
        "text": "0.94 male(s)/female"
      },
      "55-64 years": {
        "text": "1.1 male(s)/female"
      },
      "65 years and over": {
        "text": "1.19 male(s)/female"
      },
      "total population": {
        "text": "1.02 male(s)/female (2016 est.)"
      }
    },
    "Maternal mortality rate": {
      "text": "311 deaths/100,000 live births (2015 est.)"
    },
    "Infant mortality rate": {
      "total": {
        "text": "50.2 deaths/1,000 live births"
      },
      "male": {
        "text": "55.4 deaths/1,000 live births"
      },
      "female": {
        "text": "44.6 deaths/1,000 live births (2016 est.)"
      }
    },
    "Life expectancy at birth": {
      "total population": {
        "text": "64.1 years"
      },
      "male": {
        "text": "62 years"
      },
      "female": {
        "text": "66.3 years (2016 est.)"
      }
    },
    "Total fertility rate": {
      "text": "3.68 children born/woman (2016 est.)"
    },
    "Contraceptive prevalence rate": {
      "text": "9% (2010)"
    },
    "Health expenditures": {
      "text": "8.4% of GDP (2014)"
    },
    "Physicians density": {
      "text": "0.28 physicians/1,000 population (2008)"
    },
    "Hospital bed density": {
      "text": "0.8 beds/1,000 population (2012)"
    },
    "Drinking water source": {
      "improved": {
        "text": " ++ urban: 66% of population ++ rural: 50.2% of population ++ total: 55.5% of population"
      },
      "unimproved": {
        "text": " ++ urban: 34% of population ++ rural: 49.8% of population ++ total: 44.5% of population (2012 est.)"
      }
    },
    "Sanitation facility access": {
      "improved": {
        "text": " ++ urban: 43.9% of population ++ rural: 13.4% of population ++ total: 23.6% of population"
      },
      "unimproved": {
        "text": " ++ urban: 56.1% of population ++ rural: 86.6% of population ++ total: 76.4% of population (2012 est.)"
      }
    },
    "HIV/AIDS - adult prevalence rate": {
      "text": "0.25% (2015 est.)"
    },
    "HIV/AIDS - people living with HIV/AIDS": {
      "text": "55,900 (2015 est.)"
    },
    "HIV/AIDS - deaths": {
      "text": "3,000 (2015 est.)"
    },
    "Major infectious diseases": {
      "degree of risk": {
        "text": "very high"
      },
      "food or waterborne diseases": {
        "text": "bacterial and protozoal diarrhea, hepatitis A and E, and typhoid fever"
      },
      "vectorborne diseases": {
        "text": "malaria, dengue fever, and Rift Valley fever"
      },
      "water contact disease": {
        "text": "schistosomiasis"
      },
      "respiratory disease": {
        "text": "meningococcal meningitis"
      },
      "animal contact disease": {
        "text": "rabies (2016)"
      }
    },
    "Obesity - adult prevalence rate": {
      "text": "6.6% (2014)"
    },
    "Children under the age of 5 years underweight": {
      "text": "33% (2014)"
    },
    "Education expenditures": {
      "text": "2.2% of GDP (2009)"
    },
    "Literacy": {
      "definition": {
        "text": "age 15 and over can read and write"
      },
      "total population": {
        "text": "75.9%"
      },
      "male": {
        "text": "83.3%"
      },
      "female": {
        "text": "68.6% (2015 est.)"
      }
    },
    "School life expectancy (primary to tertiary education)": {
      "total": {
        "text": "7 years"
      },
      "male": {
        "text": "7 years"
      },
      "female": {
        "text": "7 years (2013)"
      }
    },
    "Unemployment, youth ages 15-24": {
      "total": {
        "text": "20%"
      },
      "male": {
        "text": "16%"
      },
      "female": {
        "text": "32% (2009 est.)"
      }
    }
  },
  "Government": {
    "Country name": {
      "conventional long form": {
        "text": "Republic of the Sudan"
      },
      "conventional short form": {
        "text": "Sudan"
      },
      "local long form": {
        "text": "Jumhuriyat as-Sudan"
      },
      "local short form": {
        "text": "As-Sudan"
      },
      "former": {
        "text": "Anglo-Egyptian Sudan"
      },
      "etymology": {
        "text": "the name \"Sudan\" derives from the Arabic \"bilad-as-sudan\" meaning \"Land of the black [peoples]\""
      }
    },
    "Government type": {
      "text": "presidential republic"
    },
    "Capital": {
      "name": {
        "text": "Khartoum"
      },
      "geographic coordinates": {
        "text": "15 36 N, 32 32 E"
      },
      "time difference": {
        "text": "UTC+3 (8 hours ahead of Washington, DC, during Standard Time)"
      }
    },
    "Administrative divisions": {
      "text": "18 states (wilayat, singular - wilayah); Al Gazira, Al Gedaref, Blue Nile, Central Darfur, East Darfur, Kassala, Khartoum, North Darfur, North Kordofan, Northern, Red Sea, River Nile, Sennar, South Darfur, South Kordofan, West Darfur, Western Kordofan, White Nile"
    },
    "Independence": {
      "text": "1 January 1956 (from Egypt and the UK)"
    },
    "National holiday": {
      "text": "Independence Day, 1 January (1956)"
    },
    "Constitution": {
      "text": "previous 1998; latest adopted 6 July 2005, effective 9 July 2005 (interim constitution); amended 2015; note - in 2011, the Government of Sudan initiated a process for drafting a new constitution (2016)"
    },
    "Legal system": {
      "text": "mixed legal system of Islamic law and English common law"
    },
    "International law organization participation": {
      "text": "accepts compulsory ICJ jurisdiction with reservations; withdrew acceptance of ICCt jurisdiction in 2008"
    },
    "Citizenship": {
      "citizenship by birth": {
        "text": "no"
      },
      "citizenship by descent only": {
        "text": "the father must be a citizen of Sudan"
      },
      "dual citizenship recognized": {
        "text": "no"
      },
      "residency requirement for naturalization": {
        "text": "10 years"
      }
    },
    "Suffrage": {
      "text": "17 years of age; universal"
    },
    "Executive branch": {
      "chief of state": {
        "text": "President Umar Hassan Ahmad al-BASHIR (since 16 October 1993); First Vice President BAKRI Hassan Salih, Second Vice President Hasabu Mohamed ABDEL RAHMIN (both since 3 December 2013); note - the president is both chief of state and head of government"
      },
      "head of government": {
        "text": "President Umar Hassan Ahmad al-BASHIR (since 16 October 1993); First Vice President BAKRI Hassan Salih, Second Vice President Hasabu Mohamed ABDEL RAHMAN (both since 9 December 2013)"
      },
      "cabinet": {
        "text": "Council of Ministers appointed by the president; note - the NCP, formerly the National Islamic Front or NIF, dominates al-BASHIR's cabinet"
      },
      "elections/appointments": {
        "text": "president directly elected by absolute majority popular vote in 2 rounds if needed; last held on 13-16 April 2015 (next to be held in 2020)"
      },
      "election results": {
        "text": "Umar Hassan Ahmad al-BASHIR reelected president; percent of vote - Umar Hassan Ahmad al-BASHIR (NCP) 94.1%, other (15 candidates) 5.9%"
      }
    },
    "Legislative branch": {
      "description": {
        "text": "bicameral National Legislature consists of the Council of States or Majlis Weleyat (50 seats; members indirectly elected - 2 each by the 25 state legislatures to serve 6-year terms) and the National Assembly or Majlis Watani (426 seats; 213 members directly elected in single-seat constituencies by simple majority vote, 128 for women only directly elected by proportional representation vote, and 85 directly elected by proportional representation vote; members serve 6-year terms)"
      },
      "elections": {
        "text": "last held on 13-15 April 2015 (next to be held in 2021)"
      },
      "election results": {
        "text": "National Assembly - percent of vote by party - NA; seats by party - NCP 323, DUP 25, Democratic Unionist Party 15, other 44, independent 19"
      },
      "note": {
        "text": "the mandate of the members from the south was terminated upon independence by the Republic of South Sudan effective 9 July 2011 and membership in Sudan's National Assembly was reduced to 354; it is unclear whether this total will be retained for the next election or whether the previous total of 450 will be reconstituted"
      }
    },
    "Judicial branch": {
      "highest court(s)": {
        "text": "National Supreme Court (consists of 70 judges organized into panels of 3 judges and includes 4 circuits that operate outside the capital); Constitutional Court (consists of 9 justices including the court president); note - the Constitutional Court resides outside the national judiciary"
      },
      "judge selection and term of office": {
        "text": "National Supreme Court and Constitutional Court judges appointed by the president of the republic upon the recommendation of the National Judicial Service Commission, an independent body chaired by the chief justice of the republic and members including other judges and judicial and legal officials; Supreme Court judge tenure NA; Constitutional Court judges appointed for 7 years"
      },
      "subordinate courts": {
        "text": "Court of Appeal; other national courts; public courts; district, town, and rural courts"
      }
    },
    "Political parties and leaders": {
      "text": "Democratic Unionist Party or DUP [Jalal al-DIGAIR] ++ Democratic Unionist Party [Muhammad Uthman al-MIRGHANI] ++ Muslim Brotherhood or MB ++ National Congress Party or NCP [Umar Hassan al-BASHIR] ++ National Umma Party or UP [Siddiq al-MAHDI] ++ Popular Congress Party or PCP [Hassan al-TURABI] ++ Reform Now Party or RNP [Dr. Ghazi Salah al-DEEN] ++ Sudanese Communist Party or SCP [Mohammed Moktar Al-KHATEEB] ++ Sudanese Congress Party [Ibrahim Al-SHEIKH] ++ Unionist Movement Party or UMP [Nagla AL-AZHARI]"
    },
    "Political pressure groups and leaders": {
      "text": "Darfur rebel groups including the Justice and Equality Movement or JEM [Gibril Fidail IBRAHIM], Sudan Liberation Movement or SLM-AW [Abdel Wahid NUR,various factional leaders], Sudan Liberation Movement or SLM-MM [Minni Arkou MINAWI] ++ National Consensus Front or NCF [Farouq ABU ISSA] ++ Sudan People's Liberation Movement-North or SPLM-N [Malik AGAR] ++ Sudan Revolutionary Front or SRF [Malik AGAR]"
    },
    "International organization participation": {
      "text": "ABEDA, ACP, AfDB, AFESD, AMF, AU, CAEU, COMESA, FAO, G-77, IAEA, IBRD, ICAO, ICC (NGOs), ICRM, IDA, IDB, IFAD, IFC, IFRCS, IGAD, ILO, IMF, IMO, Interpol, IOC, IOM, IPU, ISO, ITSO, ITU, LAS, MIGA, NAM, OIC, OPCW, PCA, UN, UNCTAD, UNESCO, UNHCR, UNIDO, UNWTO, UPU, WCO, WFTU (NGOs), WHO, WIPO, WMO, WTO (observer)"
    },
    "Diplomatic representation in the US": {
      "chief of mission": {
        "text": "Ambassador (vacant); Charge d'Affaires Maowia Osman KHALID (since 31 January 2014)"
      },
      "chancery": {
        "text": "2210 Massachusetts Avenue NW, Washington, DC 20008"
      },
      "telephone": {
        "text": "[1] (202) 338-8565"
      },
      "FAX": {
        "text": "[1] (202) 667-2406"
      }
    },
    "Diplomatic representation from the US": {
      "chief of mission": {
        "text": "Ambassador (vacant); Charge d'Affaires Steven KOUTSIS (since 2016)"
      },
      "embassy": {
        "text": "Sharia Ali Abdul Latif Street, Khartoum"
      },
      "mailing address": {
        "text": "P.O. Box 699, Kilo 10, Soba, Khartoum; APO AE 09829"
      },
      "telephone": {
        "text": "[249] (187)-0-(22000)"
      },
      "FAX": {
        "text": "[249] (183) 774-137"
      }
    },
    "Flag description": {
      "text": "three equal horizontal bands of red (top), white, and black with a green isosceles triangle based on the hoist side; colors and design based on the Arab Revolt flag of World War I, but the meanings of the colors are expressed as follows: red signifies the struggle for freedom, white is the color of peace, light, and love, black represents the people of Sudan (in Arabic 'Sudan' means black), green is the color of Islam, agriculture, and prosperity"
    },
    "National symbol(s)": {
      "text": "secretary bird; national colors: red, white, black, green"
    },
    "National anthem": {
      "name": {
        "text": "\"Nahnu Djundulla Djundulwatan\" (We Are the Army of God and of Our Land)"
      },
      "lyrics/music": {
        "text": "Sayed Ahmad Muhammad SALIH/Ahmad MURJAN"
      },
      "note": {
        "text": "adopted 1956; originally served as the anthem of the Sudanese military"
      }
    }
  },
  "Economy": {
    "Economy - overview": {
      "text": "Sudan has experienced protracted social conflict, civil war, and, in July 2011, the loss of three-quarters of its oil production due to the secession of South Sudan. The oil sector had driven much of Sudan's GDP growth since 1999. For nearly a decade, the economy boomed on the back of rising oil production, high oil prices, and significant inflows of foreign direct investment. Since the economic shock of South Sudan's secession, Sudan has struggled to stabilize its economy and make up for the loss of foreign exchange earnings. The interruption of oil production in South Sudan in 2012 for over a year and the consequent loss of oil transit fees further exacerbated the fragile state of Sudan’s economy. Ongoing conflicts in Southern Kordofan, Darfur, and the Blue Nile states, lack of basic infrastructure in large areas, and reliance by much of the population on subsistence agriculture, keep close to half of the population at or below the poverty line. ++  ++ Sudan is also subject to comprehensive US sanctions. Sudan is attempting to develop non-oil sources of revenues, such as gold mining, while carrying out an austerity program to reduce expenditures. The world’s largest exporter of gum Arabic, Sudan produces 75-80% of the world’s total output. Agriculture continues to employ 80% of the work force. ++  ++ Sudan introduced a new currency, still called the Sudanese pound, following South Sudan's secession, but the value of the currency has fallen since its introduction. Khartoum formally devalued the currency in June 2012, when it passed austerity measures that included gradually repealing fuel subsidies. Sudan also faces high inflation, which reached 47% on an annual basis in November 2012 but subsided to 18% in 2015."
    },
    "GDP (purchasing power parity)": {
      "text": "$167 billion (2015 est.) ++ $161.3 billion (2014 est.) ++ $156.2 billion (2013 est.)",
      "note": {
        "text": "data are in 2015 US dollars"
      }
    },
    "GDP (official exchange rate)": {
      "text": "$83.61 billion (2015 est.)"
    },
    "GDP - real growth rate": {
      "text": "3.5% (2015 est.) ++ 3.3% (2014 est.) ++ 3.9% (2013 est.)"
    },
    "GDP - per capita (PPP)": {
      "text": "$4,300 (2015 est.) ++ $4,300 (2014 est.) ++ $4,300 (2013 est.)",
      "note": {
        "text": "data are in 2015 US dollars"
      }
    },
    "Gross national saving": {
      "text": "14.9% of GDP (2015 est.) ++ 14.9% of GDP (2014 est.) ++ 4.3% of GDP (2013 est.)"
    },
    "GDP - composition, by end use": {
      "household consumption": {
        "text": "79%"
      },
      "government consumption": {
        "text": "7%"
      },
      "investment in fixed capital": {
        "text": "13.7%"
      },
      "investment in inventories": {
        "text": "5.4%"
      },
      "exports of goods and services": {
        "text": "6.9%"
      },
      "imports of goods and services": {
        "text": "-12.1% (2015 est.)"
      }
    },
    "GDP - composition, by sector of origin": {
      "agriculture": {
        "text": "28.6%"
      },
      "industry": {
        "text": "20.5%"
      },
      "services": {
        "text": "50.9% (2015 est.)"
      }
    },
    "Agriculture - products": {
      "text": "cotton, groundnuts (peanuts), sorghum, millet, wheat, gum Arabic, sugarcane, cassava (manioc, tapioca), mangoes, papaya, bananas, sweet potatoes, sesame seeds; animal feed, sheep and other livestock"
    },
    "Industries": {
      "text": "oil, cotton ginning, textiles, cement, edible oils, sugar, soap distilling, shoes, petroleum refining, pharmaceuticals, armaments, automobile/light truck assembly, milling"
    },
    "Industrial production growth rate": {
      "text": "6.1% (2015 est.)"
    },
    "Labor force": {
      "text": "11.92 million (2007 est.)"
    },
    "Labor force - by occupation": {
      "agriculture": {
        "text": "80%"
      },
      "industry": {
        "text": "7%"
      },
      "services": {
        "text": "13% (1998 est.)"
      }
    },
    "Unemployment rate": {
      "text": "13.6% (2014 est.) ++ 14.8% (2013 est.)"
    },
    "Population below poverty line": {
      "text": "46.5% (2009 est.)"
    },
    "Household income or consumption by percentage share": {
      "lowest 10%": {
        "text": "2.7%"
      },
      "highest 10%": {
        "text": "26.7% (2009 est.)"
      }
    },
    "Budget": {
      "revenues": {
        "text": "$6.663 billion"
      },
      "expenditures": {
        "text": "$9.943 billion (2015 est.)"
      }
    },
    "Taxes and other revenues": {
      "text": "8% of GDP (2015 est.)"
    },
    "Budget surplus (+) or deficit (-)": {
      "text": "-3.9% of GDP (2015 est.)"
    },
    "Public debt": {
      "text": "68.9% of GDP (2015 est.) ++ 72.9% of GDP (2014 est.)"
    },
    "Fiscal year": {
      "text": "calendar year"
    },
    "Inflation rate (consumer prices)": {
      "text": "17.3% (2015 est.) ++ 36.9% (2014 est.)"
    },
    "Stock of narrow money": {
      "text": "$9.511 billion (31 December 2015 est.) ++ $8.034 billion (31 December 2014 est.)"
    },
    "Stock of broad money": {
      "text": "$13.47 billion (31 December 2015 est.) ++ $13 billion (31 December 2014 est.)"
    },
    "Stock of domestic credit": {
      "text": "$17.34 billion (31 December 2015 est.) ++ $14.85 billion (31 December 2014 est.)"
    },
    "Market value of publicly traded shares": {
      "text": "$NA"
    },
    "Current account balance": {
      "text": "-$6.457 billion (2015 est.) ++ -$4.999 billion (2014 est.)"
    },
    "Exports": {
      "text": "$3.169 billion (2015 est.) ++ $4.454 billion (2014 est.)"
    },
    "Exports - commodities": {
      "text": "gold; oil and petroleum products; cotton, sesame, livestock, peanuts, gum Arabic, sugar"
    },
    "Exports - partners": {
      "text": "UAE 32%, China 16.2%, Saudi Arabia 15.5%, Australia 4.7%, India 4.2% (2015)"
    },
    "Imports": {
      "text": "$8.368 billion (2015 est.) ++ $8.106 billion (2014 est.)"
    },
    "Imports - commodities": {
      "text": "foodstuffs, manufactured goods, refinery and transport equipment, medicines, chemicals, textiles, wheat"
    },
    "Imports - partners": {
      "text": "China 26.4%, UAE 10.1%, India 9.1%, Egypt 5.6%, Turkey 4.7%, Saudi Arabia 4.4% (2015)"
    },
    "Reserves of foreign exchange and gold": {
      "text": "$173.5 million (31 December 2015 est.) ++ $181.5 million (31 December 2014 est.)"
    },
    "Debt - external": {
      "text": "$49.42 billion (31 December 2015 est.) ++ $47.85 billion (31 December 2014 est.)"
    },
    "Stock of direct foreign investment - at home": {
      "text": "$24.41 billion (31 December 2015 est.) ++ $22.68 billion (31 December 2014 est.)"
    },
    "Exchange rates": {
      "text": "Sudanese pounds (SDG) per US dollar - ++ 6.03 (2015 est.) ++ 5.74 (2014 est.) ++ 5.74 (2013 est.) ++ 3.57 (2012 est.) ++ 2.68 (2011 est.)"
    }
  },
  "Energy": {
    "Electricity access": {
      "population without electricity": {
        "text": "24,700,000"
      },
      "electrification - total population": {
        "text": "35%"
      },
      "electrification - urban areas": {
        "text": "63%"
      },
      "electrification - rural areas": {
        "text": "21% (2013)"
      }
    },
    "Electricity - production": {
      "text": "12 billion kWh (2014 est.)"
    },
    "Electricity - consumption": {
      "text": "9.9 billion kWh (2014 est.)"
    },
    "Electricity - exports": {
      "text": "0 kWh (2013 est.)"
    },
    "Electricity - imports": {
      "text": "0 kWh (2013 est.)"
    },
    "Electricity - installed generating capacity": {
      "text": "3.7 million kW (2014 est.)"
    },
    "Electricity - from fossil fuels": {
      "text": "30.7% of total installed capacity (2012 est.)"
    },
    "Electricity - from nuclear fuels": {
      "text": "0% of total installed capacity (2012 est.)"
    },
    "Electricity - from hydroelectric plants": {
      "text": "66.3% of total installed capacity (2012 est.)"
    },
    "Electricity - from other renewable sources": {
      "text": "3% of total installed capacity (2012 est.)"
    },
    "Crude oil - production": {
      "text": "64,770 bbl/day (2014 est.)"
    },
    "Crude oil - exports": {
      "text": "2,060 bbl/day (2013 est.)"
    },
    "Crude oil - imports": {
      "text": "0 bbl/day (2013 est.)"
    },
    "Crude oil - proved reserves": {
      "text": "5 billion bbl (1 January 2016 es)"
    },
    "Refined petroleum products - production": {
      "text": "88,180 bbl/day (2013 est.)"
    },
    "Refined petroleum products - consumption": {
      "text": "108,000 bbl/day (2014 est.)"
    },
    "Refined petroleum products - exports": {
      "text": "5,984 bbl/day (2013 est.)"
    },
    "Refined petroleum products - imports": {
      "text": "24,800 bbl/day (2013 est.)"
    },
    "Natural gas - production": {
      "text": "0 cu m (2013 est.)"
    },
    "Natural gas - consumption": {
      "text": "0 cu m (2013 est.)"
    },
    "Natural gas - exports": {
      "text": "0 cu m (2013 est.)"
    },
    "Natural gas - imports": {
      "text": "0 cu m (2013 est.)"
    },
    "Natural gas - proved reserves": {
      "text": "21.24 billion cu m (1 January 2016 es)"
    },
    "Carbon dioxide emissions from consumption of energy": {
      "text": "14 million Mt (2013 est.)"
    }
  },
  "Communications": {
    "Telephones - fixed lines": {
      "total subscriptions": {
        "text": "118,954"
      },
      "subscriptions per 100 inhabitants": {
        "text": "less than 1 (July 2015 est.)"
      }
    },
    "Telephones - mobile cellular": {
      "total": {
        "text": "27.939 million"
      },
      "subscriptions per 100 inhabitants": {
        "text": "77 (July 2015 est.)"
      }
    },
    "Telephone system": {
      "general assessment": {
        "text": "well-equipped system by regional standards and being upgraded; cellular communications started in 1996 and have expanded substantially with wide coverage of most major cities"
      },
      "domestic": {
        "text": "consists of microwave radio relay, cable, fiber optic, radiotelephone communications, tropospheric scatter, and a domestic satellite system with 14 earth stations"
      },
      "international": {
        "text": "country code - 249; linked to the EASSy and FLAG fiber-optic submarine cable systems; satellite earth stations - 1 Intelsat (Atlantic Ocean), 1 Arabsat (2010)"
      }
    },
    "Broadcast media": {
      "text": "the Sudanese Government directly controls TV and radio, requiring that both media reflect government policies; TV has a permanent military censor; a private radio station is in operation (2007)"
    },
    "Internet country code": {
      "text": ".sd"
    },
    "Internet users": {
      "total": {
        "text": "9.61 million"
      },
      "percent of population": {
        "text": "26.6% (July 2015 est.)"
      }
    }
  },
  "Transportation": {
    "National air transport system": {
      "number of registered air carriers": {
        "text": "6"
      },
      "inventory of registered aircraft operated by air carriers": {
        "text": "25"
      },
      "annual passenger traffic on registered air carriers": {
        "text": "496,178"
      },
      "annual freight traffic on registered air carriers": {
        "text": "13,161,592 mt-km (2015)"
      }
    },
    "Civil aircraft registration country code prefix": {
      "text": "ST (2016)"
    },
    "Airports": {
      "text": "74 (2013)"
    },
    "Airports - with paved runways": {
      "total": {
        "text": "16"
      },
      "over 3,047 m": {
        "text": "2"
      },
      "2,438 to 3,047 m": {
        "text": "10"
      },
      "1,524 to 2,437 m": {
        "text": "2"
      },
      "under 914 m": {
        "text": "2 (2013)"
      }
    },
    "Airports - with unpaved runways": {
      "total": {
        "text": "58"
      },
      "2,438 to 3,047 m": {
        "text": "1"
      },
      "1,524 to 2,437 m": {
        "text": "17"
      },
      "914 to 1,523 m": {
        "text": "28"
      },
      "under 914 m": {
        "text": "12 (2013)"
      }
    },
    "Heliports": {
      "text": "6 (2013)"
    },
    "Pipelines": {
      "text": "gas 156 km; oil 4,070 km; refined products 1,613 km (2013)"
    },
    "Railways": {
      "total": {
        "text": "7,251 km"
      },
      "narrow gauge": {
        "text": "5,851 km 1.067-m gauge; 1,400 km 0.600-m gauge for cotton plantations (20014)"
      }
    },
    "Roadways": {
      "total": {
        "text": "11,900 km"
      },
      "paved": {
        "text": "4,320 km"
      },
      "unpaved": {
        "text": "7,580 km (2000)"
      }
    },
    "Waterways": {
      "text": "4,068 km (1,723 km open year round on White and Blue Nile Rivers) (2011)"
    },
    "Merchant marine": {
      "total": {
        "text": "2"
      },
      "by type": {
        "text": "cargo 2 (2010)"
      }
    },
    "Ports and terminals": {
      "major seaport(s)": {
        "text": "Port Sudan"
      }
    }
  },
  "Military and Security": {
    "Military branches": {
      "text": "Sudanese Armed Forces (SAF): Land Forces, Navy (includes Marines), Sudanese Air Force (Sikakh al-Jawwiya as-Sudaniya), Popular Defense Forces (2011)"
    },
    "Military service age and obligation": {
      "text": "18-33 years of age for male and female compulsory or voluntary military service; 1-2 year service obligation; a requirement that completion of national service was mandatory before entering public or private sector employment has been cancelled (2012)"
    }
  },
  "Transnational Issues": {
    "Disputes - international": {
      "text": "the effects of Sudan's almost constant ethnic and rebel militia fighting since the mid-20th century have penetrated all of the neighboring states; Chad wishes to be a helpful mediator in resolving the Darfur conflict, and in 2010 established a joint border monitoring force with Sudan, which has helped to reduce cross-border banditry and violence; as of mid-2013, Chad, Egypt, Ethiopia, Israel, the Central African Republic, and South Sudan provided shelter for more than 600,000 Sudanese refugees; during the same period, Sudan, in turn, hosted about 115,000 Eritreans, 32,000 Chadians, and smaller numbers of Ethiopians and Central Africans; Sudan accuses Eritrea of supporting Sudanese rebel groups; efforts to demarcate the porous boundary with Ethiopia proceed slowly due to civil and ethnic fighting in eastern Sudan; Sudan claims but Egypt de facto administers security and economic development of the Halaib region north of the 22nd parallel boundary; periodic violent skirmishes with Sudanese residents over water and grazing rights persist among related pastoral populations along the border with the Central African Republic; South Sudan-Sudan boundary represents 1 January 1956 alignment, final alignment pending negotiations and demarcation; final sovereignty status of Abyei Area pending negotiations between South Sudan and Sudan"
    },
    "Refugees and internally displaced persons": {
      "refugees (country of origin)": {
        "text": "98,676 (Eritrea); 8,894 (Chad) (2015); 247,317 (South Sudan) (refugees and asylum seekers) (2016)"
      },
      "IDPs": {
        "text": "3,218,234 (civil war 1983-2005; ongoing conflict in Darfur region; government and rebel fighting along South Sudan border; inter-tribal clashes) (2015)"
      }
    },
    "Trafficking in persons": {
      "current situation": {
        "text": "Sudan is a source, transit, and destination country for men, women, and children who are subjected to forced labor and sex trafficking; Sudanese women and girls, particularly those from rural areas or who are internally displaced, or refugees are vulnerable to domestic servitude in country, as well as domestic servitude and sex trafficking abroad; migrants from East and West Africa, South Sudan, Syria, and Nigeria smuggled into or through Sudan are vulnerable to exploitation; Ethiopian, Eritrean, and Filipina women are subjected to domestic servitude in Sudanese homes, and East African and possibly Thai women are forced into prostitution in Sudan; Sudanese children continue to be recruited and used as combatants by government forces and armed groups"
      },
      "tier rating": {
        "text": "Tier 2 Watch List - Sudan does not fully comply with the minimum standards for the elimination of trafficking; however, it is making significant efforts to do so; the government increased its efforts to publically address and prevent trafficking, established a national anti-trafficking council, and began drafting a national action plan against trafficking; the government acknowledges cross-border trafficking but still denies the existence of forced labor, sex trafficking, and the recruitment of child soldiers domestically; law enforcement and judicial officials struggled to apply the national anti-trafficking law, often relying on other statutes with lesser penalties; authorities did not use systematic procedure to identify victims or refer them to care and relied on international organizations and domestic groups to provide protective services; some foreign victims were penalized for unlawful acts committed as a direct result of being trafficked, such as immigration or prostitution violations (2015)"
      }
    }
  }
}