{
  "Introduction": {
    "Background": {
      "text": "Rivalry between French and Italian interests in Tunisia culminated in a French invasion in 1881 and the creation of a protectorate. Agitation for independence in the decades following World War I was finally successful in convincing the French to recognize Tunisia as an independent state in 1956. The country's first president, Habib BOURGUIBA, established a strict one-party state. He dominated the country for 31 years, repressing Islamic fundamentalism and establishing rights for women unmatched by any other Arab nation. In November 1987, BOURGUIBA was removed from office and replaced by Zine el Abidine BEN ALI in a bloodless coup. Street protests that began in Tunis in December 2010 over high unemployment, corruption, widespread poverty, and high food prices escalated in January 2011, culminating in rioting that led to hundreds of deaths. On 14 January 2011, the same day BEN ALI dismissed the government, he fled the country, and by late January 2011, a \"national unity government\" was formed. Elections for the new Constituent Assembly were held in late October 2011, and in December, it elected human rights activist Moncef MARZOUKI as interim president. The Assembly began drafting a new constitution in February 2012 and, after several iterations and a months-long political crisis that stalled the transition, ratified the document in January 2014. Parliamentary and presidential elections for a permanent government were held at the end of 2014. Beji CAID ESSEBSI was elected as the first president under the country's new constitution."
    }
  },
  "Geography": {
    "Location": {
      "text": "Northern Africa, bordering the Mediterranean Sea, between Algeria and Libya"
    },
    "Geographic coordinates": {
      "text": "34 00 N, 9 00 E"
    },
    "Map references": {
      "text": "Africa"
    },
    "Area": {
      "total": {
        "text": "163,610 sq km"
      },
      "land": {
        "text": "155,360 sq km"
      },
      "water": {
        "text": "8,250 sq km"
      }
    },
    "Area - comparative": {
      "text": "slightly larger than Georgia"
    },
    "Land boundaries": {
      "total": {
        "text": "1,495 km"
      },
      "border countries": {
        "text": "Algeria 1,034 km, Libya 461 km"
      }
    },
    "Coastline": {
      "text": "1,148 km"
    },
    "Maritime claims": {
      "territorial sea": {
        "text": "12 nm"
      },
      "contiguous zone": {
        "text": "24 nm"
      },
      "exclusive economic zone": {
        "text": "12 nm"
      }
    },
    "Climate": {
      "text": "temperate in north with mild, rainy winters and hot, dry summers; desert in south"
    },
    "Terrain": {
      "text": "mountains in north; hot, dry central plain; semiarid south merges into the Sahara"
    },
    "Elevation": {
      "mean elevation": {
        "text": "246 m"
      },
      "elevation extremes": {
        "text": "lowest point: Shatt al Gharsah -17 m ++ highest point: Jebel ech Chambi 1,544 m"
      }
    },
    "Natural resources": {
      "text": "petroleum, phosphates, iron ore, lead, zinc, salt"
    },
    "Land use": {
      "agricultural land": {
        "text": "64.8% ++ arable land 18.3%; permanent crops 15.4%; permanent pasture 31.1%"
      },
      "forest": {
        "text": "6.6%"
      },
      "other": {
        "text": "28.6% (2011 est.)"
      }
    },
    "Irrigated land": {
      "text": "4,590 sq km (2012)"
    },
    "Natural hazards": {
      "text": "NA"
    },
    "Environment - current issues": {
      "text": "toxic and hazardous waste disposal is ineffective and poses health risks; water pollution from raw sewage; limited natural freshwater resources; deforestation; overgrazing; soil erosion; desertification"
    },
    "Environment - international agreements": {
      "party to": {
        "text": "Biodiversity, Climate Change, Climate Change-Kyoto Protocol, Desertification, Endangered Species, Environmental Modification, Hazardous Wastes, Law of the Sea, Marine Dumping, Ozone Layer Protection, Ship Pollution, Wetlands"
      },
      "signed, but not ratified": {
        "text": "Marine Life Conservation"
      }
    },
    "Geography - note": {
      "text": "strategic location in central Mediterranean; Malta and Tunisia are discussing the commercial exploitation of the continental shelf between their countries, particularly for oil exploration"
    }
  },
  "People and Society": {
    "Population": {
      "text": "11,134,588 (July 2016 est.)"
    },
    "Nationality": {
      "noun": {
        "text": "Tunisian(s)"
      },
      "adjective": {
        "text": "Tunisian"
      }
    },
    "Ethnic groups": {
      "text": "Arab 98%, European 1%, Jewish and other 1%"
    },
    "Languages": {
      "text": "Arabic (official, one of the languages of commerce), French (commerce), Berber (Tamazight)",
      "note": {
        "text": "despite having no official status, French plays a major role in the country and is spoken by about two-thirds of the population"
      }
    },
    "Religions": {
      "text": "Muslim (official; Sunni) 99.1%, other (includes Christian, Jewish, Shia Muslim, and Baha'i) 1%"
    },
    "Demographic profile": {
      "text": "The Tunisian Government took steps in the 1960s to decrease population growth and gender inequality in order to improve socioeconomic development. Through its introduction of a national family planning program (the first in Africa) and by raising the legal age of marriage, Tunisia rapidly reduced its total fertility rate from about 7 children per woman in 1960 to 2 today. Unlike many of its North African and Middle Eastern neighbors, Tunisia will soon be shifting from being a youth-bulge country to having a transitional age structure, characterized by lower fertility and mortality rates, a slower population growth rate, a rising median age, and a longer average life expectancy. Currently, the sizable young working-age population is straining Tunisia’s labor market and education and health care systems. Persistent high unemployment among Tunisia’s growing workforce, particularly its increasing number of university graduates and women, was a key factor in the uprisings that led to the overthrow of the BEN ALI regime in 2011. In the near term, Tunisia’s large number of jobless young, working-age adults; deficiencies in primary and secondary education; and the ongoing lack of job creation and skills mismatches could contribute to future unrest. In the longer term, a sustained low fertility rate will shrink future youth cohorts and alleviate demographic pressure on Tunisia’s labor market, but employment and education hurdles will still need to be addressed. Tunisia has a history of labor emigration. In the 1960s, workers migrated to European countries to escape poor economic conditions and to fill Europe’s need for low-skilled labor in construction and manufacturing. The Tunisian Government signed bilateral labor agreements with France, Germany, Belgium, Hungary, and the Netherlands, with the expectation that Tunisian workers would eventually return home. At the same time, growing numbers of Tunisians headed to Libya, often illegally, to work in the expanding oil industry. In the mid-1970s, with European countries beginning to restrict immigration and Tunisian-Libyan tensions brewing, Tunisian economic migrants turned toward the Gulf countries. After mass expulsions from Libya in 1983, Tunisian migrants increasingly sought family reunification in Europe or moved illegally to southern Europe, while Tunisia itself developed into a transit point for sub-Saharan migrants heading to Europe. Following the ousting of BEN ALI in 2011, the illegal migration of unemployed Tunisian youths to Italy and onward to France soared into the tens of thousands. Thousands more Tunisian and foreign workers escaping civil war in Libya flooded into Tunisia and joined the exodus. A readmission agreement signed by Italy and Tunisia in April 2011 helped stem the outflow, leaving Tunisia and international organizations to repatriate, resettle, or accommodate some 1 million Libyans and third-country nationals."
    },
    "Age structure": {
      "0-14 years": {
        "text": "23.02% (male 1,320,426/female 1,243,287)"
      },
      "15-24 years": {
        "text": "15.05% (male 840,907/female 834,320)"
      },
      "25-54 years": {
        "text": "44.52% (male 2,402,272/female 2,554,362)"
      },
      "55-64 years": {
        "text": "9.21% (male 520,305/female 505,612)"
      },
      "65 years and over": {
        "text": "8.2% (male 448,870/female 464,227) (2016 est.)"
      }
    },
    "Dependency ratios": {
      "total dependency ratio": {
        "text": "44.8%"
      },
      "youth dependency ratio": {
        "text": "33.8%"
      },
      "elderly dependency ratio": {
        "text": "11%"
      },
      "potential support ratio": {
        "text": "9.1% (2015 est.)"
      }
    },
    "Median age": {
      "total": {
        "text": "32.4 years"
      },
      "male": {
        "text": "31.9 years"
      },
      "female": {
        "text": "32.7 years (2016 est.)"
      }
    },
    "Population growth rate": {
      "text": "0.86% (2016 est.)"
    },
    "Birth rate": {
      "text": "16.4 births/1,000 population (2016 est.)"
    },
    "Death rate": {
      "text": "6 deaths/1,000 population (2016 est.)"
    },
    "Net migration rate": {
      "text": "-1.7 migrant(s)/1,000 population (2016 est.)"
    },
    "Urbanization": {
      "urban population": {
        "text": "66.8% of total population (2015)"
      },
      "rate of urbanization": {
        "text": "1.38% annual rate of change (2010-15 est.)"
      }
    },
    "Major urban areas - population": {
      "text": "TUNIS (capital) 1.993 million (2015)"
    },
    "Sex ratio": {
      "at birth": {
        "text": "1.07 male(s)/female"
      },
      "0-14 years": {
        "text": "1.06 male(s)/female"
      },
      "15-24 years": {
        "text": "1.01 male(s)/female"
      },
      "25-54 years": {
        "text": "0.94 male(s)/female"
      },
      "55-64 years": {
        "text": "1.03 male(s)/female"
      },
      "65 years and over": {
        "text": "0.97 male(s)/female"
      },
      "total population": {
        "text": "0.99 male(s)/female (2016 est.)"
      }
    },
    "Maternal mortality rate": {
      "text": "62 deaths/100,000 live births (2015 est.)"
    },
    "Infant mortality rate": {
      "total": {
        "text": "21.6 deaths/1,000 live births"
      },
      "male": {
        "text": "24.8 deaths/1,000 live births"
      },
      "female": {
        "text": "18.1 deaths/1,000 live births (2016 est.)"
      }
    },
    "Life expectancy at birth": {
      "total population": {
        "text": "76.1 years"
      },
      "male": {
        "text": "74 years"
      },
      "female": {
        "text": "78.4 years (2016 est.)"
      }
    },
    "Total fertility rate": {
      "text": "1.98 children born/woman (2016 est.)"
    },
    "Contraceptive prevalence rate": {
      "text": "62.5% (2011/12)"
    },
    "Health expenditures": {
      "text": "7% of GDP (2014)"
    },
    "Physicians density": {
      "text": "1.22 physicians/1,000 population (2010)"
    },
    "Hospital bed density": {
      "text": "2.1 beds/1,000 population (2012)"
    },
    "Drinking water source": {
      "improved": {
        "text": " ++ urban: 100% of population ++ rural: 93.2% of population ++ total: 97.7% of population"
      },
      "unimproved": {
        "text": " ++ urban: 0% of population ++ rural: 6.8% of population ++ total: 2.3% of population (2015 est.)"
      }
    },
    "Sanitation facility access": {
      "improved": {
        "text": " ++ urban: 97.4% of population ++ rural: 79.8% of population ++ total: 91.6% of population"
      },
      "unimproved": {
        "text": " ++ urban: 2.6% of population ++ rural: 20.2% of population ++ total: 8.4% of population (2015 est.)"
      }
    },
    "HIV/AIDS - adult prevalence rate": {
      "text": "0.04% (2015 est.)"
    },
    "HIV/AIDS - people living with HIV/AIDS": {
      "text": "2,600 (2015 est.)"
    },
    "HIV/AIDS - deaths": {
      "text": "100 (2015 est.)"
    },
    "Obesity - adult prevalence rate": {
      "text": "27.1% (2014)"
    },
    "Children under the age of 5 years underweight": {
      "text": "2.3% (2012)"
    },
    "Education expenditures": {
      "text": "6.2% of GDP (2012)"
    },
    "Literacy": {
      "definition": {
        "text": "age 15 and over can read and write"
      },
      "total population": {
        "text": "81.8%"
      },
      "male": {
        "text": "89.6%"
      },
      "female": {
        "text": "74.2% (2015 est.)"
      }
    },
    "School life expectancy (primary to tertiary education)": {
      "total": {
        "text": "15 years"
      },
      "male": {
        "text": "NA"
      },
      "female": {
        "text": "NA (2014)"
      }
    },
    "Unemployment, youth ages 15-24": {
      "total": {
        "text": "37.6%"
      },
      "male": {
        "text": "35.7%"
      },
      "female": {
        "text": "41.8% (2012 est.)"
      }
    }
  },
  "Government": {
    "Country name": {
      "conventional long form": {
        "text": "Republic of Tunisia"
      },
      "conventional short form": {
        "text": "Tunisia"
      },
      "local long form": {
        "text": "Al Jumhuriyah at Tunisiyah"
      },
      "local short form": {
        "text": "Tunis"
      },
      "note": {
        "text": "the country name derives from the capital city of Tunis"
      }
    },
    "Government type": {
      "text": "parliamentary republic"
    },
    "Capital": {
      "name": {
        "text": "Tunis"
      },
      "geographic coordinates": {
        "text": "36 48 N, 10 11 E"
      },
      "time difference": {
        "text": "UTC+1 (6 hours ahead of Washington, DC, during Standard Time)"
      }
    },
    "Administrative divisions": {
      "text": "24 governorates (wilayat, singular - wilayah); Beja (Bajah), Ben Arous (Bin 'Arus), Bizerte (Banzart), Gabes (Qabis), Gafsa (Qafsah), Jendouba (Jundubah), Kairouan (Al Qayrawan), Kasserine (Al Qasrayn), Kebili (Qibili), Kef (Al Kaf), L'Ariana (Aryanah), Mahdia (Al Mahdiyah), Manouba (Manubah), Medenine (Madanin), Monastir (Al Munastir), Nabeul (Nabul), Sfax (Safaqis), Sidi Bouzid (Sidi Bu Zayd), Siliana (Silyanah), Sousse (Susah), Tataouine (Tatawin), Tozeur (Tawzar), Tunis, Zaghouan (Zaghwan)"
    },
    "Independence": {
      "text": "20 March 1956 (from France)"
    },
    "National holiday": {
      "text": "Independence Day, 20 March (1956); Revolution and Youth Day, 14 January (2011)"
    },
    "Constitution": {
      "text": "several previous; latest approved by Constituent Assembly 26 January 2014, signed by president on 27 January 2014 (2016)"
    },
    "Legal system": {
      "text": "mixed legal system of civil law, based on the French civil code, and Islamic law; some judicial review of legislative acts in the Supreme Court in joint session"
    },
    "International law organization participation": {
      "text": "has not submitted an ICJ jurisdiction declaration; accepts ICCt jurisdiction"
    },
    "Citizenship": {
      "citizenship by birth": {
        "text": "no"
      },
      "citizenship by descent only": {
        "text": "at least one parent must be a citizen of Tunisia"
      },
      "dual citizenship recognized": {
        "text": "yes"
      },
      "residency requirement for naturalization": {
        "text": "5 years"
      }
    },
    "Suffrage": {
      "text": "18 years of age; universal except for active government security forces (including the police and the military), people with mental disabilities, people who have served more than three months in prison (criminal cases only), and people given a suspended sentence of more than six months"
    },
    "Executive branch": {
      "chief of state": {
        "text": "President Beji CAID ESSEBSI (since 31 December 2014)"
      },
      "head of government": {
        "text": "Prime Minister Youssef CHAHED (since 27 August 2016)"
      },
      "cabinet": {
        "text": "selected by the prime minister and approved by the Constituent Assembly"
      },
      "elections/appointments": {
        "text": "president directly elected by absolute majority popular vote in 2 rounds if needed for a 5-year term (eligible for a second term); election last held on 23 November and 21 December 2014 (next to be held in 2019); following legislative elections, the prime minister is selected by the majority party or majority coalition and appointed by the president"
      },
      "election results": {
        "text": "Beji CAID ESSEBSI elected president; percent of vote in runoff - Beji CAID ESSEBSI (Tunisia's Call) 55.7%, Moncef MARZOUKI (CPR) 44.3%"
      }
    },
    "Legislative branch": {
      "description": {
        "text": "unicameral Chamber of the People's Deputies (217 seats; members directly elected in multi-seat constituencies by proportional representation vote; members serve 5-year terms)"
      },
      "elections": {
        "text": "initial election held on 26 October 2014 (next to be held in 2019)"
      },
      "election results": {
        "text": "percent of vote by party - Tunisia's Call 39.6%, al-Nahda 31.8%, UPL 7.4%, Popular Front 6.9%, Afek Tounes 3.7%, CPR 1.8%, other 8.8%; seats by party - Tunisia's Call 86, al-Nahda 69, UPL 16, Popular Front 15, Afek Tounes 8, CPR 4, other 17, independent 2"
      }
    },
    "Judicial branch": {
      "highest court(s)": {
        "text": "Court of Cassation or Cour de Cassation (organized into 1 civil and 3 criminal chambers); Constitutional Court (consists of 12 members)"
      },
      "note": {
        "text": "the new Tunisian constitution of January 2014 called for the creation of a constitutional court by the end of 2015; the court will consist of 12 members - 4 each appointed by the president, Supreme Judicial Council or SJC (an independent 4-part body consisting mainly of elected judges and the remainder legal specialists), and the Chamber of the People's Deputies (parliament); members will serve 9-year terms with one-third of the membership renewed every 3 years; in late 2015, the International Commission of Jurists called on Tunisia's parliament to revise the draft on the constitutional court to ensure compliance with international standards"
      },
      "judge selection and term of office": {
        "text": "Supreme Court judges nominated by the Supreme Judicial Council (SJC), a body of elected and appointed judges and specialized staff, after consultation with the prime minister; judge tenure based on terms of appointment; Constitutional Court members appointed 3 each by the president of the republic, the Chamber of the People's Deputies, and the SJC; members serve  9-year terms with one-third of the membership renewed every 3 years"
      },
      "subordinate courts": {
        "text": "Courts of Appeal; administrative courts; Court of Audit; Housing Court; courts of first instance; lower district courts; military courts"
      }
    },
    "Political parties and leaders": {
      "text": "Afek Tounes [Yassine BRAHIM] ++ Congress for the Republic or CPR [Imed DAIMI] ++ Current of Love [Mohamed HAMDI] (formerly the Popular Petition party) ++ Democratic Alliance Party [Mohamed HAMDI] ++ Democratic Current [Mohamed ABBOU] ++ Democratic Patriots' Unified Party ++ Ennahda Movement (The Renaissance) [Rachid GHANNOUCHI] ++ Free Patriotic Union or UPL (Union patriotique libre) [Slim RIAHI] ++ Green Tunisia Party [Abdelkader ZITOUNI] ++ Movement of Socialist Democrats or MDS [Ahmed KHASKHOUSSI] ++ National Destourian Initiative or El Moubadra [Kamel MORJANE] ++ Party of the Democratic Arab Vanguard ++ People's Movement [Zouheir MAGHZAOUI] ++ Popular Front (a coalition of 9 parties including Democractic Patriots' Unified Party, Workers' Party, Green Tunisia, Tunisian Ba'ath Movement, and Party of the Democractic Arab Vanguard) ++ Popular Petition (Aridha Chaabia) [Hachemi HAMDI] ++ Republican Party [Maya JRIBI] ++ The Initiative [Kamel MORJANE] (formerly the Constitutional Democratic Rally or RCD) ++ Tunisian Ba'ath Movement [Omar Othman BEKHADJ, secretary general] ++ Tunisia's Call (Nidaa Tounes) [Mohamed ENNACEUR] ++ Workers' Party [Hamma HAMMAMI]"
    },
    "Political pressure groups and leaders": {
      "text": "18 October Group [collective leadership] ++ Tunisian League for Human Rights or LTDH [Mokhtar TRIFI] ++ Tunisian General Labor Union or UGTT [Hassine ABASSI]"
    },
    "International organization participation": {
      "text": "ABEDA, AfDB, AFESD, AMF, AMU, AU, BSEC (observer), CAEU, CD, EBRD, FAO, G-11, G-77, IAEA, IBRD, ICAO, ICC (national committees), ICCt, ICRM, IDA, IDB, IFAD, IFC, IFRCS, IHO, ILO, IMF, IMO, IMSO, Interpol, IOC, IOM, IPU, ISO, ITSO, ITU, ITUC (NGOs), LAS, MIGA, MONUSCO, NAM, OAS (observer), OIC, OIF, OPCW, OSCE (partner), UN, UNCTAD, UNESCO, UNHCR, UNIDO, UNOCI, UNWTO, UPU, WCO, WFTU (NGOs), WHO, WIPO, WMO, WTO"
    },
    "Diplomatic representation in the US": {
      "chief of mission": {
        "text": "Ambassador Faycal GOUIA (since 18 May 2015)"
      },
      "chancery": {
        "text": "1515 Massachusetts Avenue NW, Washington, DC 20005"
      },
      "telephone": {
        "text": "[1] (202) 862-1850"
      },
      "FAX": {
        "text": "[1] (202) 862-1858"
      }
    },
    "Diplomatic representation from the US": {
      "chief of mission": {
        "text": "Ambassador Daniel H. RUBENSTEIN (Since 22 October 2015)"
      },
      "embassy": {
        "text": "Zone Nord-Est des Berges du Lac Nord de Tunis 1053"
      },
      "mailing address": {
        "text": "Zone Nord-Est des Berges du Lac Nord de Tunis 1053"
      },
      "telephone": {
        "text": "[216] 71 107-000"
      },
      "FAX": {
        "text": "[216] 71 963-263"
      }
    },
    "Flag description": {
      "text": "red with a white disk in the center bearing a red crescent nearly encircling a red five-pointed star; resembles the Ottoman flag (red banner with white crescent and star) and recalls Tunisia's history as part of the Ottoman Empire; red represents the blood shed by martyrs in the struggle against oppression, white stands for peace; the crescent and star are traditional symbols of Islam",
      "note": {
        "text": "the flag is based on that of Turkey, itself a successor state to the Ottoman Empire"
      }
    },
    "National symbol(s)": {
      "text": "encircled red star and crescent; national colors: red, white"
    },
    "National anthem": {
      "name": {
        "text": "\"Humat Al Hima\" (Defenders of the Homeland)"
      },
      "lyrics/music": {
        "text": "Mustafa Sadik AL-RAFII and Aboul-Qacem ECHEBBI/Mohamad Abdel WAHAB"
      },
      "note": {
        "text": "adopted 1957, replaced 1958, restored 1987; Mohamad Abdel WAHAB also composed the music for the anthem of the United Arab Emirates"
      }
    }
  },
  "Economy": {
    "Economy - overview": {
      "text": "Tunisia's diverse, market-oriented economy has long been cited as a success story in Africa and the Middle East, but it faces an array of challenges following the 2011 Arab Spring revolution. Following an ill-fated experiment with socialist economic policies in the 1960s, Tunisia embarked on a successful strategy focused on bolstering exports, foreign investment, and tourism, all of which have become central to the country's economy. Key exports now include textiles and apparel, food products, petroleum products, chemicals, and phosphates, with about 80% of exports bound for Tunisia's main economic partner, the EU. ++  ++ Tunisia's liberal strategy, coupled with investments in education and infrastructure, fueled decades of 4-5% annual GDP growth and improving living standards. Former President Zine el Abidine BEN ALI (1987-2011) continued these policies, but as his reign wore on cronyism and corruption stymied economic performance, and unemployment rose among the country's growing ranks of university graduates. These grievances contributed to the January 2011 overthrow of BEN ALI, sending Tunisia's economy into a tailspin as tourism and investment declined sharply. ++  ++ Since its establishment in late 2014, Tunisia’s new government has faced challenges reassuring businesses and investors, bringing budget and current account deficits under control, shoring up the country's financial system, lowering high unemployment, and reducing economic disparities between the more developed coastal region and the impoverished interior. In 2015, successive terrorist attacks against the tourism sector and worker strikes in the phosphate sector, which combined account for nearly 15% of GDP, slowed growth to less than 1% of GDP."
    },
    "GDP (purchasing power parity)": {
      "text": "$127 billion (2015 est.) ++ $126 billion (2014 est.) ++ $123.2 billion (2013 est.)",
      "note": {
        "text": "data are in 2015 US dollars"
      }
    },
    "GDP (official exchange rate)": {
      "text": "$43.58 billion (2015 est.)"
    },
    "GDP - real growth rate": {
      "text": "0.8% (2015 est.) ++ 2.3% (2014 est.) ++ 2.4% (2013 est.)"
    },
    "GDP - per capita (PPP)": {
      "text": "$11,400 (2015 est.) ++ $11,500 (2014 est.) ++ $11,300 (2013 est.)",
      "note": {
        "text": "data are in 2015 US dollars"
      }
    },
    "Gross national saving": {
      "text": "21.2% of GDP (2015 est.) ++ 24.1% of GDP (2014 est.) ++ 24.2% of GDP (2013 est.)"
    },
    "GDP - composition, by end use": {
      "household consumption": {
        "text": "71.2%"
      },
      "government consumption": {
        "text": "19.4%"
      },
      "investment in fixed capital": {
        "text": "19.7%"
      },
      "investment in inventories": {
        "text": "0.6%"
      },
      "exports of goods and services": {
        "text": "39.9%"
      },
      "imports of goods and services": {
        "text": "-50.8% (2015 est.)"
      }
    },
    "GDP - composition, by sector of origin": {
      "agriculture": {
        "text": "10.4%"
      },
      "industry": {
        "text": "28.2%"
      },
      "services": {
        "text": "61.4% (2015 est.)"
      }
    },
    "Agriculture - products": {
      "text": "olives, olive oil, grain, tomatoes, citrus fruit, sugar beets, dates, almonds; beef, dairy products"
    },
    "Industries": {
      "text": "petroleum, mining (particularly phosphate, iron ore), tourism, textiles, footwear, agribusiness, beverages"
    },
    "Industrial production growth rate": {
      "text": "-1.5% (2015 est.)"
    },
    "Labor force": {
      "text": "4.014 million (2015 est.)"
    },
    "Labor force - by occupation": {
      "agriculture": {
        "text": "14.8%"
      },
      "industry": {
        "text": "33.2%"
      },
      "services": {
        "text": "51.7% (2014 est.)"
      }
    },
    "Unemployment rate": {
      "text": "15.2% (2015 est.) ++ 15% (2014 est.)"
    },
    "Population below poverty line": {
      "text": "15.5% (2010 est.)"
    },
    "Household income or consumption by percentage share": {
      "lowest 10%": {
        "text": "2.6%"
      },
      "highest 10%": {
        "text": "27% (2010 est.)"
      }
    },
    "Distribution of family income - Gini index": {
      "text": "40 (2005 est.) ++ 41.7 (1995 est.)"
    },
    "Budget": {
      "revenues": {
        "text": "$10.28 billion"
      },
      "expenditures": {
        "text": "$12.18 billion (2015 est.)"
      }
    },
    "Taxes and other revenues": {
      "text": "23.6% of GDP (2015 est.)"
    },
    "Budget surplus (+) or deficit (-)": {
      "text": "-4.4% of GDP (2015 est.)"
    },
    "Public debt": {
      "text": "54.6% of GDP (2015 est.) ++ 50.8% of GDP (2014 est.)"
    },
    "Fiscal year": {
      "text": "calendar year"
    },
    "Inflation rate (consumer prices)": {
      "text": "4.9% (2015 est.) ++ 4.9% (2014 est.)"
    },
    "Central bank discount rate": {
      "text": "5.75% (31 December 2010)"
    },
    "Commercial bank prime lending rate": {
      "text": "7.31% (31 December 2014 est.) ++ 6.76% (31 December 2013 est.)"
    },
    "Stock of narrow money": {
      "text": "$12.61 billion (31 December 2015 est.) ++ $12.68 billion (31 December 2014 est.)"
    },
    "Stock of broad money": {
      "text": "$31.32 billion (31 December 2014 est.) ++ $30.9 billion (31 December 2013 est.)"
    },
    "Stock of domestic credit": {
      "text": "$35.73 billion (31 December 2015 est.) ++ $35.82 billion (31 December 2014 est.)"
    },
    "Market value of publicly traded shares": {
      "text": "$8.887 billion (31 December 2012 est.) ++ $9.662 billion (31 December 2011 est.) ++ $10.68 billion (31 December 2010 est.)"
    },
    "Current account balance": {
      "text": "-$3.875 billion (2015 est.) ++ -$4.341 billion (2014 est.)"
    },
    "Exports": {
      "text": "$14.07 billion (2015 est.) ++ $16.84 billion (2014 est.)"
    },
    "Exports - commodities": {
      "text": "clothing, semi-finished goods and textiles, agricultural products, mechanical goods, phosphates and chemicals, hydrocarbons, electrical equipment"
    },
    "Exports - partners": {
      "text": "France 28.5%, Italy 17.2%, Germany 10.9%, Libya 6.1%, Spain 4.2% (2015)"
    },
    "Imports": {
      "text": "$19.1 billion (2015 est.) ++ $23.4 billion (2014 est.)"
    },
    "Imports - commodities": {
      "text": "textiles, machinery and equipment, hydrocarbons, chemicals, foodstuffs"
    },
    "Imports - partners": {
      "text": "France 19.4%, Italy 16.4%, Algeria 8.2%, Germany 7.4%, China 6% (2015)"
    },
    "Reserves of foreign exchange and gold": {
      "text": "$7.059 billion (31 December 2015 est.) ++ $7.395 billion (31 December 2014 est.)"
    },
    "Debt - external": {
      "text": "$25.45 billion (31 December 2015 est.) ++ $26.4 billion (31 December 2014 est.)"
    },
    "Stock of direct foreign investment - at home": {
      "text": "$36.39 billion (31 December 2015 est.) ++ $35.46 billion (31 December 2014 est.)"
    },
    "Stock of direct foreign investment - abroad": {
      "text": "$285 million (31 December 2015 est.) ++ $285 million (31 December 2014 est.)"
    },
    "Exchange rates": {
      "text": "Tunisian dinars (TND) per US dollar - ++ 1.9617 (2015 est.) ++ 1.6976 (2014 est.) ++ 1.6976 (2013 est.) ++ 1.56 (2012 est.) ++ 1.4078 (2011 est.)"
    }
  },
  "Energy": {
    "Electricity access": {
      "electrification - total population": {
        "text": "100% (2016)"
      }
    },
    "Electricity - production": {
      "text": "18 billion kWh (2014 est.)"
    },
    "Electricity - consumption": {
      "text": "15 billion kWh (2014 est.)"
    },
    "Electricity - exports": {
      "text": "600 million kWh (2014 est.)"
    },
    "Electricity - imports": {
      "text": "500 million kWh (2014 est.)"
    },
    "Electricity - installed generating capacity": {
      "text": "4.6 million kW (2014 est.)"
    },
    "Electricity - from fossil fuels": {
      "text": "95.9% of total installed capacity (2012 est.)"
    },
    "Electricity - from nuclear fuels": {
      "text": "0% of total installed capacity (2012 est.)"
    },
    "Electricity - from hydroelectric plants": {
      "text": "1.6% of total installed capacity (2012 est.)"
    },
    "Electricity - from other renewable sources": {
      "text": "2.6% of total installed capacity (2012 est.)"
    },
    "Crude oil - production": {
      "text": "47,100 bbl/day (2015 est.)"
    },
    "Crude oil - exports": {
      "text": "48,530 bbl/day (2013 est.)"
    },
    "Crude oil - imports": {
      "text": "22,920 bbl/day (2013 est.)"
    },
    "Crude oil - proved reserves": {
      "text": "400 million bbl (1 January 2016 es)"
    },
    "Refined petroleum products - production": {
      "text": "35,530 bbl/day (2013 est.)"
    },
    "Refined petroleum products - consumption": {
      "text": "89,000 bbl/day (2014 est.)"
    },
    "Refined petroleum products - exports": {
      "text": "17,650 bbl/day (2013 est.)"
    },
    "Refined petroleum products - imports": {
      "text": "64,620 bbl/day (2013 est.)"
    },
    "Natural gas - production": {
      "text": "1.661 billion cu m (2014 est.)"
    },
    "Natural gas - consumption": {
      "text": "4.52 billion cu m (2014 est.)"
    },
    "Natural gas - exports": {
      "text": "0 cu m (2013 est.)"
    },
    "Natural gas - imports": {
      "text": "2.86 billion cu m (2014 est.)"
    },
    "Natural gas - proved reserves": {
      "text": "65.13 billion cu m (1 January 2016 es)"
    },
    "Carbon dioxide emissions from consumption of energy": {
      "text": "21 million Mt (2013 est.)"
    }
  },
  "Communications": {
    "Telephones - fixed lines": {
      "total subscriptions": {
        "text": "943,508"
      },
      "subscriptions per 100 inhabitants": {
        "text": "9 (July 2015 est.)"
      }
    },
    "Telephones - mobile cellular": {
      "total": {
        "text": "14.598 million"
      },
      "subscriptions per 100 inhabitants": {
        "text": "132 (July 2015 est.)"
      }
    },
    "Telephone system": {
      "general assessment": {
        "text": "above the African average and continuing to be upgraded; key centers are Sfax, Sousse, Bizerte, and Tunis; telephone network is completely digitized; Internet access available throughout the country"
      },
      "domestic": {
        "text": "in an effort to jumpstart expansion of the fixed-line network, the government awarded a concession to build and operate a VSAT network with international connectivity; rural areas are served by wireless local loops; competition between several mobile-cellular service providers has resulted in lower activation and usage charges and a strong surge in subscribership; overall fixed-line and mobile-cellular teledensity has reached about 140 telephones per 100 persons"
      },
      "international": {
        "text": "country code - 216; a landing point for the SEA-ME-WE-4 submarine cable system that provides links to Europe, Middle East, and Asia; satellite earth stations - 1 Intelsat (Atlantic Ocean) and 1 Arabsat; coaxial cable and microwave radio relay to Algeria and Libya; participant in Medarabtel; 2 international gateway digital switches (2015)"
      }
    },
    "Broadcast media": {
      "text": "broadcast media is mainly government-controlled; the state-run Tunisian Radio and Television Establishment (ERTT) operates 2 national TV networks, several national radio networks, and a number of regional radio stations; 1 TV and 3 radio stations are privately owned and report domestic news stories directly from the official Tunisian news agency; the state retains control of broadcast facilities and transmitters through L'Office National de la Telediffusion; Tunisians also have access to Egyptian, pan-Arab, and European satellite TV channels (2007)"
    },
    "Internet country code": {
      "text": ".tn"
    },
    "Internet users": {
      "total": {
        "text": "5.355 million"
      },
      "percent of population": {
        "text": "48.5% (July 2015 est.)"
      }
    }
  },
  "Transportation": {
    "National air transport system": {
      "number of registered air carriers": {
        "text": "3"
      },
      "inventory of registered aircraft operated by air carriers": {
        "text": "41"
      },
      "annual passenger traffic on registered air carriers": {
        "text": "3,496,190"
      },
      "annual freight traffic on registered air carriers": {
        "text": "10,354,241 mt-km (2015)"
      }
    },
    "Civil aircraft registration country code prefix": {
      "text": "TS (2016)"
    },
    "Airports": {
      "text": "29 (2013)"
    },
    "Airports - with paved runways": {
      "total": {
        "text": "15"
      },
      "over 3,047 m": {
        "text": "4"
      },
      "2,438 to 3,047 m": {
        "text": "6"
      },
      "1,524 to 2,437 m": {
        "text": "2"
      },
      "914 to 1,523 m": {
        "text": "3 (2013)"
      }
    },
    "Airports - with unpaved runways": {
      "total": {
        "text": "14"
      },
      "1,524 to 2,437 m": {
        "text": "1"
      },
      "914 to 1,523 m": {
        "text": "5"
      },
      "under 914 m": {
        "text": "8 (2013)"
      }
    },
    "Pipelines": {
      "text": "condensate 68 km; gas 3,111 km; oil 1,381 km; refined products 453 km (2013)"
    },
    "Railways": {
      "total": {
        "text": "2,173 km (1,991 in use)"
      },
      "standard gauge": {
        "text": "471 km 1.435-m gauge"
      },
      "dual gauge": {
        "text": "8 km 1.435-1.000-m gauge"
      },
      "narrow gauge": {
        "text": "1,694 km 1.000-m gauge (65 km electrified) (2014)"
      }
    },
    "Roadways": {
      "total": {
        "text": "19,418 km"
      },
      "paved": {
        "text": "14,756 km (includes 357 km of expressways)"
      },
      "unpaved": {
        "text": "4,662 km (2010)"
      }
    },
    "Merchant marine": {
      "total": {
        "text": "9"
      },
      "by type": {
        "text": "bulk carrier 1, cargo 2, passenger/cargo 4, roll on/roll off 2 (2010)"
      }
    },
    "Ports and terminals": {
      "major seaport(s)": {
        "text": "Bizerte, Gabes, Rades, Sfax, Skhira"
      }
    }
  },
  "Military and Security": {
    "Military branches": {
      "text": "Tunisian Armed Forces (Forces Armees Tunisiens, FAT): Tunisian Army (includes Tunisian Air Defense Force), Tunisian Navy, Republic of Tunisia Air Force (Al-Quwwat al-Jawwiya al-Jamahiriyah At'Tunisia) (2012)"
    },
    "Military service age and obligation": {
      "text": "20-23 years of age for compulsory service, 1-year service obligation; 18-23 years of age for voluntary service; Tunisian nationality required (2012)"
    },
    "Military expenditures": {
      "text": "1.55% of GDP (2012) ++ 1.34% of GDP (2011) ++ 1.55% of GDP (2010)"
    }
  },
  "Transnational Issues": {
    "Disputes - international": {
      "text": "none"
    },
    "Trafficking in persons": {
      "current situation": {
        "text": "Tunisia is a source, destination, and possible transit country for men, women, and children subjected to forced labor and sex trafficking; Tunisia’s increased number of street children, rural children working to support their families, and migrants who have fled unrest in neighboring countries are vulnerable to human trafficking; organized gangs force street children to serve as thieves, beggars, and drug transporters; Tunisian women have been forced into prostitution domestically and elsewhere in the region under false promises of legitimate work; East and West African women may be subjected to forced labor as domestic workers"
      },
      "tier rating": {
        "text": "Tier 2 Watch List – Tunisia does not fully comply with the minimum standards for the elimination of trafficking; however, it is making significant efforts to do so; in 2014, Tunisia was granted a waiver from an otherwise required downgrade to Tier 3 because its government has a written plan that, if implemented would constitute making significant efforts to bring itself into compliance with the minimum standards for the elimination of trafficking; in early 2015, the government drafted a national anti-trafficking action plan outlining proposals to raise awareness and enact draft anti-trafficking legislation; authorities did not provide data on the prosecution and conviction of offenders but reportedly identified 24 victims, as opposed to none in 2013, and operated facilities specifically dedicated to trafficking victims, regardless of nationality and gender; the government did not fully implement its national victim referral mechanism; some unidentified victims were not protected from punishment for unlawful acts directly resulting from being trafficked (2015)"
      }
    }
  }
}