{
  "Introduction": {
    "Background": {
      "text": "The UK annexed Southern Rhodesia from the former British South Africa Company in 1923. A 1961 constitution was formulated that favored whites in power. In 1965 the government unilaterally declared its independence, but the UK did not recognize the act and demanded more complete voting rights for the black African majority in the country (then called Rhodesia). UN sanctions and a guerrilla uprising finally led to free elections in 1979 and independence (as Zimbabwe) in 1980. Robert MUGABE, the nation's first prime minister, has been the country's only ruler (as president since 1987) and has dominated the country's political system since independence. His chaotic land redistribution campaign, which began in 1997 and intensified after 2000, caused an exodus of white farmers, crippled the economy, and ushered in widespread shortages of basic commodities. Ignoring international condemnation, MUGABE rigged the 2002 presidential election to ensure his reelection. ++ In April 2005, the capital city of Harare embarked on Operation Restore Order, ostensibly an urban rationalization program, which resulted in the destruction of the homes or businesses of 700,000 mostly poor supporters of the opposition. MUGABE in June 2007 instituted price controls on all basic commodities causing panic buying and leaving store shelves empty for months. General elections held in March 2008 contained irregularities but still amounted to a censure of the ZANU-PF-led government with the opposition winning a majority of seats in parliament. Movement for Democratic Change - Tsvangirai opposition leader Morgan TSVANGIRAI won the most votes in the presidential poll, but not enough to win outright. In the lead up to a run-off election in June 2008, considerable violence against opposition party members led to the withdrawal of TSVANGIRAI from the ballot. Extensive evidence of violence and intimidation resulted in international condemnation of the process. Difficult negotiations over a power-sharing \"government of national unity,\" in which MUGABE remained president and TSVANGIRAI became prime minister, were finally settled in February 2009, although the leaders failed to agree upon many key outstanding governmental issues. MUGABE was reelected president in June 2013 in balloting that was severely flawed and internationally condemned. As a prerequisite to holding the election, Zimbabwe enacted a new constitution by referendum, although many provisions in the new constitution have yet to be codified in law."
    }
  },
  "Geography": {
    "Location": {
      "text": "Southern Africa, between South Africa and Zambia"
    },
    "Geographic coordinates": {
      "text": "20 00 S, 30 00 E"
    },
    "Map references": {
      "text": "Africa"
    },
    "Area": {
      "total": {
        "text": "390,757 sq km"
      },
      "land": {
        "text": "386,847 sq km"
      },
      "water": {
        "text": "3,910 sq km"
      }
    },
    "Area - comparative": {
      "text": "slightly larger than Montana"
    },
    "Land boundaries": {
      "total": {
        "text": "3,229 km"
      },
      "border countries": {
        "text": "Botswana 834 km, Mozambique 1,402 km, South Africa 230 km, Zambia 763 km"
      }
    },
    "Coastline": {
      "text": "0 km (landlocked)"
    },
    "Maritime claims": {
      "text": "none (landlocked)"
    },
    "Climate": {
      "text": "tropical; moderated by altitude; rainy season (November to March)"
    },
    "Terrain": {
      "text": "mostly high plateau with higher central plateau (high veld); mountains in east"
    },
    "Elevation": {
      "mean elevation": {
        "text": "961 m"
      },
      "elevation extremes": {
        "text": "lowest point: junction of the Runde and Save Rivers 162 m ++ highest point: Inyangani 2,592 m"
      }
    },
    "Natural resources": {
      "text": "coal, chromium ore, asbestos, gold, nickel, copper, iron ore, vanadium, lithium, tin, platinum group metals"
    },
    "Land use": {
      "agricultural land": {
        "text": "42.5% ++ arable land 10.9%; permanent crops 0.3%; permanent pasture 31.3%"
      },
      "forest": {
        "text": "39.5%"
      },
      "other": {
        "text": "18% (2011 est.)"
      }
    },
    "Irrigated land": {
      "text": "1,740 sq km (2012)"
    },
    "Natural hazards": {
      "text": "recurring droughts; floods and severe storms are rare"
    },
    "Environment - current issues": {
      "text": "deforestation; soil erosion; land degradation; air and water pollution; the black rhinoceros herd - once the largest concentration of the species in the world - has been significantly reduced by poaching; poor mining practices have led to toxic waste and heavy metal pollution"
    },
    "Environment - international agreements": {
      "party to": {
        "text": "Biodiversity, Climate Change, Desertification, Endangered Species, Law of the Sea, Ozone Layer Protection"
      },
      "signed, but not ratified": {
        "text": "none of the selected agreements"
      }
    },
    "Geography - note": {
      "text": "landlocked; the Zambezi forms a natural riverine boundary with Zambia; in full flood (February-April) the massive Victoria Falls on the river forms the world's largest curtain of falling water; Lake Kariba on the Zambia-Zimbabwe border forms the world's largest reservoir by volume (180 cu km; 43 cu mi)"
    }
  },
  "People and Society": {
    "Population": {
      "text": "14,546,961",
      "note": {
        "text": "estimates for this country explicitly take into account the effects of excess mortality due to AIDS; this can result in lower life expectancy, higher infant mortality, higher death rates, lower population growth rates, and changes in the distribution of population by age and sex than would otherwise be expected (July 2016 est.)"
      }
    },
    "Nationality": {
      "noun": {
        "text": "Zimbabwean(s)"
      },
      "adjective": {
        "text": "Zimbabwean"
      }
    },
    "Ethnic groups": {
      "text": "African 99.4% (predominantly Shona; Ndebele is the second largest ethnic group), other 0.4%, unspecified 0.2% (2012 est.)"
    },
    "Languages": {
      "text": "Shona (official; most widely spoken), Ndebele (official, second most widely spoken), English (official; traditionally used for official business), 13 minority languages (official; includes Chewa, Chibarwe, Kalanga, Koisan, Nambya, Ndau, Shangani, sign language, Sotho, Tonga, Tswana, Venda, and Xhosa)"
    },
    "Religions": {
      "text": "Protestant 75.9% (includes Apostolic 38%, Pentecostal 21.1%, other 16.8%), Roman Catholic 8.4%, other Christian 8.4%, other 1.2% (includes traditional, Muslim), none 6.1% (2011 est.)"
    },
    "Demographic profile": {
      "text": "Zimbabwe’s progress in reproductive, maternal, and child health has stagnated in recent years. According to a 2010 Demographic and Health Survey, contraceptive use, the number of births attended by skilled practitioners, and child mortality have either stalled or somewhat deteriorated since the mid-2000s. Zimbabwe’s total fertility rate has remained fairly stable at about 4 children per woman for the last two decades, although an uptick in the urban birth rate in recent years has caused a slight rise in the country’s overall fertility rate. Zimbabwe’s HIV prevalence rate dropped from approximately 29% to 15% since 1997 but remains among the world’s highest and continues to suppress the country’s life expectancy rate. The proliferation of HIV/AIDS information and prevention programs and personal experience with those suffering or dying from the disease have helped to change sexual behavior and reduce the epidemic. Historically, the vast majority of Zimbabwe’s migration has been internal – a rural-urban flow. In terms of international migration, over the last 40 years Zimbabwe has gradually shifted from being a destination country to one of emigration and, to a lesser degree, one of transit (for East African illegal migrants traveling to South Africa). As a British colony, Zimbabwe attracted significant numbers of permanent immigrants from the UK and other European countries, as well as temporary economic migrants from Malawi, Mozambique, and Zambia. Although Zimbabweans have migrated to South Africa since the beginning of the 20th century to work as miners, the first major exodus from the country occurred in the years before and after independence in 1980. The outward migration was politically and racially influenced; a large share of the white population of European origin chose to leave rather than live under a new black-majority government. In the 1990s and 2000s, economic mismanagement and hyperinflation sparked a second, more diverse wave of emigration. This massive out migration – primarily to other southern African countries, the UK, and the US – has created a variety of challenges, including brain drain, illegal migration, and human smuggling and trafficking. Several factors have pushed highly skilled workers to go abroad, including unemployment, lower wages, a lack of resources, and few opportunities for career growth."
    },
    "Age structure": {
      "0-14 years": {
        "text": "37.8% (male 2,778,806/female 2,720,033)"
      },
      "15-24 years": {
        "text": "21.29% (male 1,560,833/female 1,536,110)"
      },
      "25-54 years": {
        "text": "33.86% (male 2,578,142/female 2,346,993)"
      },
      "55-64 years": {
        "text": "3.55% (male 188,851/female 327,483)"
      },
      "65 years and over": {
        "text": "3.5% (male 194,933/female 314,777) (2016 est.)"
      }
    },
    "Dependency ratios": {
      "total dependency ratio": {
        "text": "80.4%"
      },
      "youth dependency ratio": {
        "text": "75%"
      },
      "elderly dependency ratio": {
        "text": "5.3%"
      },
      "potential support ratio": {
        "text": "18.7% (2015 est.)"
      }
    },
    "Median age": {
      "total": {
        "text": "20.6 years"
      },
      "male": {
        "text": "20.5 years"
      },
      "female": {
        "text": "20.8 years (2016 est.)"
      }
    },
    "Population growth rate": {
      "text": "2.2% (2016 est.)"
    },
    "Birth rate": {
      "text": "31.9 births/1,000 population (2016 est.)"
    },
    "Death rate": {
      "text": "9.9 deaths/1,000 population (2016 est.)"
    },
    "Net migration rate": {
      "text": "0 migrant(s)/1,000 population (2016 est.)"
    },
    "Urbanization": {
      "urban population": {
        "text": "32.4% of total population (2015)"
      },
      "rate of urbanization": {
        "text": "2.3% annual rate of change (2010-15 est.)"
      }
    },
    "Major urban areas - population": {
      "text": "HARARE (capital) 1.501 million (2015)"
    },
    "Sex ratio": {
      "at birth": {
        "text": "1.03 male(s)/female"
      },
      "0-14 years": {
        "text": "1.02 male(s)/female"
      },
      "15-24 years": {
        "text": "1.02 male(s)/female"
      },
      "25-54 years": {
        "text": "1.1 male(s)/female"
      },
      "55-64 years": {
        "text": "0.58 male(s)/female"
      },
      "65 years and over": {
        "text": "0.64 male(s)/female"
      },
      "total population": {
        "text": "1.01 male(s)/female (2016 est.)"
      }
    },
    "Mother's mean age at first birth": {
      "text": "20.5",
      "note": {
        "text": "median age at first birth among women 25-29 (2010/11 est.)"
      }
    },
    "Maternal mortality rate": {
      "text": "443 deaths/100,000 live births (2015 est.)"
    },
    "Infant mortality rate": {
      "total": {
        "text": "25.9 deaths/1,000 live births"
      },
      "male": {
        "text": "28.1 deaths/1,000 live births"
      },
      "female": {
        "text": "23.6 deaths/1,000 live births (2016 est.)"
      }
    },
    "Life expectancy at birth": {
      "total population": {
        "text": "58 years"
      },
      "male": {
        "text": "57.3 years"
      },
      "female": {
        "text": "58.7 years (2016 est.)"
      }
    },
    "Total fertility rate": {
      "text": "3.5 children born/woman (2016 est.)"
    },
    "Contraceptive prevalence rate": {
      "text": "58.5% (2010/11)"
    },
    "Health expenditures": {
      "text": "6.4% of GDP (2014)"
    },
    "Physicians density": {
      "text": "0.08 physicians/1,000 population (2011)"
    },
    "Hospital bed density": {
      "text": "1.7 beds/1,000 population (2011)"
    },
    "Drinking water source": {
      "improved": {
        "text": " ++ urban: 97% of population ++ rural: 67.3% of population ++ total: 76.9% of population"
      },
      "unimproved": {
        "text": " ++ urban: 3% of population ++ rural: 32.7% of population ++ total: 23.1% of population (2015 est.)"
      }
    },
    "Sanitation facility access": {
      "improved": {
        "text": " ++ urban: 49.3% of population ++ rural: 30.8% of population ++ total: 36.8% of population"
      },
      "unimproved": {
        "text": " ++ urban: 50.7% of population ++ rural: 69.2% of population ++ total: 63.2% of population (2015 est.)"
      }
    },
    "HIV/AIDS - adult prevalence rate": {
      "text": "14.69% (2015 est.)"
    },
    "HIV/AIDS - people living with HIV/AIDS": {
      "text": "1,425,800 (2015 est.)"
    },
    "HIV/AIDS - deaths": {
      "text": "29,400 (2015 est.)"
    },
    "Major infectious diseases": {
      "degree of risk": {
        "text": "high"
      },
      "food or waterborne diseases": {
        "text": "bacterial and protozoal diarrhea, hepatitis A, and typhoid fever"
      },
      "vectorborne diseases": {
        "text": "malaria and dengue fever"
      },
      "water contact disease": {
        "text": "schistosomiasis"
      },
      "animal contact disease": {
        "text": "rabies (2016)"
      }
    },
    "Obesity - adult prevalence rate": {
      "text": "8.4% (2014)"
    },
    "Children under the age of 5 years underweight": {
      "text": "11.2% (2014)"
    },
    "Education expenditures": {
      "text": "2% of GDP (2010)"
    },
    "Literacy": {
      "definition": {
        "text": "age 15 and over can read and write English"
      },
      "total population": {
        "text": "86.5%"
      },
      "male": {
        "text": "88.5%"
      },
      "female": {
        "text": "84.6% (2015 est.)"
      }
    },
    "School life expectancy (primary to tertiary education)": {
      "total": {
        "text": "10 years"
      },
      "male": {
        "text": "10 years"
      },
      "female": {
        "text": "10 years (2013)"
      }
    },
    "Unemployment, youth ages 15-24": {
      "total": {
        "text": "8.7%"
      },
      "male": {
        "text": "7.7%"
      },
      "female": {
        "text": "9.8% (2012 est.)"
      }
    }
  },
  "Government": {
    "Country name": {
      "conventional long form": {
        "text": "Republic of Zimbabwe"
      },
      "conventional short form": {
        "text": "Zimbabwe"
      },
      "former": {
        "text": "Southern Rhodesia, Rhodesia"
      },
      "etymology": {
        "text": "takes its name from the Kingdom of Zimbabwe (13th-15th century) and its capital of Great Zimbabwe, the largest stone structure in pre-colonial southern Africa"
      }
    },
    "Government type": {
      "text": "semi-presidential republic"
    },
    "Capital": {
      "name": {
        "text": "Harare"
      },
      "geographic coordinates": {
        "text": "17 49 S, 31 02 E"
      },
      "time difference": {
        "text": "UTC+2 (7 hours ahead of Washington, DC, during Standard Time)"
      }
    },
    "Administrative divisions": {
      "text": "8 provinces and 2 cities* with provincial status; Bulawayo*, Harare*, Manicaland, Mashonaland Central, Mashonaland East, Mashonaland West, Masvingo, Matabeleland North, Matabeleland South, Midlands"
    },
    "Independence": {
      "text": "18 April 1980 (from the UK)"
    },
    "National holiday": {
      "text": "Independence Day, 18 April (1980)"
    },
    "Constitution": {
      "text": "previous 1965 (at Rhodesian independence), 1979 (Lancaster House Agreement), 1980 (at Zimbabwean independence); latest final draft completed January 2013, approved by referendum 16 March 2013, approved by Parliament 9 May 2013; amended many times in 2013; note - significant amendments proposed in early 2015 (2016)"
    },
    "Legal system": {
      "text": "mixed legal system of English common law, Roman-Dutch civil law, and customary law"
    },
    "International law organization participation": {
      "text": "has not submitted an ICJ jurisdiction declaration; non-party state to the ICCt"
    },
    "Citizenship": {
      "citizenship by birth": {
        "text": "no"
      },
      "citizenship by descent only": {
        "text": "the father must be a citizen of Zimbabwe; in the case of a child born out of wedlock, the mother must be a citizen"
      },
      "dual citizenship recognized": {
        "text": "no"
      },
      "residency requirement for naturalization": {
        "text": "5 years"
      }
    },
    "Suffrage": {
      "text": "18 years of age; universal"
    },
    "Executive branch": {
      "chief of state": {
        "text": "Executive President Robert Gabriel MUGABE (since 31 December 1987); Vice Presidents Emmerson Dambudzo MNANGAGWA and Phelekezela MPHOKO (both since 12 December 2014); note - Vice President Joice MUJURU (since 6 December 2004) was dismissed 9 December 2014"
      },
      "head of government": {
        "text": "Executive President Robert Gabriel MUGABE (since 31 December 1987); note - following the 31 July 2013 presidential election, the position of prime minister was abolished"
      },
      "cabinet": {
        "text": "Cabinet appointed by president, responsible to House of Assembly"
      },
      "elections/appointments": {
        "text": "each presidential candidate nominated with a nomination paper signed by at least 10 registered voters (at least 1 candidate from each province) and directly elected by absolute majority popular vote in 2 rounds if needed for a 5-year term (no term limits); election last held on 31 July 2013 (next to be held in 2018); co-vice presidents drawn from party leadership"
      },
      "election results": {
        "text": "Robert Gabriel MUGABE reelected president; percent of vote - Robert Gabriel MUGABE (ZANU-PF) 61.1%, Morgan TSVANGIRAI (MDC-T) 34.4%, Welshman NCUBE (MDC-N) 2.7%, other 1.8%; note - the election process was considered flawed and roundly criticized by election monitors and international bodies; both the African Union and the South African Development Community endorsed the results of the election with some concerns"
      }
    },
    "Legislative branch": {
      "description": {
        "text": "bicameral Parliament consists of the Senate (80 seats; 60 members directly elected in multi-seat constituencies - 6 seats in each of the 10 provinces - by proportional representation vote, 16 indirectly elected by the regional governing councils, 2 reserved for the National Council Chiefs, and 2 reserved for members with disabilities; members serve 5-year terms) and the House of Assembly (270 seats; 210 members directly elected in single-seat constituencies by simple majority vote and 60 seats reserved for women directly elected by proportional representation vote; members serve 5-year terms)"
      },
      "elections": {
        "text": "last held on 31 July 2013 (next to be held in 2018)"
      },
      "election results": {
        "text": "Senate - percent of vote by party - NA; seats by party - ZANU-PF 37, MDC-T 21, MDC-N 2, chiefs 18, people with disabilities 2; House of Assembly - percent of vote by party - NA; seats by party - ZANU-PF 196, MDC-T 70, MDC-N 2, independent 2"
      }
    },
    "Judicial branch": {
      "highest court(s)": {
        "text": "Supreme Court (consists of the chief justice and 4 judges); Constitutional Court (consists of the chief and deputy chief justices and 9 judges)"
      },
      "judge selection and term of office": {
        "text": "Supreme Court judges appointed by the president upon recommendation of the Judicial Service Commission, an independent body consisting of the chief justice, Public Service Commission chairman, attorney general, and 2-3 members appointed by the president; judges normally serve until age 65 but can elect to serve until age 70; Constitutional Court judge appointment NA; judges serve non-renewable 15-year terms"
      },
      "subordinate courts": {
        "text": "High Court; Labor Court; Administrative Court; regional magistrate courts; customary law courts; special courts"
      }
    },
    "Political parties and leaders": {
      "text": "Freedom Party [Cosmas MPONDA] ++ Movement for Democratic Change - Ncube or MDC-N [Welshman NCUBE] ++ Movement for Democratic Change - Renewal or MDC-R [Sekai HOLLAND]; note - has been kicked out of Parliament as of 17 May 2015 ++ Movement for Democratic Change - Tsvangirai or MDC-T [Morgan TSVANGIRAI] ++ Transform Zimbabwe or TZ [Jacob NGARIVHUME] ++ United Parties [Abel MUZOREWA] ++ Zimbabwe African National Union-Ndonga or ZANU-Ndonga [Wilson KUMBULA] ++ Zimbabwe African National Union-Patriotic Front or ZANU-PF [Robert Gabriel MUGABE] ++ Zimbabwe African Peoples Union or ZAPU [Dumiso DABENGWA]"
    },
    "Political pressure groups and leaders": {
      "text": "Crisis in Zimbabwe Coalition ++ National Constitutional Assembly or NCA [Lovemore MADHUKU] ++ Women of Zimbabwe Arise or WOZA [Jenni WILLIAMS] ++ Zimbabwe Congress of Trade Unions or ZCTU [Japhet MOYO] ++ Zimbabwe Lawyers for Human Rights or ZLHR [Irene PETRAS]"
    },
    "International organization participation": {
      "text": "ACP, AfDB, AU, COMESA, FAO, G-15, G-77, IAEA, IBRD, ICAO, ICRM, IDA, IFAD, IFC, IFRCS, ILO, IMF, IMO, Interpol, IOC, IOM, IPU, ISO, ITSO, ITU, ITUC (NGOs), MIGA, NAM, OPCW, PCA, SADC, UN, UNAMID, UNCTAD, UNESCO, UNIDO, UNMIL, UNMISS, UNOCI, UNWTO, UPU, WCO, WFTU (NGOs), WHO, WIPO, WMO, WTO"
    },
    "Diplomatic representation in the US": {
      "chief of mission": {
        "text": "Ambassador Ammon MUTEMBWA (since 18 November 2014)"
      },
      "chancery": {
        "text": "1608 New Hampshire Avenue NW, Washington, DC 20009"
      },
      "telephone": {
        "text": "[1] (202) 332-7100"
      },
      "FAX": {
        "text": "[1] (202) 483-9326"
      }
    },
    "Diplomatic representation from the US": {
      "chief of mission": {
        "text": "Ambassador Harry K. THOMAS, Jr. (since 25 February 2016)"
      },
      "embassy": {
        "text": "172 Herbert Chitepo Avenue, Harare"
      },
      "mailing address": {
        "text": "P.O. Box 3340, Harare"
      },
      "telephone": {
        "text": "[263] (4) 250-593 through 250-594"
      },
      "FAX": {
        "text": "[263] (4) 796-488, or 722-618"
      }
    },
    "Flag description": {
      "text": "seven equal horizontal bands of green, yellow, red, black, red, yellow, and green with a white isosceles triangle edged in black with its base on the hoist side; a yellow Zimbabwe bird representing the long history of the country is superimposed on a red five-pointed star in the center of the triangle, which symbolizes peace; green represents agriculture, yellow mineral wealth, red the blood shed to achieve independence, and black stands for the native people"
    },
    "National symbol(s)": {
      "text": "Zimbabwe bird symbol, African fish eagle, flame lily; national colors: green, yellow, red, black, white"
    },
    "National anthem": {
      "name": {
        "text": "\"Kalibusiswe Ilizwe leZimbabwe\" [Northern Ndebele language] \"Simudzai Mureza WeZimbabwe\" [Shona] (Blessed Be the Land of Zimbabwe)"
      },
      "lyrics/music": {
        "text": "Solomon MUTSWAIRO/Fred Lecture CHANGUNDEGA"
      },
      "note": {
        "text": "adopted 1994"
      }
    }
  },
  "Economy": {
    "Economy - overview": {
      "text": "Zimbabwe's economy depends heavily on its mining and agriculture sectors. Following a decade of contraction from 1998 to 2008, the economy recorded real growth of more than 10% per year in the period 2010-13, before slowing to roughly 3% in 2014 due to poor harvests, low diamond revenues, and decreased investment. Lower mineral prices, infrastructure and regulatory deficiencies, a poor investment climate, a large public and external debt burden, and extremely high government wage expenses impede the country’s economic performance. ++  ++ Until early 2009, the Reserve Bank of Zimbabwe (RBZ) routinely printed money to fund the budget deficit, causing hyperinflation. Dollarization in early 2009 - which allowed currencies such as the Botswana pula, the South Africa rand, and the US dollar to be used locally - ended hyperinflation and reduced inflation below 10% per year. The RBZ introduced bond coins denominated in 1, 5, 10, and 25 cent increments on a par with the US dollar in December 2014, more than five years after the Zimbabwe dollar was taken out of circulation. In January 2015, as part of the government’s effort to boost trade and attract foreign investment, the RBZ announced that the Chinese renmimbi, Indian rupee, Australian dollar, and Japanese yen would be accepted as legal tender in Zimbabwe. ++  ++ Zimbabwe’s government entered a second Staff Monitored Program with the IMF in 2014 and undertook other measures to reengage with international financial institutions. Foreign and domestic investment continues to be hindered by the lack of clarity regarding the government’s Indigenization and Economic Empowerment Act. In 2015 the depreciation of the South African rand against the US dollar has led to deflation in Zimbabwe as prices for South African imports decline while the costs of domestic production in US dollars remains stable."
    },
    "GDP (purchasing power parity)": {
      "text": "$28.1 billion (2015 est.) ++ $27.69 billion (2014 est.) ++ $26.66 billion (2013 est.)",
      "note": {
        "text": "data are in 2015 US dollars"
      }
    },
    "GDP (official exchange rate)": {
      "text": "$14.27 billion (2015 est.)"
    },
    "GDP - real growth rate": {
      "text": "1.5% (2015 est.) ++ 3.9% (2014 est.) ++ 4.5% (2013 est.)"
    },
    "GDP - per capita (PPP)": {
      "text": "$2,100 (2015 est.) ++ $2,100 (2014 est.) ++ $2,000 (2013 est.)",
      "note": {
        "text": "data are in 2015 US dollars"
      }
    },
    "Gross national saving": {
      "text": "-0.4% of GDP (2015 est.) ++ 0.6% of GDP (2014 est.) ++ -3.3% of GDP (2013 est.)"
    },
    "GDP - composition, by end use": {
      "household consumption": {
        "text": "84.2%"
      },
      "government consumption": {
        "text": "25.1%"
      },
      "investment in fixed capital": {
        "text": "13.2%"
      },
      "investment in inventories": {
        "text": "0%"
      },
      "exports of goods and services": {
        "text": "26.2%"
      },
      "imports of goods and services": {
        "text": "-48.8% (2015 est.)"
      }
    },
    "GDP - composition, by sector of origin": {
      "agriculture": {
        "text": "13.2%"
      },
      "industry": {
        "text": "28.5%"
      },
      "services": {
        "text": "59% (2015 est.)"
      }
    },
    "Agriculture - products": {
      "text": "tobacco, corn, cotton, wheat, coffee, sugarcane, peanuts; sheep, goats, pigs"
    },
    "Industries": {
      "text": "mining (coal, gold, platinum, copper, nickel, tin, diamonds, clay, numerous metallic and nonmetallic ores), steel; wood products, cement, chemicals, fertilizer, clothing and footwear, foodstuffs, beverages"
    },
    "Industrial production growth rate": {
      "text": "0% (2015 est.)"
    },
    "Labor force": {
      "text": "7.905 million (2015 est.)"
    },
    "Labor force - by occupation": {
      "agriculture": {
        "text": "66%"
      },
      "industry": {
        "text": "10%"
      },
      "services": {
        "text": "24% (1996)"
      }
    },
    "Unemployment rate": {
      "text": "95% (2009 est.) ++ 80% (2005 est.)",
      "note": {
        "text": "figures include unemployment and underemployment; true unemployment is unknown and, under current economic conditions, unknowable"
      }
    },
    "Population below poverty line": {
      "text": "72.3% (2012 est.)"
    },
    "Household income or consumption by percentage share": {
      "lowest 10%": {
        "text": "2%"
      },
      "highest 10%": {
        "text": "40.4% (1995)"
      }
    },
    "Distribution of family income - Gini index": {
      "text": "50.1 (2006) ++ 50.1 (1995)"
    },
    "Budget": {
      "revenues": {
        "text": "$3.5 billion"
      },
      "expenditures": {
        "text": "$3.8 billion (2015 est.)"
      }
    },
    "Taxes and other revenues": {
      "text": "24.5% of GDP (2015 est.)"
    },
    "Budget surplus (+) or deficit (-)": {
      "text": "-2.1% of GDP (2015 est.)"
    },
    "Public debt": {
      "text": "44.7% of GDP (2015 est.) ++ 41.2% of GDP (2014 est.)"
    },
    "Fiscal year": {
      "text": "calendar year"
    },
    "Inflation rate (consumer prices)": {
      "text": "-2.4% (2015 est.) ++ -0.2% (2014 est.)"
    },
    "Central bank discount rate": {
      "text": "7.17% (31 December 2010) ++ 975% (31 December 2007)"
    },
    "Commercial bank prime lending rate": {
      "text": "18% (31 December 2015 est.) ++ 22% (31 December 2014 est.)"
    },
    "Stock of narrow money": {
      "text": "$2.112 billion (31 December 2015 est.) ++ $2.159 billion (31 December 2014 est.)",
      "note": {
        "text": "Zimbabwe's central bank no longer publishes data on monetary aggregates, except for bank deposits, which amounted to $2.1 billion in November 2010; the Zimbabwe dollar stopped circulating in early 2009; since then, the US dollar and South African rand have been the most frequently used currencies; there are no reliable estimates of the amount of foreign currency circulating in Zimbabwe"
      }
    },
    "Stock of broad money": {
      "text": "$47.64 billion (31 December 2013 est.) ++ $101.1 billion (31 December 2014 est.)"
    },
    "Stock of domestic credit": {
      "text": "$5.013 billion (31 December 2015 est.) ++ $5.123 billion (31 December 2014 est.)"
    },
    "Market value of publicly traded shares": {
      "text": "$4.073 billion (13 April 2015 est.) ++ $11.82 billion (31 December 2012 est.) ++ $10.9 billion (31 December 2011 est.)"
    },
    "Current account balance": {
      "text": "-$2.466 billion (2015 est.) ++ -$2.639 billion (2014 est.)"
    },
    "Exports": {
      "text": "$3.551 billion (2015 est.) ++ $3.703 billion (2014 est.)"
    },
    "Exports - commodities": {
      "text": "platinum, cotton, tobacco, gold, ferroalloys, textiles/clothing"
    },
    "Exports - partners": {
      "text": "China 27.8%, Democratic Republic of the Congo 14%, Botswana 12.5%, South Africa 7.6% (2015)"
    },
    "Imports": {
      "text": "$6.016 billion (2015 est.) ++ $6.307 billion (2014 est.)"
    },
    "Imports - commodities": {
      "text": "machinery and transport equipment, other manufactures, chemicals, fuels, food products"
    },
    "Imports - partners": {
      "text": "South Africa 48.1%, China 12.1%, India 5.2%, Zambia 4.6% (2015)"
    },
    "Reserves of foreign exchange and gold": {
      "text": "$339.1 million (31 December 2015 est.) ++ $363.4 million (31 December 2014 est.)"
    },
    "Debt - external": {
      "text": "$10.56 billion (31 December 2015 est.) ++ $10.57 billion (31 December 2014 est.)"
    },
    "Stock of direct foreign investment - at home": {
      "text": "$3.084 billion (31 December 20145 est.)"
    },
    "Stock of direct foreign investment - abroad": {
      "text": "$234 million (31 December 2015 est.)"
    },
    "Exchange rates": {
      "text": "Zimbabwean dollars (ZWD) per US dollar - ++ NA (2013) ++ 234.25 (2010) ++ 234.25 (2009) ++ 9,686.8 (2007)",
      "note": {
        "text": "the dollar was adopted as a legal currency in 2009; since then the Zimbabwean dollar has experienced hyperinflation and is essentially worthless"
      }
    }
  },
  "Energy": {
    "Electricity access": {
      "population without electricity": {
        "text": "8,500,000"
      },
      "electrification - total population": {
        "text": "40%"
      },
      "electrification - urban areas": {
        "text": "80%"
      },
      "electrification - rural areas": {
        "text": "21% (2013)"
      }
    },
    "Electricity - production": {
      "text": "9.7 billion kWh (2014 est.)"
    },
    "Electricity - consumption": {
      "text": "8 billion kWh (2014 est.)"
    },
    "Electricity - exports": {
      "text": "1.2 billion kWh (2014 est.)"
    },
    "Electricity - imports": {
      "text": "1.1 billion kWh (2014 est.)"
    },
    "Electricity - installed generating capacity": {
      "text": "2.2 million kW (2014 est.)"
    },
    "Electricity - from fossil fuels": {
      "text": "63.2% of total installed capacity (2012 est.)"
    },
    "Electricity - from nuclear fuels": {
      "text": "0% of total installed capacity (2012 est.)"
    },
    "Electricity - from hydroelectric plants": {
      "text": "36.8% of total installed capacity (2012 est.)"
    },
    "Electricity - from other renewable sources": {
      "text": "0% of total installed capacity (2012 est.)"
    },
    "Crude oil - production": {
      "text": "0 bbl/day (2015 est.)"
    },
    "Crude oil - exports": {
      "text": "0 bbl/day (2013 est.)"
    },
    "Crude oil - imports": {
      "text": "0 bbl/day (2013 est.)"
    },
    "Crude oil - proved reserves": {
      "text": "0 bbl (1 January 2016 es)"
    },
    "Refined petroleum products - production": {
      "text": "0 bbl/day (2013 est.)"
    },
    "Refined petroleum products - consumption": {
      "text": "29,000 bbl/day (2014 est.)"
    },
    "Refined petroleum products - exports": {
      "text": "0 bbl/day (2013 est.)"
    },
    "Refined petroleum products - imports": {
      "text": "29,070 bbl/day (2013 est.)"
    },
    "Natural gas - production": {
      "text": "0 cu m (2013 est.)"
    },
    "Natural gas - consumption": {
      "text": "0 cu m (2014 est.)"
    },
    "Natural gas - exports": {
      "text": "0 cu m (2013 est.)"
    },
    "Natural gas - imports": {
      "text": "0 cu m (2013 est.)"
    },
    "Natural gas - proved reserves": {
      "text": "0 cu m (1 January 2014 es)"
    },
    "Carbon dioxide emissions from consumption of energy": {
      "text": "11 million Mt (2013 est.)"
    }
  },
  "Communications": {
    "Telephones - fixed lines": {
      "total subscriptions": {
        "text": "333,702"
      },
      "subscriptions per 100 inhabitants": {
        "text": "2 (July 2015 est.)"
      }
    },
    "Telephones - mobile cellular": {
      "total": {
        "text": "12.757 million"
      },
      "subscriptions per 100 inhabitants": {
        "text": "90 (July 2015 est.)"
      }
    },
    "Telephone system": {
      "general assessment": {
        "text": "privatization and competition have driven rapid expansion of telecommunications, particularly cellular voice and mobile broadband, in recent years; continued economic instability and infrastructure limitations, such as reliable power, hinder progress"
      },
      "domestic": {
        "text": "consists of microwave radio relay links, open-wire lines, radiotelephone communication stations, fixed wireless local loop installations, fiber-optic cable, VSAT terminals, and a substantial mobile-cellular network; Internet connection is most readily available in Harare and major towns; 1 government owned and 3 private cellular providers; 3G and VoIP services are widely available with 4G/LTE service being deployed"
      },
      "international": {
        "text": "country code - 263; satellite earth stations - 2 Intelsat; 5 international digital gateway exchanges; fiber-optic connections to neighboring states provide access to international networks via undersea cable (2015)"
      }
    },
    "Broadcast media": {
      "text": "government owns all local radio and TV stations; foreign shortwave broadcasts and satellite TV are available to those who can afford antennas and receivers; in rural areas, access to TV broadcasts is extremely limited (2007)"
    },
    "Internet country code": {
      "text": ".zw"
    },
    "Internet users": {
      "total": {
        "text": "2.328 million"
      },
      "percent of population": {
        "text": "16.4% (July 2015 est.)"
      }
    }
  },
  "Transportation": {
    "National air transport system": {
      "number of registered air carriers": {
        "text": "2"
      },
      "inventory of registered aircraft operated by air carriers": {
        "text": "4"
      },
      "annual passenger traffic on registered air carriers": {
        "text": "370,164"
      },
      "annual freight traffic on registered air carriers": {
        "text": "962,642 mt-km (2015)"
      }
    },
    "Civil aircraft registration country code prefix": {
      "text": "Z (2016)"
    },
    "Airports": {
      "text": "196 (2013)"
    },
    "Airports - with paved runways": {
      "total": {
        "text": "17"
      },
      "over 3,047 m": {
        "text": "3"
      },
      "2,438 to 3,047 m": {
        "text": "2"
      },
      "1,524 to 2,437 m": {
        "text": "5"
      },
      "914 to 1,523 m": {
        "text": "7 (2013)"
      }
    },
    "Airports - with unpaved runways": {
      "total": {
        "text": "179"
      },
      "1,524 to 2,437 m": {
        "text": "3"
      },
      "914 to 1,523 m": {
        "text": "104"
      },
      "under 914 m": {
        "text": "72 (2013)"
      }
    },
    "Pipelines": {
      "text": "refined products 270 km (2013)"
    },
    "Railways": {
      "total": {
        "text": "3,427 km"
      },
      "narrow gauge": {
        "text": "3,427 km 1.067-m gauge (313 km electrified) (2014)"
      }
    },
    "Roadways": {
      "total": {
        "text": "97,267 km"
      },
      "paved": {
        "text": "18,481 km"
      },
      "unpaved": {
        "text": "78,786 km (2002)"
      }
    },
    "Waterways": {
      "text": "(some navigation possible on Lake Kariba) (2011)"
    },
    "Ports and terminals": {
      "river port(s)": {
        "text": "Binga, Kariba (Zambezi)"
      }
    }
  },
  "Military and Security": {
    "Military branches": {
      "text": "Zimbabwe Defense Forces (ZDF): Zimbabwe National Army (ZNA), Air Force of Zimbabwe (AFZ) (2012)"
    },
    "Military service age and obligation": {
      "text": "18-24 years of age for voluntary military service; no conscription; women are eligible to serve (2012)"
    },
    "Military expenditures": {
      "text": "2.79% of GDP (2014) ++ 2.64% of GDP (2013) ++ 2.94% of GDP (2012) ++ 2.05% of GDP (2011) ++ 2.94% of GDP (2010)"
    }
  },
  "Transnational Issues": {
    "Disputes - international": {
      "text": "Namibia has supported, and in 2004 Zimbabwe dropped objections to, plans between Botswana and Zambia to build a bridge over the Zambezi River, thereby de facto recognizing a short, but not clearly delimited, Botswana-Zambia boundary in the river; South Africa has placed military units to assist police operations along the border of Lesotho, Zimbabwe, and Mozambique to control smuggling, poaching, and illegal migration"
    },
    "Refugees and internally displaced persons": {
      "refugees (country of origin)": {
        "text": "5,414 (Democratic Republic of Congo) (2015)"
      },
      "IDPs": {
        "text": "undetermined (political violence, violence in association with the 2008 election, human rights violations, land reform, and economic collapse) (2015)"
      },
      "stateless persons": {
        "text": "300,000 (2015)"
      }
    },
    "Trafficking in persons": {
      "current situation": {
        "text": "Zimbabwe is a source, transit, and destination country for men, women, and children subjected to forced labor and sex trafficking; Zimbabwean women and girls from towns bordering South Africa, Mozambique, and Zambia are subjected to forced labor, including domestic servitude, and prostitution catering to long-distance truck drivers; Zimbabwean men, women, and children experience forced labor in agriculture and domestic servitude in rural areas; family members may recruit children and other relatives from rural areas with promises of work or education in cities and towns where they end up in domestic servitude and sex trafficking; Zimbabwean women and men are lured into exploitative labor situations in South Africa and other neighboring countries"
      },
      "tier rating": {
        "text": "Tier 3 - Zimbabwe does not fully comply with the minimum standards for the elimination of trafficking and is not making significant efforts to do so; the government passed an anti-trafficking law in 2014 defining trafficking in persons as a crime of transportation and failing to capture the key element of the international definition of human trafficking – the purpose of exploitation – which prevents the law from being comprehensive or consistent with the 2000 UN TIP Protocol that Zimbabwe acceded to in 2013; the government did not report on anti-trafficking law enforcement efforts during 2014, and corruption in law enforcement and the judiciary remain a concern; authorities made minimal efforts to identify and protect trafficking victims, relying on NGOs to identify and assist victims; Zimbabwe’s 2014 anti-trafficking law required the opening of 10 centers for trafficking victims, but none were established during the year; five existing shelters for vulnerable children and orphans may have accommodated child victims; in January 2015, an inter-ministerial anti-trafficking committee was established, but it is unclear if the committee ever met or initiated any activities (2015)"
      }
    },
    "Illicit drugs": {
      "text": "transit point for cannabis and South Asian heroin, mandrax, and methamphetamines en route to South Africa"
    }
  }
}