{
  "Introduction": {
    "Background": {
      "text": "What is now Ecuador formed part of the northern Inca Empire until the Spanish conquest in 1533. Quito became a seat of Spanish colonial government in 1563 and part of the Viceroyalty of New Granada in 1717. The territories of the Viceroyalty - New Granada (Colombia), Venezuela, and Quito - gained their independence between 1819 and 1822 and formed a federation known as Gran Colombia. When Quito withdrew in 1830, the traditional name was changed in favor of the \"Republic of the Equator.\" Between 1904 and 1942, Ecuador lost territories in a series of conflicts with its neighbors. A border war with Peru that flared in 1995 was resolved in 1999. Although Ecuador marked 30 years of civilian governance in 2004, the period was marred by political instability. Protests in Quito contributed to the mid-term ouster of three of Ecuador's last four democratically elected presidents. In late 2008, voters approved a new constitution, Ecuador's 20th since gaining independence. General elections were held in February 2013, and voters reelected President Rafael CORREA."
    }
  },
  "Geography": {
    "Location": {
      "text": "Western South America, bordering the Pacific Ocean at the Equator, between Colombia and Peru"
    },
    "Geographic coordinates": {
      "text": "2 00 S, 77 30 W"
    },
    "Map references": {
      "text": "South America"
    },
    "Area": {
      "total": {
        "text": "283,561 sq km"
      },
      "land": {
        "text": "276,841 sq km"
      },
      "water": {
        "text": "6,720 sq km"
      },
      "note": {
        "text": "includes Galapagos Islands"
      }
    },
    "Area - comparative": {
      "text": "slightly smaller than Nevada"
    },
    "Land boundaries": {
      "total": {
        "text": "2,237 km"
      },
      "border countries": {
        "text": "Colombia 708 km, Peru 1,529 km"
      }
    },
    "Coastline": {
      "text": "2,237 km"
    },
    "Maritime claims": {
      "territorial sea": {
        "text": "200 nm"
      },
      "continental shelf": {
        "text": "100 nm from 2,500-m isobath"
      }
    },
    "Climate": {
      "text": "tropical along coast, becoming cooler inland at higher elevations; tropical in Amazonian jungle lowlands"
    },
    "Terrain": {
      "text": "coastal plain (costa), inter-Andean central highlands (sierra), and flat to rolling eastern jungle (oriente)"
    },
    "Elevation": {
      "mean elevation": {
        "text": "1,117 m"
      },
      "elevation extremes": {
        "text": "lowest point: Pacific Ocean 0 m ++ highest point: Chimborazo 6,267 m"
      },
      "note": {
        "text": "because the earth is not a perfect sphere and has an equatorial bulge, the highest point on the planet farthest from its center is Mount Chimborazo not Mount Everest, which is merely the highest peak above sea level"
      }
    },
    "Natural resources": {
      "text": "petroleum, fish, timber, hydropower"
    },
    "Land use": {
      "agricultural land": {
        "text": "29.7% ++ arable land 4.7%; permanent crops 5.6%; permanent pasture 19.4%"
      },
      "forest": {
        "text": "38.9%"
      },
      "other": {
        "text": "31.4% (2011 est.)"
      }
    },
    "Irrigated land": {
      "text": "15,000 sq km (2012)"
    },
    "Population - distribution": {
      "text": "nearly half of the population is concentrated in the interior in the Andean intermontane basins and valleys, with large concentrations also found along the western coastal strip; the rainforests of the east remain sparsely populated"
    },
    "Natural hazards": {
      "text": "frequent earthquakes; landslides; volcanic activity; floods; periodic droughts",
      "volcanism": {
        "text": "volcanic activity concentrated along the Andes Mountains; Sangay (elev. 5,230 m), which erupted in 2010, is mainland Ecuador's most active volcano; other historically active volcanoes in the Andes include Antisana, Cayambe, Chacana, Cotopaxi, Guagua Pichincha, Reventador, Sumaco, and Tungurahua; Fernandina (elev. 1,476 m), a shield volcano that last erupted in 2009, is the most active of the many Galapagos volcanoes; other historically active Galapagos volcanoes include Wolf, Sierra Negra, Cerro Azul, Pinta, Marchena, and Santiago"
      }
    },
    "Environment - current issues": {
      "text": "deforestation; soil erosion; desertification; water pollution; pollution from oil production wastes in ecologically sensitive areas of the Amazon Basin and Galapagos Islands"
    },
    "Environment - international agreements": {
      "party to": {
        "text": "Antarctic-Environmental Protocol, Antarctic Treaty, Biodiversity, Climate Change, Climate Change-Kyoto Protocol, Desertification, Endangered Species, Hazardous Wastes, Ozone Layer Protection, Ship Pollution, Tropical Timber 83, Tropical Timber 94, Wetlands"
      },
      "signed, but not ratified": {
        "text": "none of the selected agreements"
      }
    },
    "Geography - note": {
      "text": "Cotopaxi in Andes is highest active volcano in world"
    }
  },
  "People and Society": {
    "Population": {
      "text": "16,080,778 (July 2016 est.)"
    },
    "Nationality": {
      "noun": {
        "text": "Ecuadorian(s)"
      },
      "adjective": {
        "text": "Ecuadorian"
      }
    },
    "Ethnic groups": {
      "text": "mestizo (mixed Amerindian and white) 71.9%, Montubio 7.4%, Amerindian 7%, white 6.1%, Afroecuadorian 4.3%, mulato 1.9%, black 1%, other 0.4% (2010 est.)"
    },
    "Languages": {
      "text": "Spanish (Castilian) 93% (official), Quechua 4.1%, other indigenous 0.7%, foreign 2.2%",
      "note": {
        "text": "(Quechua and Shuar are official languages of intercultural relations; other indigenous languages are in official use by indigenous peoples in the areas they inhabit) (2010 est.)"
      }
    },
    "Religions": {
      "text": "Roman Catholic 74%, Evangelical 10.4%, Jehovah's Witness 1.2%, other 6.4% (includes Mormon Buddhist, Jewish, Spiritualist, Muslim, Hindu, indigenous religions, African American religions, Pentecostal), atheist 7.9%, agnostic 0.1%",
      "note": {
        "text": "data represents persons at least 16 years of age from five Ecuadoran cities (2012 est.)"
      }
    },
    "Demographic profile": {
      "text": "Ecuador's high poverty and income inequality most affect indigenous, mixed race, and rural populations. The government has increased its social spending to ameliorate these problems, but critics question the efficiency and implementation of its national development plan. Nevertheless, the conditional cash transfer program, which requires participants' children to attend school and have medical check-ups, has helped improve educational attainment and healthcare among poor children. Ecuador is stalled at above replacement level fertility and the population most likely will keep growing rather than stabilize. An estimated 2 to 3 million Ecuadorians live abroad, but increased unemployment in key receiving countries - Spain, the United States, and Italy - is slowing emigration and increasing the likelihood of returnees to Ecuador. The first large-scale emigration of Ecuadorians occurred between 1980 and 2000, when an economic crisis drove Ecuadorians from southern provinces to New York City, where they had trade contacts. A second, nationwide wave of emigration in the late 1990s was caused by another economic downturn, political instability, and a currency crisis. Spain was the logical destination because of its shared language and the wide availability of low-skilled, informal jobs at a time when increased border surveillance made illegal migration to the US difficult. Ecuador has a small but growing immigrant population and is Latin America's top recipient of refugees; 98% are neighboring Colombians fleeing violence in their country."
    },
    "Age structure": {
      "0-14 years": {
        "text": "27.52% (male 2,257,535/female 2,168,198)"
      },
      "15-24 years": {
        "text": "18.47% (male 1,508,341/female 1,461,207)"
      },
      "25-54 years": {
        "text": "39.38% (male 3,086,599/female 3,245,266)"
      },
      "55-64 years": {
        "text": "7.39% (male 581,560/female 606,821)"
      },
      "65 years and over": {
        "text": "7.25% (male 554,371/female 610,880) (2016 est.)"
      }
    },
    "Dependency ratios": {
      "total dependency ratio": {
        "text": "55.6%"
      },
      "youth dependency ratio": {
        "text": "45.1%"
      },
      "elderly dependency ratio": {
        "text": "10.4%"
      },
      "potential support ratio": {
        "text": "9.6% (2015 est.)"
      }
    },
    "Median age": {
      "total": {
        "text": "27.4 years"
      },
      "male": {
        "text": "26.7 years"
      },
      "female": {
        "text": "28.1 years (2016 est.)"
      }
    },
    "Population growth rate": {
      "text": "1.31% (2016 est.)"
    },
    "Birth rate": {
      "text": "18.2 births/1,000 population (2016 est.)"
    },
    "Death rate": {
      "text": "5.1 deaths/1,000 population (2016 est.)"
    },
    "Net migration rate": {
      "text": "0 migrant(s)/1,000 population (2016 est.)"
    },
    "Population distribution": {
      "text": "nearly half of the population is concentrated in the interior in the Andean intermontane basins and valleys, with large concentrations also found along the western coastal strip; the rainforests of the east remain sparsely populated"
    },
    "Urbanization": {
      "urban population": {
        "text": "63.7% of total population (2015)"
      },
      "rate of urbanization": {
        "text": "1.9% annual rate of change (2010-15 est.)"
      }
    },
    "Major urban areas - population": {
      "text": "Guayaquil 2.709 million; QUITO (capital) 1.726 million (2015)"
    },
    "Sex ratio": {
      "at birth": {
        "text": "1.05 male(s)/female"
      },
      "0-14 years": {
        "text": "1.04 male(s)/female"
      },
      "15-24 years": {
        "text": "1.03 male(s)/female"
      },
      "25-54 years": {
        "text": "0.95 male(s)/female"
      },
      "55-64 years": {
        "text": "0.96 male(s)/female"
      },
      "65 years and over": {
        "text": "0.91 male(s)/female"
      },
      "total population": {
        "text": "0.99 male(s)/female (2016 est.)"
      }
    },
    "Maternal mortality rate": {
      "text": "64 deaths/100,000 live births (2015 est.)"
    },
    "Infant mortality rate": {
      "total": {
        "text": "16.9 deaths/1,000 live births"
      },
      "male": {
        "text": "19.9 deaths/1,000 live births"
      },
      "female": {
        "text": "13.7 deaths/1,000 live births (2016 est.)"
      }
    },
    "Life expectancy at birth": {
      "total population": {
        "text": "76.8 years"
      },
      "male": {
        "text": "73.8 years"
      },
      "female": {
        "text": "79.9 years (2016 est.)"
      }
    },
    "Total fertility rate": {
      "text": "2.22 children born/woman (2016 est.)"
    },
    "Health expenditures": {
      "text": "9.2% of GDP (2014)"
    },
    "Physicians density": {
      "text": "1.72 physicians/1,000 population (2011)"
    },
    "Hospital bed density": {
      "text": "1.6 beds/1,000 population (2011)"
    },
    "Drinking water source": {
      "improved": {
        "text": " ++ urban: 93.4% of population ++ rural: 75.5% of population ++ total: 86.9% of population"
      },
      "unimproved": {
        "text": " ++ urban: 6.6% of population ++ rural: 24.5% of population ++ total: 13.1% of population (2015 est.)"
      }
    },
    "Sanitation facility access": {
      "improved": {
        "text": " ++ urban: 87% of population ++ rural: 80.7% of population ++ total: 84.7% of population"
      },
      "unimproved": {
        "text": " ++ urban: 13% of population ++ rural: 19.3% of population ++ total: 15.3% of population (2015 est.)"
      }
    },
    "HIV/AIDS - adult prevalence rate": {
      "text": "0.29% (2015 est.)"
    },
    "HIV/AIDS - people living with HIV/AIDS": {
      "text": "29,100 (2015 est.)"
    },
    "HIV/AIDS - deaths": {
      "text": "900 (2015 est.)"
    },
    "Major infectious diseases": {
      "degree of risk": {
        "text": "high"
      },
      "food or waterborne diseases": {
        "text": "bacterial diarrhea, hepatitis A, and typhoid fever"
      },
      "vectorborne diseases": {
        "text": "dengue fever and malaria"
      },
      "note": {
        "text": "active local transmission of Zika virus by Aedes species mosquitoes has been identified in this country (as of August 2016); it poses an important risk (a large number of cases possible) among US citizens if bitten by an infective mosquito; other less common ways to get Zika are through sex, via blood transfusion, or during pregnancy, in which the pregnant woman passes Zika virus to her fetus (2016)"
      }
    },
    "Obesity - adult prevalence rate": {
      "text": "18% (2014)"
    },
    "Children under the age of 5 years underweight": {
      "text": "6.4% (2013)"
    },
    "Education expenditures": {
      "text": "4.2% of GDP (2012)"
    },
    "Literacy": {
      "definition": {
        "text": "age 15 and over can read and write"
      },
      "total population": {
        "text": "94.5%"
      },
      "male": {
        "text": "95.4%"
      },
      "female": {
        "text": "93.5% (2015 est.)"
      }
    },
    "School life expectancy (primary to tertiary education)": {
      "total": {
        "text": "14 years"
      },
      "male": {
        "text": "14 years"
      },
      "female": {
        "text": "15 years (2012)"
      }
    },
    "Child labor - children ages 5-14": {
      "total number": {
        "text": "227,599"
      },
      "percentage": {
        "text": "8% (2008 est.)"
      }
    },
    "Unemployment, youth ages 15-24": {
      "total": {
        "text": "10.9%"
      },
      "male": {
        "text": "8.4%"
      },
      "female": {
        "text": "15.7% (2013 est.)"
      }
    }
  },
  "Government": {
    "Country name": {
      "conventional long form": {
        "text": "Republic of Ecuador"
      },
      "conventional short form": {
        "text": "Ecuador"
      },
      "local long form": {
        "text": "Republica del Ecuador"
      },
      "local short form": {
        "text": "Ecuador"
      },
      "etymology": {
        "text": "the country's position on the globe, straddling the Equator, accounts for its Spanish name"
      }
    },
    "Government type": {
      "text": "presidential republic"
    },
    "Capital": {
      "name": {
        "text": "Quito"
      },
      "geographic coordinates": {
        "text": "0 13 S, 78 30 W"
      },
      "time difference": {
        "text": "UTC-5 (same time as Washington, DC, during Standard Time)"
      }
    },
    "Administrative divisions": {
      "text": "24 provinces (provincias, singular - provincia); Azuay, Bolivar, Canar, Carchi, Chimborazo, Cotopaxi, El Oro, Esmeraldas, Galapagos, Guayas, Imbabura, Loja, Los Rios, Manabi, Morona-Santiago, Napo, Orellana, Pastaza, Pichincha, Santa Elena, Santo Domingo de los Tsachilas, Sucumbios, Tungurahua, Zamora-Chinchipe"
    },
    "Independence": {
      "text": "24 May 1822 (from Spain)"
    },
    "National holiday": {
      "text": "Independence Day (independence of Quito), 10 August (1809)"
    },
    "Constitution": {
      "text": "many previous; latest approved 20 October 2008; amended 2011; note - a 2015 constitutional amendment lifting presidential term limits becomes effective in 2021 (2016)"
    },
    "Legal system": {
      "text": "civil law based on the Chilean civil code with modifications; traditional law in indigenous communities"
    },
    "International law organization participation": {
      "text": "has not submitted an ICJ jurisdiction declaration; accepts ICCt jurisdiction"
    },
    "Citizenship": {
      "citizenship by birth": {
        "text": "yes"
      },
      "citizenship by descent": {
        "text": "yes"
      },
      "dual citizenship recognized": {
        "text": "no"
      },
      "residency requirement for naturalization": {
        "text": "3 years"
      }
    },
    "Suffrage": {
      "text": "18-65 years of age, universal and compulsory; 16-18, over 65, and other eligible voters, voluntary"
    },
    "Executive branch": {
      "chief of state": {
        "text": "President Rafael CORREA Delgado (since 15 January 2007); Vice President Jorge GLAS Espinel (since 24 May 2013); note - the president is both chief of state and head of government"
      },
      "head of government": {
        "text": "President Rafael CORREA Delgado (since 15 January 2007); Vice President Jorge GLAS Espinel (since 24 May 2013)"
      },
      "cabinet": {
        "text": "Cabinet appointed by the president"
      },
      "elections/appointments": {
        "text": "president and vice president directly elected on the same ballot by absolute majority popular vote in 2 rounds if needed for a 4-year term (eligible for a second term); election last held on 17 February 2013 (next to be held in 2017)"
      },
      "election results": {
        "text": "President Rafael CORREA Delgado reelected president; percent of vote - Rafael CORREA Delgado (Alianza PAIS Movement)  57.2%, Guillermo LASSO (CREO) 22.7%, Lucio GUTIERREZ (PSP) 6.8%, Mauricio RODAS (SUMA) 3.9%, other 9.4%"
      }
    },
    "Legislative branch": {
      "description": {
        "text": "unicameral National Assembly or Asamblea Nacional (137 seats; 116 members directly elected in single-seat constituencies by simple majority vote, 15 members directly elected in a single nationwide constituency by proportional representation vote, and 6 directly elected in multi-seat constituencies for Ecuadorians living abroad by simple majority vote; members serve 4-year terms)"
      },
      "elections": {
        "text": "last held on 17 February 2013 (next to be held in 2017)"
      },
      "election results": {
        "text": "percent of vote by party - NA; seats by party - PAIS 100, CREO 11, PSC 6, AVANZA 5, MUPP 5, PSP 5, other 5; note - defections by members of National Assembly are commonplace, resulting in frequent changes in the numbers of seats held by the various parties"
      }
    },
    "Judicial branch": {
      "highest court(s)": {
        "text": "National Court of Justice or Corte Nacional de Justicia (consists of 21 judges including the chief justice and organized into 5 specialized chambers); Constitutional Court or Corte Constitucional (consists of 9 judges)"
      },
      "judge selection and term of office": {
        "text": "justices of National Court of Justice elected by the Judiciary Council, a 9-member independent body of law professionals; judges elected for 9-year, non-renewable terms, with one-third of the membership renewed every 3 years; Constitutional Court judges appointed by the executive, legislative, and Citizen Participation branches of government; judges appointed for 9-year non-renewable terms with one-third of the membership renewed every 3 years"
      },
      "subordinate courts": {
        "text": "Fiscal Tribunal; Election Dispute Settlement Courts, provincial courts (one for each province); cantonal courts"
      }
    },
    "Political parties and leaders": {
      "text": "Alianza PAIS movement [Rafael Vicente CORREA Delgado] ++ Avanza Party or AVANZA [Ramiro GONZALEZ] ++ Creating Opportunities Movement or CREO [Guillermo LASSO] ++ Institutional Renewal and National Action Party or PRIAN [Alvaro NOBOA] ++ Pachakutik Plurinational Unity Movement or MUPP [Rafael ANTUNI] ++ Patriotic Society Party or PSP [Lucio GUTIERREZ Borbua] ++ Popular Democracy Movement or MPD [Luis VILLACIS] ++ Roldosist Party or PRE ++ Social Christian Party or PSC [Pascual DEL CIOPPO] ++ Socialist Party [Fabian SOLANO] ++ Society United for More Action or SUMA [Mauricio RODAS] ++ Warrior's Spirit Movement [Jaime NEBOT]"
    },
    "Political pressure groups and leaders": {
      "text": "Confederation of Indigenous Nationalities of Ecuador or CONAIE [Humberto CHOLANGO] ++ Federation of Indigenous Evangelists of Ecuador or FEINE [Manuel CHUGCHILAN, president] ++ National Federation of Indigenous Afro-Ecuatorianos and Peasants or FENOCIN ++ National Teacher's Union or UNE [Mariana PALLASCO]"
    },
    "International organization participation": {
      "text": "CAN, CD, CELAC, FAO, G-11, G-77, IADB, IAEA, IBRD, ICAO, ICC (national committees), ICCt, ICRM, IDA, IFAD, IFC, IFRCS, IHO, ILO, IMF, IMO, Interpol, IOC, IOM, IPU, ISO, ITSO, ITU, ITUC (NGOs), LAES, LAIA, Mercosur (associate), MIGA, MINUSTAH, NAM, OAS, OPANAL, OPCW, OPEC, Pacific Alliance (observer), PCA, SICA (observer), UN, UNAMID, UNASUR, UNCTAD, UNESCO, UNHCR, UNIDO, Union Latina, UNISFA, UNMIL, UNMISS, UNOCI, UNWTO, UPU, WCO, WFTU (NGOs), WHO, WIPO, WMO, WTO"
    },
    "Diplomatic representation in the US": {
      "chief of mission": {
        "text": "Ambassador Jose Francisco BORJA Cevallos (since 18 May 2015)"
      },
      "chancery": {
        "text": "2535 15th Street NW, Washington, DC 20009"
      },
      "telephone": {
        "text": "[1] (202) 234-7200"
      },
      "FAX": {
        "text": "[1] (202) 667-3482"
      },
      "consulate(s) general": {
        "text": "Atlanta, Chicago, Houston, Los Angeles, Miami, Minneapolis, New Haven (CT), New Orleans, New York, Newark (NJ), Phoenix, San Francisco"
      }
    },
    "Diplomatic representation from the US": {
      "chief of mission": {
        "text": "Ambassador Todd CHAPMAN (since 14 April 2016)"
      },
      "embassy": {
        "text": "Avenida Avigiras E12-170 y Avenida Eloy Alfaro, Quito"
      },
      "mailing address": {
        "text": "Avenida Guayacanes N52-205 y Avenida Avigiras"
      },
      "telephone": {
        "text": "[593] (2) 398-5000"
      },
      "FAX": {
        "text": "[593] (2) 398-5100"
      },
      "consulate(s) general": {
        "text": "Guayaquil"
      }
    },
    "Flag description": {
      "text": "three horizontal bands of yellow (top, double width), blue, and red with the coat of arms superimposed at the center of the flag; the flag retains the three main colors of the banner of Gran Colombia, the South American republic that broke up in 1830; the yellow color represents sunshine, grain, and mineral wealth, blue the sky, sea, and rivers, and red the blood of patriots spilled in the struggle for freedom and justice",
      "note": {
        "text": "similar to the flag of Colombia, which is shorter and does not bear a coat of arms"
      }
    },
    "National symbol(s)": {
      "text": "Andean condor; national colors: yellow, blue, red"
    },
    "National anthem": {
      "name": {
        "text": "\"Salve, Oh Patria!\" (We Salute You, Our Homeland)"
      },
      "lyrics/music": {
        "text": "Juan Leon MERA/Antonio NEUMANE"
      },
      "note": {
        "text": "adopted 1948; Juan Leon MERA wrote the lyrics in 1865; only the chorus and second verse are sung"
      }
    }
  },
  "Economy": {
    "Economy - overview": {
      "text": "Ecuador is substantially dependent on its petroleum resources, which have accounted for more than half of the country's export earnings and approximately 25% of public sector revenues in recent years. ++  ++ In 1999/2000, Ecuador's economy suffered from a banking crisis, with GDP contracting by 5.3% and poverty increasing significantly. In March 2000, the Congress approved a series of structural reforms that also provided for the adoption of the US dollar as legal tender. Dollarization stabilized the economy, and positive growth returned in the years that followed, helped by high oil prices, remittances, and increased non-traditional exports. The economy grew an average of 4.3% per year from 2002 to 2006, the highest five-year average in 25 years. After moderate growth in 2007, the economy reached a growth rate of 6.4% in 2008, buoyed by high global petroleum prices and increased public sector investment. President Rafael CORREA Delgado, who took office in January 2007, defaulted in December 2008 on Ecuador's sovereign debt, which, with a total face value of approximately US$3.2 billion, represented about 30% of Ecuador's public external debt. In May 2009, Ecuador bought back 91% of its \"defaulted\" bonds via an international reverse auction. ++  ++ Economic policies under the CORREA administration - for example, an announcement in late 2009 of its intention to terminate 13 bilateral investment treaties, including one with the US - have generated economic uncertainty and discouraged private investment. China has become Ecuador's largest foreign lender since Quito defaulted in 2008, allowing the government to maintain a high rate of social spending; Ecuador contracted with the Chinese government for more than $9.9 billion in forward oil sales, project financing, and budget support loans as of December 2013. ++  ++ The level of foreign investment in Ecuador continues to be one of the lowest in the region as a result of an unstable regulatory environment, weak rule of law, and the crowding-out effect of public investments. Faced with a 2013 trade deficit of $1.1 billion, Ecuador erected technical barriers to trade in December 2013, causing tensions with its largest trading partners. Ecuador also decriminalized intellectual property rights violations in February 2014. In March, 2015 Ecuador imposed tariff surcharges for 15 months from 5% to 45% on an estimated 32% of imports. In 2014, oil output increased slightly and production remained steady in 2015. In 2015, however, lower oil prices forced CORREA to cut the budget twice, and the government has considered further budget and subsidy cuts for 2016."
    },
    "GDP (purchasing power parity)": {
      "text": "$183.4 billion (2015 est.) ++ $183.3 billion (2014 est.) ++ $176.8 billion (2013 est.)",
      "note": {
        "text": "data are in 2015 US dollars"
      }
    },
    "GDP (official exchange rate)": {
      "text": "$98.83 billion (2015 est.)"
    },
    "GDP - real growth rate": {
      "text": "0% (2015 est.) ++ 3.7% (2014 est.) ++ 4.6% (2013 est.)"
    },
    "GDP - per capita (PPP)": {
      "text": "$11,300 (2015 est.) ++ $11,400 (2014 est.) ++ $11,200 (2013 est.)",
      "note": {
        "text": "data are in 2015 US dollars"
      }
    },
    "Gross national saving": {
      "text": "25.2% of GDP (2015 est.) ++ 28.1% of GDP (2014 est.) ++ 27.8% of GDP (2013 est.)"
    },
    "GDP - composition, by end use": {
      "household consumption": {
        "text": "61%"
      },
      "government consumption": {
        "text": "14.6%"
      },
      "investment in fixed capital": {
        "text": "27%"
      },
      "investment in inventories": {
        "text": "0.4%"
      },
      "exports of goods and services": {
        "text": "21.1%"
      },
      "imports of goods and services": {
        "text": "-24.1% (2015 est.)"
      }
    },
    "GDP - composition, by sector of origin": {
      "agriculture": {
        "text": "6.1%"
      },
      "industry": {
        "text": "34.1%"
      },
      "services": {
        "text": "59.7% (2015 est.)"
      }
    },
    "Agriculture - products": {
      "text": "bananas, coffee, cocoa, rice, potatoes, cassava (manioc, tapioca), plantains, sugarcane; cattle, sheep, pigs, beef, pork, dairy products; fish, shrimp; balsa wood"
    },
    "Industries": {
      "text": "petroleum, food processing, textiles, wood products, chemicals"
    },
    "Industrial production growth rate": {
      "text": "0.3%",
      "note": {
        "text": "excludes oil refining (2015 est.)"
      }
    },
    "Labor force": {
      "text": "4.873 million (2015 est.)"
    },
    "Labor force - by occupation": {
      "agriculture": {
        "text": "27.8%"
      },
      "industry": {
        "text": "17.8%"
      },
      "services": {
        "text": "54.4% (2012)"
      }
    },
    "Unemployment rate": {
      "text": "4.3% (2015 est.) ++ 4.3% (2014 est.)"
    },
    "Population below poverty line": {
      "text": "25.6% (December 2013 est)"
    },
    "Household income or consumption by percentage share": {
      "lowest 10%": {
        "text": "1.4%"
      },
      "highest 10%": {
        "text": "35.4%"
      },
      "note": {
        "text": "data for urban households only (2012 est.)"
      }
    },
    "Distribution of family income - Gini index": {
      "text": "48.5 (December 2013) ++ 50.5 (December 2010)",
      "note": {
        "text": "data are for urban households"
      }
    },
    "Budget": {
      "revenues": {
        "text": "$33.59 billion"
      },
      "expenditures": {
        "text": "$38.68 billion (2015 est.)"
      }
    },
    "Taxes and other revenues": {
      "text": "34% of GDP (2015 est.)"
    },
    "Budget surplus (+) or deficit (-)": {
      "text": "-5.2% of GDP (2015 est.)"
    },
    "Public debt": {
      "text": "30.5% of GDP (2015 est.) ++ 27.7% of GDP (2014 est.)"
    },
    "Fiscal year": {
      "text": "calendar year"
    },
    "Inflation rate (consumer prices)": {
      "text": "4% (2015 est.) ++ 3.6% (2014 est.)"
    },
    "Central bank discount rate": {
      "text": "8.17% (31 December 2011) ++ 8.68% (31 December 2010)"
    },
    "Commercial bank prime lending rate": {
      "text": "8.33% (31 December 2015 est.) ++ 8.12% (31 December 2014 est.)"
    },
    "Stock of narrow money": {
      "text": "$9.527 billion (31 December 2015 est.) ++ $9.531 billion (31 December 2014 est.)"
    },
    "Stock of broad money": {
      "text": "$34.53 billion (31 December 2014 est.) ++ $28.44 billion (31 December 2013 est.)"
    },
    "Stock of domestic credit": {
      "text": "$33.4 billion (31 December 2015 est.) ++ $31.97 billion (31 December 2014 est.)"
    },
    "Market value of publicly traded shares": {
      "text": "$5.911 billion (31 December 2012 est.) ++ $5.779 billion (31 December 2011 est.) ++ $5.263 billion (31 December 2010 est.)"
    },
    "Current account balance": {
      "text": "-$2.819 billion (2015 est.) ++ -$567 million (2014 est.)"
    },
    "Exports": {
      "text": "$19.05 billion (2015 est.) ++ $26.6 billion (2014 est.)"
    },
    "Exports - commodities": {
      "text": "petroleum, bananas, cut flowers, shrimp, cacao, coffee, wood, fish"
    },
    "Exports - partners": {
      "text": "US 39.5%, Chile 6.2%, Peru 5.1%, Vietnam 4.3%, Colombia 4.3% (2015)"
    },
    "Imports": {
      "text": "$20.7 billion (2015 est.) ++ $26.66 billion (2014 est.)"
    },
    "Imports - commodities": {
      "text": "industrial materials, fuels and lubricants, nondurable consumer goods"
    },
    "Imports - partners": {
      "text": "US 27.1%, China 15.3%, Colombia 8.3%, Panama 4.9% (2015)"
    },
    "Reserves of foreign exchange and gold": {
      "text": "$2.496 billion (31 December 2015 est.) ++ $3.949 billion (31 December 2014 est.)"
    },
    "Debt - external": {
      "text": "$30.79 billion (31 December 2015 est.) ++ $26.33 billion (31 December 2014 est.)"
    },
    "Stock of direct foreign investment - at home": {
      "text": "$15.63 billion (31 December 2015 est.) ++ $14.57 billion (31 December 2014 est.)"
    },
    "Stock of direct foreign investment - abroad": {
      "text": "$6.33 billion (31 December 2012 est.) ++ $6.33 billion (31 December 2011 est.)"
    },
    "Exchange rates": {
      "text": "the US dollar became Ecuador's currency in 2001"
    }
  },
  "Energy": {
    "Electricity access": {
      "population without electricity": {
        "text": "500,000"
      },
      "electrification - total population": {
        "text": "97%"
      },
      "electrification - urban areas": {
        "text": "100%"
      },
      "electrification - rural areas": {
        "text": "92% (2013)"
      }
    },
    "Electricity - production": {
      "text": "23 billion kWh (2014 est.)"
    },
    "Electricity - consumption": {
      "text": "21 billion kWh (2014 est.)"
    },
    "Electricity - exports": {
      "text": "47 million kWh (2014 est.)"
    },
    "Electricity - imports": {
      "text": "800 million kWh (2014 est.)"
    },
    "Electricity - installed generating capacity": {
      "text": "6.3 million kW (2014 est.)"
    },
    "Electricity - from fossil fuels": {
      "text": "57.3% of total installed capacity (2012 est.)"
    },
    "Electricity - from nuclear fuels": {
      "text": "0% of total installed capacity (2012 est.)"
    },
    "Electricity - from hydroelectric plants": {
      "text": "41.5% of total installed capacity (2012 est.)"
    },
    "Electricity - from other renewable sources": {
      "text": "1.1% of total installed capacity (2012 est.)"
    },
    "Crude oil - production": {
      "text": "543,100 bbl/day (2015 est.)"
    },
    "Crude oil - exports": {
      "text": "378,000 bbl/day (2013 est.)"
    },
    "Crude oil - imports": {
      "text": "0 bbl/day (2013 est.)"
    },
    "Crude oil - proved reserves": {
      "text": "8.832 billion bbl (1 January 2016 es)"
    },
    "Refined petroleum products - production": {
      "text": "207,300 bbl/day (2013 est.)"
    },
    "Refined petroleum products - consumption": {
      "text": "282,000 bbl/day (2014 est.)"
    },
    "Refined petroleum products - exports": {
      "text": "22,890 bbl/day (2013 est.)"
    },
    "Refined petroleum products - imports": {
      "text": "133,300 bbl/day (2013 est.)"
    },
    "Natural gas - production": {
      "text": "578 million cu m (2014 est.)"
    },
    "Natural gas - consumption": {
      "text": "578 million cu m (2014 est.)"
    },
    "Natural gas - exports": {
      "text": "0 cu m (2013 est.)"
    },
    "Natural gas - imports": {
      "text": "0 cu m (2013 est.)"
    },
    "Natural gas - proved reserves": {
      "text": "10.99 billion cu m (1 January 2016 es)"
    },
    "Carbon dioxide emissions from consumption of energy": {
      "text": "38 million Mt (2013 est.)"
    }
  },
  "Communications": {
    "Telephones - fixed lines": {
      "total subscriptions": {
        "text": "2,512,657"
      },
      "subscriptions per 100 inhabitants": {
        "text": "16 (July 2015 est.)"
      }
    },
    "Telephones - mobile cellular": {
      "total": {
        "text": "12.888 million"
      },
      "subscriptions per 100 inhabitants": {
        "text": "81 (July 2015 est.)"
      }
    },
    "Telephone system": {
      "general assessment": {
        "text": "elementary fixed-line service but increasingly sophisticated mobile-cellular network"
      },
      "domestic": {
        "text": "fixed-line services provided by multiple telecommunications operators; fixed-line teledensity stands at about 15 per 100 persons; mobile-cellular use has surged and subscribership has reached 80 per 100 persons"
      },
      "international": {
        "text": "country code - 593; landing points for the PAN-AM and South America-1 submarine cables that provide links to the west coast of South America, Panama, Colombia, Venezuela, and extending onward to Aruba and the US Virgin Islands in the Caribbean; satellite earth station - 1 Intelsat (Atlantic Ocean) (2015)"
      }
    },
    "Broadcast media": {
      "text": "multiple TV networks and many local channels, as well as more than 300 radio stations; many TV and radio stations are privately owned; the government owns or controls 5 national TV stations and multiple radio stations; broadcast media required by law to give the government free air time to broadcast programs produced by the state (2007)"
    },
    "Internet country code": {
      "text": ".ec"
    },
    "Internet users": {
      "total": {
        "text": "7.766 million"
      },
      "percent of population": {
        "text": "48.9% (July 2015 est.)"
      }
    }
  },
  "Transportation": {
    "National air transport system": {
      "number of registered air carriers": {
        "text": "7"
      },
      "inventory of registered aircraft operated by air carriers": {
        "text": "35"
      },
      "annual passenger traffic on registered air carriers": {
        "text": "5,762,485"
      },
      "annual freight traffic on registered air carriers": {
        "text": "86,128,720 mt-km (2015)"
      }
    },
    "Civil aircraft registration country code prefix": {
      "text": "HC (2016)"
    },
    "Airports": {
      "text": "432 (2013)"
    },
    "Airports - with paved runways": {
      "total": {
        "text": "104"
      },
      "over 3,047 m": {
        "text": "4"
      },
      "2,438 to 3,047 m": {
        "text": "5"
      },
      "1,524 to 2,437 m": {
        "text": "18"
      },
      "914 to 1,523 m": {
        "text": "26"
      },
      "under 914 m": {
        "text": "51 (2013)"
      }
    },
    "Airports - with unpaved runways": {
      "total": {
        "text": "328"
      },
      "914 to 1,523 m": {
        "text": "37"
      },
      "under 914 m": {
        "text": "291 (2013)"
      }
    },
    "Heliports": {
      "text": "2 (2013)"
    },
    "Pipelines": {
      "text": "extra heavy crude 527 km; gas 71 km; oil 2,131 km; refined products 1,526 km (2013)"
    },
    "Railways": {
      "total": {
        "text": "965 km"
      },
      "narrow gauge": {
        "text": "965 km 1.067-m gauge (2014)"
      }
    },
    "Roadways": {
      "total": {
        "text": "43,670 km"
      },
      "paved": {
        "text": "6,472 km"
      },
      "unpaved": {
        "text": "37,198 km (2007)"
      }
    },
    "Waterways": {
      "text": "1,500 km (most inaccessible) (2012)"
    },
    "Merchant marine": {
      "total": {
        "text": "44"
      },
      "by type": {
        "text": "cargo 1, chemical tanker 4, liquefied gas 1, passenger 9, petroleum tanker 28, refrigerated cargo 1"
      },
      "registered in other countries": {
        "text": "4 (Panama 3, Peru 1) (2010)"
      }
    },
    "Ports and terminals": {
      "major seaport(s)": {
        "text": "Esmeraldas, Manta, Puerto Bolivar"
      },
      "river port(s)": {
        "text": "Guayaquil (Guayas)"
      },
      "container port(s) (TEUs)": {
        "text": "Guayaquil (1,405,762)"
      }
    },
    "Transportation - note": {
      "text": "the International Maritime Bureau continues to report the territorial and offshore waters as at risk for piracy and armed robbery against ships; vessels, including commercial shipping and pleasure craft, have been attacked and hijacked both at anchor and while underway; crews have been robbed and stores or cargoes stolen"
    }
  },
  "Military and Security": {
    "Military branches": {
      "text": "Ecuadorian Armed Forces: Ecuadorian Land Force (Fuerza Terrestre Ecuatoriana, FTE), Ecuadorian Navy (Fuerza Naval del Ecuador (FNE), includes Naval Infantry, Naval Aviation, Coast Guard), Ecuadorian Air Force (Fuerza Aerea Ecuatoriana, FAE) (2012)"
    },
    "Military service age and obligation": {
      "text": "18 years of age for selective conscript military service; conscription has been suspended; 18 years of age for voluntary military service; Air Force 18-22 years of age, Ecuadorian birth requirement; 1-year service obligation (2012)"
    },
    "Military expenditures": {
      "text": "2.83% of GDP (2012) ++ 3.2% of GDP (2011) ++ 2.83% of GDP (2010)"
    }
  },
  "Transnational Issues": {
    "Disputes - international": {
      "text": "organized illegal narcotics operations in Colombia penetrate across Ecuador's shared border, which thousands of Colombians also cross to escape the violence in their home country"
    },
    "Refugees and internally displaced persons": {
      "refugees (country of origin)": {
        "text": "120,685 (Colombia) (2015)"
      },
      "IDPs": {
        "text": "28,775 (earthquake April 2016) (2016)"
      }
    },
    "Illicit drugs": {
      "text": "significant transit country for cocaine originating in Colombia and Peru, with much of the US-bound cocaine passing through Ecuadorian Pacific waters; importer of precursor chemicals used in production of illicit narcotics; attractive location for cash-placement by drug traffickers laundering money because of dollarization and weak anti-money-laundering regime; increased activity on the northern frontier by trafficking groups and Colombian insurgents (2008)"
    }
  }
}